[2026-07-04 05:03:08,033] DEBUG [weekendr.api] [google_places_service.py:52]: Calling Google Places Nearby Search. LatLng: (18.43, 73.74), Radius: 1000, Type: cafe
[2026-07-04 05:03:08,441] INFO [weekendr.api] [google_places_service.py:68]: Found 0 places nearby coordinates (18.43, 73.74)
[2026-07-04 05:03:08,442] DEBUG [weekendr.api] [google_places_service.py:52]: Calling Google Places Nearby Search. LatLng: (18.43, 73.74), Radius: 1000, Type: coffee_shop
[2026-07-04 05:03:08,540] INFO [weekendr.api] [google_places_service.py:68]: Found 0 places nearby coordinates (18.43, 73.74)
[2026-07-04 05:03:08,540] DEBUG [weekendr.api] [google_places_service.py:52]: Calling Google Places Nearby Search. LatLng: (18.43, 73.74), Radius: 1000, Type: bakery
[2026-07-04 05:03:08,946] INFO [weekendr.api] [google_places_service.py:68]: Found 0 places nearby coordinates (18.43, 73.74)
[2026-07-04 05:03:08,946] DEBUG [weekendr.api] [google_places_service.py:52]: Calling Google Places Nearby Search. LatLng: (18.43, 73.74), Radius: 1000, Type: confectionery
[2026-07-04 05:03:09,353] INFO [weekendr.api] [google_places_service.py:68]: Found 0 places nearby coordinates (18.43, 73.74)
[2026-07-04 05:03:09,354] DEBUG [weekendr.api] [google_places_service.py:52]: Calling Google Places Nearby Search. LatLng: (18.43, 73.74), Radius: 1000, Type: ice_cream_shop
[2026-07-04 05:03:09,750] INFO [weekendr.api] [google_places_service.py:68]: Found 0 places nearby coordinates (18.43, 73.74)
[2026-07-04 05:03:09,750] DEBUG [weekendr.api] [google_places_service.py:52]: Calling Google Places Nearby Search. LatLng: (18.43, 73.74), Radius: 1000, Type: restaurant
[2026-07-04 05:03:09,856] INFO [weekendr.api] [google_places_service.py:68]: Found 0 places nearby coordinates (18.43, 73.74)
[2026-07-04 05:03:09,856] DEBUG [weekendr.api] [google_places_service.py:52]: Calling Google Places Nearby Search. LatLng: (18.43, 73.74), Radius: 1000, Type: meal_takeaway
[2026-07-04 05:03:10,251] INFO [weekendr.api] [google_places_service.py:68]: Found 0 places nearby coordinates (18.43, 73.74)
[2026-07-04 05:03:10,251] DEBUG [weekendr.api] [google_places_service.py:52]: Calling Google Places Nearby Search. LatLng: (18.43, 73.74), Radius: 1000, Type: meal_delivery
[2026-07-04 05:03:10,641] INFO [weekendr.api] [google_places_service.py:68]: Found 0 places nearby coordinates (18.43, 73.74)
[2026-07-04 05:03:10,642] DEBUG [weekendr.api] [google_places_service.py:52]: Calling Google Places Nearby Search. LatLng: (18.43, 73.74), Radius: 1000, Type: bar
[2026-07-04 05:03:11,088] INFO [weekendr.api] [google_places_service.py:68]: Found 0 places nearby coordinates (18.43, 73.74)
[2026-07-04 05:03:11,089] DEBUG [weekendr.api] [google_places_service.py:52]: Calling Google Places Nearby Search. LatLng: (18.43, 73.74), Radius: 1000, Type: night_club
[2026-07-04 05:03:11,493] INFO [weekendr.api] [google_places_service.py:68]: Found 0 places nearby coordinates (18.43, 73.74)
[2026-07-04 05:03:11,493] DEBUG [weekendr.api] [google_places_service.py:52]: Calling Google Places Nearby Search. LatLng: (18.43, 73.74), Radius: 1000, Type: pub
[2026-07-04 05:03:11,911] INFO [weekendr.api] [google_places_service.py:68]: Found 0 places nearby coordinates (18.43, 73.74)
[2026-07-04 05:03:11,911] DEBUG [weekendr.api] [google_places_service.py:52]: Calling Google Places Nearby Search. LatLng: (18.43, 73.74), Radius: 1000, Type: amusement_park
[2026-07-04 05:03:12,138] INFO [weekendr.api] [google_places_service.py:68]: Found 0 places nearby coordinates (18.43, 73.74)
[2026-07-04 05:03:12,138] DEBUG [weekendr.api] [google_places_service.py:52]: Calling Google Places Nearby Search. LatLng: (18.43, 73.74), Radius: 1000, Type: bowling_alley
[2026-07-04 05:03:12,536] INFO [weekendr.api] [google_places_service.py:68]: Found 0 places nearby coordinates (18.43, 73.74)
[2026-07-04 05:03:12,537] DEBUG [weekendr.api] [google_places_service.py:52]: Calling Google Places Nearby Search. LatLng: (18.43, 73.74), Radius: 1000, Type: movie_theater
[2026-07-04 05:03:12,943] INFO [weekendr.api] [google_places_service.py:68]: Found 0 places nearby coordinates (18.43, 73.74)
[2026-07-04 05:03:12,943] DEBUG [weekendr.api] [google_places_service.py:52]: Calling Google Places Nearby Search. LatLng: (18.43, 73.74), Radius: 1000, Type: casino
[2026-07-04 05:03:13,338] INFO [weekendr.api] [google_places_service.py:68]: Found 0 places nearby coordinates (18.43, 73.74)
[2026-07-04 05:03:13,338] DEBUG [weekendr.api] [google_places_service.py:52]: Calling Google Places Nearby Search. LatLng: (18.43, 73.74), Radius: 1000, Type: tourist_attraction
[2026-07-04 05:03:13,741] INFO [weekendr.api] [google_places_service.py:68]: Found 0 places nearby coordinates (18.43, 73.74)
[2026-07-04 05:03:13,742] DEBUG [weekendr.api] [google_places_service.py:52]: Calling Google Places Nearby Search. LatLng: (18.43, 73.74), Radius: 1000, Type: museum
[2026-07-04 05:03:14,136] INFO [weekendr.api] [google_places_service.py:68]: Found 0 places nearby coordinates (18.43, 73.74)
[2026-07-04 05:03:14,137] DEBUG [weekendr.api] [google_places_service.py:52]: Calling Google Places Nearby Search. LatLng: (18.43, 73.74), Radius: 1000, Type: art_gallery
[2026-07-04 05:03:14,542] INFO [weekendr.api] [google_places_service.py:68]: Found 0 places nearby coordinates (18.43, 73.74)
[2026-07-04 05:03:14,543] DEBUG [weekendr.api] [google_places_service.py:52]: Calling Google Places Nearby Search. LatLng: (18.43, 73.74), Radius: 1000, Type: park
[2026-07-04 05:03:14,967] INFO [weekendr.api] [google_places_service.py:68]: Found 0 places nearby coordinates (18.43, 73.74)
[2026-07-04 05:03:14,968] DEBUG [weekendr.api] [google_places_service.py:52]: Calling Google Places Nearby Search. LatLng: (18.43, 73.74), Radius: 1000, Type: campground
[2026-07-04 05:03:15,365] INFO [weekendr.api] [google_places_service.py:68]: Found 0 places nearby coordinates (18.43, 73.74)
[2026-07-04 05:03:15,366] DEBUG [weekendr.api] [google_places_service.py:52]: Calling Google Places Nearby Search. LatLng: (18.43, 73.74), Radius: 1000, Type: zoo
[2026-07-04 05:03:15,471] INFO [weekendr.api] [google_places_service.py:68]: Found 0 places nearby coordinates (18.43, 73.74)
[2026-07-04 05:03:15,472] DEBUG [weekendr.api] [google_places_service.py:52]: Calling Google Places Nearby Search. LatLng: (18.43, 73.74), Radius: 1000, Type: aquarium
[2026-07-04 05:03:15,880] INFO [weekendr.api] [google_places_service.py:68]: Found 0 places nearby coordinates (18.43, 73.74)
[2026-07-04 05:03:15,881] DEBUG [weekendr.api] [google_places_service.py:52]: Calling Google Places Nearby Search. LatLng: (18.43, 73.74), Radius: 1000, Type: shopping_mall
[2026-07-04 05:03:16,273] INFO [weekendr.api] [google_places_service.py:68]: Found 0 places nearby coordinates (18.43, 73.74)
[2026-07-04 05:03:16,273] DEBUG [weekendr.api] [google_places_service.py:52]: Calling Google Places Nearby Search. LatLng: (18.43, 73.74), Radius: 1000, Type: clothing_store
[2026-07-04 05:03:16,670] INFO [weekendr.api] [google_places_service.py:68]: Found 0 places nearby coordinates (18.43, 73.74)
[2026-07-04 05:03:16,671] DEBUG [weekendr.api] [google_places_service.py:52]: Calling Google Places Nearby Search. LatLng: (18.43, 73.74), Radius: 1000, Type: book_store
[2026-07-04 05:03:17,067] INFO [weekendr.api] [google_places_service.py:68]: Found 0 places nearby coordinates (18.43, 73.74)
[2026-07-04 05:03:17,068] DEBUG [weekendr.api] [google_places_service.py:52]: Calling Google Places Nearby Search. LatLng: (18.43, 73.74), Radius: 1000, Type: department_store
[2026-07-04 05:03:17,468] INFO [weekendr.api] [google_places_service.py:68]: Found 0 places nearby coordinates (18.43, 73.74)
[2026-07-04 05:03:17,469] DEBUG [weekendr.api] [google_places_service.py:52]: Calling Google Places Nearby Search. LatLng: (18.43, 73.74), Radius: 1000, Type: shoe_store
[2026-07-04 05:03:17,890] INFO [weekendr.api] [google_places_service.py:68]: Found 0 places nearby coordinates (18.43, 73.74)
[2026-07-04 05:03:17,891] DEBUG [weekendr.api] [google_places_service.py:52]: Calling Google Places Nearby Search. LatLng: (18.43, 73.755), Radius: 1000, Type: cafe
[2026-07-04 05:03:17,989] INFO [weekendr.api] [google_places_service.py:68]: Found 0 places nearby coordinates (18.43, 73.755)
[2026-07-04 05:03:17,990] DEBUG [weekendr.api] [google_places_service.py:52]: Calling Google Places Nearby Search. LatLng: (18.43, 73.755), Radius: 1000, Type: coffee_shop
[2026-07-04 05:03:18,401] INFO [weekendr.api] [google_places_service.py:68]: Found 0 places nearby coordinates (18.43, 73.755)
[2026-07-04 05:03:18,401] DEBUG [weekendr.api] [google_places_service.py:52]: Calling Google Places Nearby Search. LatLng: (18.43, 73.755), Radius: 1000, Type: bakery
[2026-07-04 05:03:18,803] INFO [weekendr.api] [google_places_service.py:68]: Found 0 places nearby coordinates (18.43, 73.755)
[2026-07-04 05:03:18,804] DEBUG [weekendr.api] [google_places_service.py:52]: Calling Google Places Nearby Search. LatLng: (18.43, 73.755), Radius: 1000, Type: confectionery
[2026-07-04 05:03:19,200] INFO [weekendr.api] [google_places_service.py:68]: Found 0 places nearby coordinates (18.43, 73.755)
[2026-07-04 05:03:19,201] DEBUG [weekendr.api] [google_places_service.py:52]: Calling Google Places Nearby Search. LatLng: (18.43, 73.755), Radius: 1000, Type: ice_cream_shop
[2026-07-04 05:03:19,602] INFO [weekendr.api] [google_places_service.py:68]: Found 0 places nearby coordinates (18.43, 73.755)
[2026-07-04 05:03:19,603] DEBUG [weekendr.api] [google_places_service.py:52]: Calling Google Places Nearby Search. LatLng: (18.43, 73.755), Radius: 1000, Type: restaurant
[2026-07-04 05:03:20,002] INFO [weekendr.api] [google_places_service.py:68]: Found 0 places nearby coordinates (18.43, 73.755)
[2026-07-04 05:03:20,003] DEBUG [weekendr.api] [google_places_service.py:52]: Calling Google Places Nearby Search. LatLng: (18.43, 73.755), Radius: 1000, Type: meal_takeaway
[2026-07-04 05:03:20,401] INFO [weekendr.api] [google_places_service.py:68]: Found 0 places nearby coordinates (18.43, 73.755)
[2026-07-04 05:03:20,402] DEBUG [weekendr.api] [google_places_service.py:52]: Calling Google Places Nearby Search. LatLng: (18.43, 73.755), Radius: 1000, Type: meal_delivery
[2026-07-04 05:03:20,792] INFO [weekendr.api] [google_places_service.py:68]: Found 0 places nearby coordinates (18.43, 73.755)
[2026-07-04 05:03:20,793] DEBUG [weekendr.api] [google_places_service.py:52]: Calling Google Places Nearby Search. LatLng: (18.43, 73.755), Radius: 1000, Type: bar
[2026-07-04 05:03:21,188] INFO [weekendr.api] [google_places_service.py:68]: Found 0 places nearby coordinates (18.43, 73.755)
[2026-07-04 05:03:21,188] DEBUG [weekendr.api] [google_places_service.py:52]: Calling Google Places Nearby Search. LatLng: (18.43, 73.755), Radius: 1000, Type: night_club
[2026-07-04 05:03:21,588] INFO [weekendr.api] [google_places_service.py:68]: Found 0 places nearby coordinates (18.43, 73.755)
[2026-07-04 05:03:21,588] DEBUG [weekendr.api] [google_places_service.py:52]: Calling Google Places Nearby Search. LatLng: (18.43, 73.755), Radius: 1000, Type: pub
[2026-07-04 05:03:21,692] INFO [weekendr.api] [google_places_service.py:68]: Found 0 places nearby coordinates (18.43, 73.755)
[2026-07-04 05:03:21,692] DEBUG [weekendr.api] [google_places_service.py:52]: Calling Google Places Nearby Search. LatLng: (18.43, 73.755), Radius: 1000, Type: amusement_park
[2026-07-04 05:03:21,790] INFO [weekendr.api] [google_places_service.py:68]: Found 0 places nearby coordinates (18.43, 73.755)
[2026-07-04 05:03:21,790] DEBUG [weekendr.api] [google_places_service.py:52]: Calling Google Places Nearby Search. LatLng: (18.43, 73.755), Radius: 1000, Type: bowling_alley
[2026-07-04 05:03:22,184] INFO [weekendr.api] [google_places_service.py:68]: Found 0 places nearby coordinates (18.43, 73.755)
[2026-07-04 05:03:22,185] DEBUG [weekendr.api] [google_places_service.py:52]: Calling Google Places Nearby Search. LatLng: (18.43, 73.755), Radius: 1000, Type: movie_theater
[2026-07-04 05:03:22,600] INFO [weekendr.api] [google_places_service.py:68]: Found 0 places nearby coordinates (18.43, 73.755)
[2026-07-04 05:03:22,601] DEBUG [weekendr.api] [google_places_service.py:52]: Calling Google Places Nearby Search. LatLng: (18.43, 73.755), Radius: 1000, Type: casino
[2026-07-04 05:03:23,005] INFO [weekendr.api] [google_places_service.py:68]: Found 0 places nearby coordinates (18.43, 73.755)
[2026-07-04 05:03:23,005] DEBUG [weekendr.api] [google_places_service.py:52]: Calling Google Places Nearby Search. LatLng: (18.43, 73.755), Radius: 1000, Type: tourist_attraction
[2026-07-04 05:03:23,405] INFO [weekendr.api] [google_places_service.py:68]: Found 0 places nearby coordinates (18.43, 73.755)
[2026-07-04 05:03:23,405] DEBUG [weekendr.api] [google_places_service.py:52]: Calling Google Places Nearby Search. LatLng: (18.43, 73.755), Radius: 1000, Type: museum
[2026-07-04 05:03:23,810] INFO [weekendr.api] [google_places_service.py:68]: Found 0 places nearby coordinates (18.43, 73.755)
[2026-07-04 05:03:23,811] DEBUG [weekendr.api] [google_places_service.py:52]: Calling Google Places Nearby Search. LatLng: (18.43, 73.755), Radius: 1000, Type: art_gallery
[2026-07-04 05:03:24,219] INFO [weekendr.api] [google_places_service.py:68]: Found 0 places nearby coordinates (18.43, 73.755)
[2026-07-04 05:03:24,219] DEBUG [weekendr.api] [google_places_service.py:52]: Calling Google Places Nearby Search. LatLng: (18.43, 73.755), Radius: 1000, Type: park
[2026-07-04 05:03:24,620] INFO [weekendr.api] [google_places_service.py:68]: Found 0 places nearby coordinates (18.43, 73.755)
[2026-07-04 05:03:24,620] DEBUG [weekendr.api] [google_places_service.py:52]: Calling Google Places Nearby Search. LatLng: (18.43, 73.755), Radius: 1000, Type: campground
[2026-07-04 05:03:25,021] INFO [weekendr.api] [google_places_service.py:68]: Found 0 places nearby coordinates (18.43, 73.755)
[2026-07-04 05:03:25,022] DEBUG [weekendr.api] [google_places_service.py:52]: Calling Google Places Nearby Search. LatLng: (18.43, 73.755), Radius: 1000, Type: zoo
[2026-07-04 05:03:25,416] INFO [weekendr.api] [google_places_service.py:68]: Found 0 places nearby coordinates (18.43, 73.755)
[2026-07-04 05:03:25,417] DEBUG [weekendr.api] [google_places_service.py:52]: Calling Google Places Nearby Search. LatLng: (18.43, 73.755), Radius: 1000, Type: aquarium
[2026-07-04 05:03:25,817] INFO [weekendr.api] [google_places_service.py:68]: Found 0 places nearby coordinates (18.43, 73.755)
[2026-07-04 05:03:25,818] DEBUG [weekendr.api] [google_places_service.py:52]: Calling Google Places Nearby Search. LatLng: (18.43, 73.755), Radius: 1000, Type: shopping_mall
[2026-07-04 05:03:25,932] INFO [weekendr.api] [google_places_service.py:68]: Found 0 places nearby coordinates (18.43, 73.755)
[2026-07-04 05:03:25,933] DEBUG [weekendr.api] [google_places_service.py:52]: Calling Google Places Nearby Search. LatLng: (18.43, 73.755), Radius: 1000, Type: clothing_store
[2026-07-04 05:03:26,337] INFO [weekendr.api] [google_places_service.py:68]: Found 0 places nearby coordinates (18.43, 73.755)
[2026-07-04 05:03:26,337] DEBUG [weekendr.api] [google_places_service.py:52]: Calling Google Places Nearby Search. LatLng: (18.43, 73.755), Radius: 1000, Type: book_store
[2026-07-04 05:03:26,740] INFO [weekendr.api] [google_places_service.py:68]: Found 0 places nearby coordinates (18.43, 73.755)
[2026-07-04 05:03:26,741] DEBUG [weekendr.api] [google_places_service.py:52]: Calling Google Places Nearby Search. LatLng: (18.43, 73.755), Radius: 1000, Type: department_store
[2026-07-04 05:03:27,142] INFO [weekendr.api] [google_places_service.py:68]: Found 0 places nearby coordinates (18.43, 73.755)
[2026-07-04 05:03:27,142] DEBUG [weekendr.api] [google_places_service.py:52]: Calling Google Places Nearby Search. LatLng: (18.43, 73.755), Radius: 1000, Type: shoe_store
[2026-07-04 05:03:27,539] INFO [weekendr.api] [google_places_service.py:68]: Found 0 places nearby coordinates (18.43, 73.755)
[2026-07-04 05:03:27,540] DEBUG [weekendr.api] [google_places_service.py:52]: Calling Google Places Nearby Search. LatLng: (18.43, 73.77), Radius: 1000, Type: cafe
[2026-07-04 05:03:27,953] INFO [weekendr.api] [google_places_service.py:68]: Found 0 places nearby coordinates (18.43, 73.77)
[2026-07-04 05:03:27,954] DEBUG [weekendr.api] [google_places_service.py:52]: Calling Google Places Nearby Search. LatLng: (18.43, 73.77), Radius: 1000, Type: coffee_shop
[2026-07-04 05:03:28,357] INFO [weekendr.api] [google_places_service.py:68]: Found 0 places nearby coordinates (18.43, 73.77)
[2026-07-04 05:03:28,357] DEBUG [weekendr.api] [google_places_service.py:52]: Calling Google Places Nearby Search. LatLng: (18.43, 73.77), Radius: 1000, Type: bakery
[2026-07-04 05:03:28,753] INFO [weekendr.api] [google_places_service.py:68]: Found 0 places nearby coordinates (18.43, 73.77)
[2026-07-04 05:03:28,753] DEBUG [weekendr.api] [google_places_service.py:52]: Calling Google Places Nearby Search. LatLng: (18.43, 73.77), Radius: 1000, Type: confectionery
[2026-07-04 05:03:29,143] INFO [weekendr.api] [google_places_service.py:68]: Found 0 places nearby coordinates (18.43, 73.77)
[2026-07-04 05:03:29,143] DEBUG [weekendr.api] [google_places_service.py:52]: Calling Google Places Nearby Search. LatLng: (18.43, 73.77), Radius: 1000, Type: ice_cream_shop
[2026-07-04 05:03:29,235] INFO [weekendr.api] [google_places_service.py:68]: Found 0 places nearby coordinates (18.43, 73.77)
[2026-07-04 05:03:29,235] DEBUG [weekendr.api] [google_places_service.py:52]: Calling Google Places Nearby Search. LatLng: (18.43, 73.77), Radius: 1000, Type: restaurant
[2026-07-04 05:03:29,629] INFO [weekendr.api] [google_places_service.py:68]: Found 0 places nearby coordinates (18.43, 73.77)
[2026-07-04 05:03:29,630] DEBUG [weekendr.api] [google_places_service.py:52]: Calling Google Places Nearby Search. LatLng: (18.43, 73.77), Radius: 1000, Type: meal_takeaway
[2026-07-04 05:03:30,021] INFO [weekendr.api] [google_places_service.py:68]: Found 0 places nearby coordinates (18.43, 73.77)
[2026-07-04 05:03:30,021] DEBUG [weekendr.api] [google_places_service.py:52]: Calling Google Places Nearby Search. LatLng: (18.43, 73.77), Radius: 1000, Type: meal_delivery
[2026-07-04 05:03:30,420] INFO [weekendr.api] [google_places_service.py:68]: Found 0 places nearby coordinates (18.43, 73.77)
[2026-07-04 05:03:30,420] DEBUG [weekendr.api] [google_places_service.py:52]: Calling Google Places Nearby Search. LatLng: (18.43, 73.77), Radius: 1000, Type: bar
[2026-07-04 05:03:30,814] INFO [weekendr.api] [google_places_service.py:68]: Found 0 places nearby coordinates (18.43, 73.77)
[2026-07-04 05:03:30,815] DEBUG [weekendr.api] [google_places_service.py:52]: Calling Google Places Nearby Search. LatLng: (18.43, 73.77), Radius: 1000, Type: night_club
[2026-07-04 05:03:31,217] INFO [weekendr.api] [google_places_service.py:68]: Found 0 places nearby coordinates (18.43, 73.77)
[2026-07-04 05:03:31,217] DEBUG [weekendr.api] [google_places_service.py:52]: Calling Google Places Nearby Search. LatLng: (18.43, 73.77), Radius: 1000, Type: pub
[2026-07-04 05:03:31,624] INFO [weekendr.api] [google_places_service.py:68]: Found 0 places nearby coordinates (18.43, 73.77)
[2026-07-04 05:03:31,625] DEBUG [weekendr.api] [google_places_service.py:52]: Calling Google Places Nearby Search. LatLng: (18.43, 73.77), Radius: 1000, Type: amusement_park
[2026-07-04 05:03:32,016] INFO [weekendr.api] [google_places_service.py:68]: Found 0 places nearby coordinates (18.43, 73.77)
[2026-07-04 05:03:32,016] DEBUG [weekendr.api] [google_places_service.py:52]: Calling Google Places Nearby Search. LatLng: (18.43, 73.77), Radius: 1000, Type: bowling_alley
[2026-07-04 05:03:32,419] INFO [weekendr.api] [google_places_service.py:68]: Found 0 places nearby coordinates (18.43, 73.77)
[2026-07-04 05:03:32,420] DEBUG [weekendr.api] [google_places_service.py:52]: Calling Google Places Nearby Search. LatLng: (18.43, 73.77), Radius: 1000, Type: movie_theater
[2026-07-04 05:03:32,814] INFO [weekendr.api] [google_places_service.py:68]: Found 0 places nearby coordinates (18.43, 73.77)
[2026-07-04 05:03:32,815] DEBUG [weekendr.api] [google_places_service.py:52]: Calling Google Places Nearby Search. LatLng: (18.43, 73.77), Radius: 1000, Type: casino
[2026-07-04 05:03:33,234] INFO [weekendr.api] [google_places_service.py:68]: Found 0 places nearby coordinates (18.43, 73.77)
[2026-07-04 05:03:33,235] DEBUG [weekendr.api] [google_places_service.py:52]: Calling Google Places Nearby Search. LatLng: (18.43, 73.77), Radius: 1000, Type: tourist_attraction
[2026-07-04 05:03:33,632] INFO [weekendr.api] [google_places_service.py:68]: Found 0 places nearby coordinates (18.43, 73.77)
[2026-07-04 05:03:33,633] DEBUG [weekendr.api] [google_places_service.py:52]: Calling Google Places Nearby Search. LatLng: (18.43, 73.77), Radius: 1000, Type: museum
[2026-07-04 05:03:33,733] INFO [weekendr.api] [google_places_service.py:68]: Found 0 places nearby coordinates (18.43, 73.77)
[2026-07-04 05:03:33,734] DEBUG [weekendr.api] [google_places_service.py:52]: Calling Google Places Nearby Search. LatLng: (18.43, 73.77), Radius: 1000, Type: art_gallery
[2026-07-04 05:03:34,122] INFO [weekendr.api] [google_places_service.py:68]: Found 0 places nearby coordinates (18.43, 73.77)
[2026-07-04 05:03:34,123] DEBUG [weekendr.api] [google_places_service.py:52]: Calling Google Places Nearby Search. LatLng: (18.43, 73.77), Radius: 1000, Type: park
[2026-07-04 05:03:34,533] INFO [weekendr.api] [google_places_service.py:68]: Found 0 places nearby coordinates (18.43, 73.77)
[2026-07-04 05:03:34,534] DEBUG [weekendr.api] [google_places_service.py:52]: Calling Google Places Nearby Search. LatLng: (18.43, 73.77), Radius: 1000, Type: campground
[2026-07-04 05:03:34,628] INFO [weekendr.api] [google_places_service.py:68]: Found 0 places nearby coordinates (18.43, 73.77)
[2026-07-04 05:03:34,629] DEBUG [weekendr.api] [google_places_service.py:52]: Calling Google Places Nearby Search. LatLng: (18.43, 73.77), Radius: 1000, Type: zoo
[2026-07-04 05:03:35,051] INFO [weekendr.api] [google_places_service.py:68]: Found 0 places nearby coordinates (18.43, 73.77)
[2026-07-04 05:03:35,052] DEBUG [weekendr.api] [google_places_service.py:52]: Calling Google Places Nearby Search. LatLng: (18.43, 73.77), Radius: 1000, Type: aquarium
[2026-07-04 05:03:35,159] INFO [weekendr.api] [google_places_service.py:68]: Found 0 places nearby coordinates (18.43, 73.77)
[2026-07-04 05:03:35,159] DEBUG [weekendr.api] [google_places_service.py:52]: Calling Google Places Nearby Search. LatLng: (18.43, 73.77), Radius: 1000, Type: shopping_mall
[2026-07-04 05:03:35,573] INFO [weekendr.api] [google_places_service.py:68]: Found 0 places nearby coordinates (18.43, 73.77)
[2026-07-04 05:03:35,574] DEBUG [weekendr.api] [google_places_service.py:52]: Calling Google Places Nearby Search. LatLng: (18.43, 73.77), Radius: 1000, Type: clothing_store
[2026-07-04 05:03:35,969] INFO [weekendr.api] [google_places_service.py:68]: Found 0 places nearby coordinates (18.43, 73.77)
[2026-07-04 05:03:35,969] DEBUG [weekendr.api] [google_places_service.py:52]: Calling Google Places Nearby Search. LatLng: (18.43, 73.77), Radius: 1000, Type: book_store
[2026-07-04 05:03:36,375] INFO [weekendr.api] [google_places_service.py:68]: Found 0 places nearby coordinates (18.43, 73.77)
[2026-07-04 05:03:36,376] DEBUG [weekendr.api] [google_places_service.py:52]: Calling Google Places Nearby Search. LatLng: (18.43, 73.77), Radius: 1000, Type: department_store
[2026-07-04 05:03:36,768] INFO [weekendr.api] [google_places_service.py:68]: Found 0 places nearby coordinates (18.43, 73.77)
[2026-07-04 05:03:36,768] DEBUG [weekendr.api] [google_places_service.py:52]: Calling Google Places Nearby Search. LatLng: (18.43, 73.77), Radius: 1000, Type: shoe_store
[2026-07-04 05:03:37,159] INFO [weekendr.api] [google_places_service.py:68]: Found 0 places nearby coordinates (18.43, 73.77)
[2026-07-04 05:03:37,160] DEBUG [weekendr.api] [google_places_service.py:52]: Calling Google Places Nearby Search. LatLng: (18.43, 73.785), Radius: 1000, Type: cafe
[2026-07-04 05:03:37,577] INFO [weekendr.api] [google_places_service.py:68]: Found 0 places nearby coordinates (18.43, 73.785)
[2026-07-04 05:03:37,578] DEBUG [weekendr.api] [google_places_service.py:52]: Calling Google Places Nearby Search. LatLng: (18.43, 73.785), Radius: 1000, Type: coffee_shop
[2026-07-04 05:03:37,984] INFO [weekendr.api] [google_places_service.py:68]: Found 0 places nearby coordinates (18.43, 73.785)
[2026-07-04 05:03:37,984] DEBUG [weekendr.api] [google_places_service.py:52]: Calling Google Places Nearby Search. LatLng: (18.43, 73.785), Radius: 1000, Type: bakery
[2026-07-04 05:03:38,375] INFO [weekendr.api] [google_places_service.py:68]: Found 0 places nearby coordinates (18.43, 73.785)
[2026-07-04 05:03:38,376] DEBUG [weekendr.api] [google_places_service.py:52]: Calling Google Places Nearby Search. LatLng: (18.43, 73.785), Radius: 1000, Type: confectionery
[2026-07-04 05:03:38,792] INFO [weekendr.api] [google_places_service.py:68]: Found 0 places nearby coordinates (18.43, 73.785)
[2026-07-04 05:03:38,792] DEBUG [weekendr.api] [google_places_service.py:52]: Calling Google Places Nearby Search. LatLng: (18.43, 73.785), Radius: 1000, Type: ice_cream_shop
[2026-07-04 05:03:39,193] INFO [weekendr.api] [google_places_service.py:68]: Found 0 places nearby coordinates (18.43, 73.785)
[2026-07-04 05:03:39,193] DEBUG [weekendr.api] [google_places_service.py:52]: Calling Google Places Nearby Search. LatLng: (18.43, 73.785), Radius: 1000, Type: restaurant
[2026-07-04 05:03:39,589] INFO [weekendr.api] [google_places_service.py:68]: Found 0 places nearby coordinates (18.43, 73.785)
[2026-07-04 05:03:39,590] DEBUG [weekendr.api] [google_places_service.py:52]: Calling Google Places Nearby Search. LatLng: (18.43, 73.785), Radius: 1000, Type: meal_takeaway
[2026-07-04 05:03:39,705] INFO [weekendr.api] [google_places_service.py:68]: Found 0 places nearby coordinates (18.43, 73.785)
[2026-07-04 05:03:39,706] DEBUG [weekendr.api] [google_places_service.py:52]: Calling Google Places Nearby Search. LatLng: (18.43, 73.785), Radius: 1000, Type: meal_delivery
[2026-07-04 05:03:40,136] INFO [weekendr.api] [google_places_service.py:68]: Found 0 places nearby coordinates (18.43, 73.785)
[2026-07-04 05:03:40,137] DEBUG [weekendr.api] [google_places_service.py:52]: Calling Google Places Nearby Search. LatLng: (18.43, 73.785), Radius: 1000, Type: bar
[2026-07-04 05:03:40,532] INFO [weekendr.api] [google_places_service.py:68]: Found 0 places nearby coordinates (18.43, 73.785)
[2026-07-04 05:03:40,533] DEBUG [weekendr.api] [google_places_service.py:52]: Calling Google Places Nearby Search. LatLng: (18.43, 73.785), Radius: 1000, Type: night_club
[2026-07-04 05:03:40,930] INFO [weekendr.api] [google_places_service.py:68]: Found 0 places nearby coordinates (18.43, 73.785)
[2026-07-04 05:03:40,932] DEBUG [weekendr.api] [google_places_service.py:52]: Calling Google Places Nearby Search. LatLng: (18.43, 73.785), Radius: 1000, Type: pub
[2026-07-04 05:03:41,322] INFO [weekendr.api] [google_places_service.py:68]: Found 0 places nearby coordinates (18.43, 73.785)
[2026-07-04 05:03:41,323] DEBUG [weekendr.api] [google_places_service.py:52]: Calling Google Places Nearby Search. LatLng: (18.43, 73.785), Radius: 1000, Type: amusement_park
[2026-07-04 05:03:41,731] INFO [weekendr.api] [google_places_service.py:68]: Found 0 places nearby coordinates (18.43, 73.785)
[2026-07-04 05:03:41,733] DEBUG [weekendr.api] [google_places_service.py:52]: Calling Google Places Nearby Search. LatLng: (18.43, 73.785), Radius: 1000, Type: bowling_alley
[2026-07-04 05:03:42,120] INFO [weekendr.api] [google_places_service.py:68]: Found 0 places nearby coordinates (18.43, 73.785)
[2026-07-04 05:03:42,121] DEBUG [weekendr.api] [google_places_service.py:52]: Calling Google Places Nearby Search. LatLng: (18.43, 73.785), Radius: 1000, Type: movie_theater
[2026-07-04 05:03:42,510] INFO [weekendr.api] [google_places_service.py:68]: Found 0 places nearby coordinates (18.43, 73.785)
[2026-07-04 05:03:42,511] DEBUG [weekendr.api] [google_places_service.py:52]: Calling Google Places Nearby Search. LatLng: (18.43, 73.785), Radius: 1000, Type: casino
[2026-07-04 05:03:42,603] INFO [weekendr.api] [google_places_service.py:68]: Found 0 places nearby coordinates (18.43, 73.785)
[2026-07-04 05:03:42,603] DEBUG [weekendr.api] [google_places_service.py:52]: Calling Google Places Nearby Search. LatLng: (18.43, 73.785), Radius: 1000, Type: tourist_attraction
[2026-07-04 05:03:42,999] INFO [weekendr.api] [google_places_service.py:68]: Found 0 places nearby coordinates (18.43, 73.785)
[2026-07-04 05:03:43,000] DEBUG [weekendr.api] [google_places_service.py:52]: Calling Google Places Nearby Search. LatLng: (18.43, 73.785), Radius: 1000, Type: museum
[2026-07-04 05:03:43,393] INFO [weekendr.api] [google_places_service.py:68]: Found 0 places nearby coordinates (18.43, 73.785)
[2026-07-04 05:03:43,393] DEBUG [weekendr.api] [google_places_service.py:52]: Calling Google Places Nearby Search. LatLng: (18.43, 73.785), Radius: 1000, Type: art_gallery
[2026-07-04 05:03:43,782] INFO [weekendr.api] [google_places_service.py:68]: Found 0 places nearby coordinates (18.43, 73.785)
[2026-07-04 05:03:43,783] DEBUG [weekendr.api] [google_places_service.py:52]: Calling Google Places Nearby Search. LatLng: (18.43, 73.785), Radius: 1000, Type: park
[2026-07-04 05:03:44,172] INFO [weekendr.api] [google_places_service.py:68]: Found 0 places nearby coordinates (18.43, 73.785)
[2026-07-04 05:03:44,172] DEBUG [weekendr.api] [google_places_service.py:52]: Calling Google Places Nearby Search. LatLng: (18.43, 73.785), Radius: 1000, Type: campground
[2026-07-04 05:03:44,561] INFO [weekendr.api] [google_places_service.py:68]: Found 0 places nearby coordinates (18.43, 73.785)
[2026-07-04 05:03:44,562] DEBUG [weekendr.api] [google_places_service.py:52]: Calling Google Places Nearby Search. LatLng: (18.43, 73.785), Radius: 1000, Type: zoo
[2026-07-04 05:03:44,655] INFO [weekendr.api] [google_places_service.py:68]: Found 0 places nearby coordinates (18.43, 73.785)
[2026-07-04 05:03:44,656] DEBUG [weekendr.api] [google_places_service.py:52]: Calling Google Places Nearby Search. LatLng: (18.43, 73.785), Radius: 1000, Type: aquarium
[2026-07-04 05:03:44,755] INFO [weekendr.api] [google_places_service.py:68]: Found 0 places nearby coordinates (18.43, 73.785)
[2026-07-04 05:03:44,756] DEBUG [weekendr.api] [google_places_service.py:52]: Calling Google Places Nearby Search. LatLng: (18.43, 73.785), Radius: 1000, Type: shopping_mall
[2026-07-04 05:03:45,155] INFO [weekendr.api] [google_places_service.py:68]: Found 0 places nearby coordinates (18.43, 73.785)
[2026-07-04 05:03:45,156] DEBUG [weekendr.api] [google_places_service.py:52]: Calling Google Places Nearby Search. LatLng: (18.43, 73.785), Radius: 1000, Type: clothing_store
[2026-07-04 05:03:45,550] INFO [weekendr.api] [google_places_service.py:68]: Found 0 places nearby coordinates (18.43, 73.785)
[2026-07-04 05:03:45,551] DEBUG [weekendr.api] [google_places_service.py:52]: Calling Google Places Nearby Search. LatLng: (18.43, 73.785), Radius: 1000, Type: book_store
[2026-07-04 05:03:45,948] INFO [weekendr.api] [google_places_service.py:68]: Found 0 places nearby coordinates (18.43, 73.785)
[2026-07-04 05:03:45,948] DEBUG [weekendr.api] [google_places_service.py:52]: Calling Google Places Nearby Search. LatLng: (18.43, 73.785), Radius: 1000, Type: department_store
[2026-07-04 05:03:46,048] INFO [weekendr.api] [google_places_service.py:68]: Found 0 places nearby coordinates (18.43, 73.785)
[2026-07-04 05:03:46,049] DEBUG [weekendr.api] [google_places_service.py:52]: Calling Google Places Nearby Search. LatLng: (18.43, 73.785), Radius: 1000, Type: shoe_store
[2026-07-04 05:03:46,439] INFO [weekendr.api] [google_places_service.py:68]: Found 0 places nearby coordinates (18.43, 73.785)
[2026-07-04 05:03:46,440] DEBUG [weekendr.api] [google_places_service.py:52]: Calling Google Places Nearby Search. LatLng: (18.43, 73.8), Radius: 1000, Type: cafe
[2026-07-04 05:03:46,836] INFO [weekendr.api] [google_places_service.py:68]: Found 0 places nearby coordinates (18.43, 73.8)
[2026-07-04 05:03:46,837] DEBUG [weekendr.api] [google_places_service.py:52]: Calling Google Places Nearby Search. LatLng: (18.43, 73.8), Radius: 1000, Type: coffee_shop
[2026-07-04 05:03:47,236] INFO [weekendr.api] [google_places_service.py:68]: Found 0 places nearby coordinates (18.43, 73.8)
[2026-07-04 05:03:47,237] DEBUG [weekendr.api] [google_places_service.py:52]: Calling Google Places Nearby Search. LatLng: (18.43, 73.8), Radius: 1000, Type: bakery
[2026-07-04 05:03:47,654] INFO [weekendr.api] [google_places_service.py:68]: Found 0 places nearby coordinates (18.43, 73.8)
[2026-07-04 05:03:47,654] DEBUG [weekendr.api] [google_places_service.py:52]: Calling Google Places Nearby Search. LatLng: (18.43, 73.8), Radius: 1000, Type: confectionery
[2026-07-04 05:03:48,060] INFO [weekendr.api] [google_places_service.py:68]: Found 0 places nearby coordinates (18.43, 73.8)
[2026-07-04 05:03:48,061] DEBUG [weekendr.api] [google_places_service.py:52]: Calling Google Places Nearby Search. LatLng: (18.43, 73.8), Radius: 1000, Type: ice_cream_shop
[2026-07-04 05:03:48,488] INFO [weekendr.api] [google_places_service.py:68]: Found 0 places nearby coordinates (18.43, 73.8)
[2026-07-04 05:03:48,489] DEBUG [weekendr.api] [google_places_service.py:52]: Calling Google Places Nearby Search. LatLng: (18.43, 73.8), Radius: 1000, Type: restaurant
[2026-07-04 05:03:48,881] INFO [weekendr.api] [google_places_service.py:68]: Found 0 places nearby coordinates (18.43, 73.8)
[2026-07-04 05:03:48,883] DEBUG [weekendr.api] [google_places_service.py:52]: Calling Google Places Nearby Search. LatLng: (18.43, 73.8), Radius: 1000, Type: meal_takeaway
[2026-07-04 05:03:49,274] INFO [weekendr.api] [google_places_service.py:68]: Found 0 places nearby coordinates (18.43, 73.8)
[2026-07-04 05:03:49,274] DEBUG [weekendr.api] [google_places_service.py:52]: Calling Google Places Nearby Search. LatLng: (18.43, 73.8), Radius: 1000, Type: meal_delivery
[2026-07-04 05:03:49,668] INFO [weekendr.api] [google_places_service.py:68]: Found 0 places nearby coordinates (18.43, 73.8)
[2026-07-04 05:03:49,668] DEBUG [weekendr.api] [google_places_service.py:52]: Calling Google Places Nearby Search. LatLng: (18.43, 73.8), Radius: 1000, Type: bar
[2026-07-04 05:03:50,067] INFO [weekendr.api] [google_places_service.py:68]: Found 0 places nearby coordinates (18.43, 73.8)
[2026-07-04 05:03:50,067] DEBUG [weekendr.api] [google_places_service.py:52]: Calling Google Places Nearby Search. LatLng: (18.43, 73.8), Radius: 1000, Type: night_club
[2026-07-04 05:03:50,462] INFO [weekendr.api] [google_places_service.py:68]: Found 0 places nearby coordinates (18.43, 73.8)
[2026-07-04 05:03:50,464] DEBUG [weekendr.api] [google_places_service.py:52]: Calling Google Places Nearby Search. LatLng: (18.43, 73.8), Radius: 1000, Type: pub
[2026-07-04 05:03:50,868] INFO [weekendr.api] [google_places_service.py:68]: Found 0 places nearby coordinates (18.43, 73.8)
[2026-07-04 05:03:50,868] DEBUG [weekendr.api] [google_places_service.py:52]: Calling Google Places Nearby Search. LatLng: (18.43, 73.8), Radius: 1000, Type: amusement_park
[2026-07-04 05:03:51,025] INFO [weekendr.api] [google_places_service.py:68]: Found 0 places nearby coordinates (18.43, 73.8)
[2026-07-04 05:03:51,026] DEBUG [weekendr.api] [google_places_service.py:52]: Calling Google Places Nearby Search. LatLng: (18.43, 73.8), Radius: 1000, Type: bowling_alley
[2026-07-04 05:03:51,421] INFO [weekendr.api] [google_places_service.py:68]: Found 0 places nearby coordinates (18.43, 73.8)
[2026-07-04 05:03:51,422] DEBUG [weekendr.api] [google_places_service.py:52]: Calling Google Places Nearby Search. LatLng: (18.43, 73.8), Radius: 1000, Type: movie_theater
[2026-07-04 05:03:51,816] INFO [weekendr.api] [google_places_service.py:68]: Found 0 places nearby coordinates (18.43, 73.8)
[2026-07-04 05:03:51,817] DEBUG [weekendr.api] [google_places_service.py:52]: Calling Google Places Nearby Search. LatLng: (18.43, 73.8), Radius: 1000, Type: casino
[2026-07-04 05:03:52,203] INFO [weekendr.api] [google_places_service.py:68]: Found 0 places nearby coordinates (18.43, 73.8)
[2026-07-04 05:03:52,203] DEBUG [weekendr.api] [google_places_service.py:52]: Calling Google Places Nearby Search. LatLng: (18.43, 73.8), Radius: 1000, Type: tourist_attraction
[2026-07-04 05:03:52,603] INFO [weekendr.api] [google_places_service.py:68]: Found 0 places nearby coordinates (18.43, 73.8)
[2026-07-04 05:03:52,603] DEBUG [weekendr.api] [google_places_service.py:52]: Calling Google Places Nearby Search. LatLng: (18.43, 73.8), Radius: 1000, Type: museum
[2026-07-04 05:03:53,008] INFO [weekendr.api] [google_places_service.py:68]: Found 0 places nearby coordinates (18.43, 73.8)
[2026-07-04 05:03:53,008] DEBUG [weekendr.api] [google_places_service.py:52]: Calling Google Places Nearby Search. LatLng: (18.43, 73.8), Radius: 1000, Type: art_gallery
[2026-07-04 05:03:53,402] INFO [weekendr.api] [google_places_service.py:68]: Found 0 places nearby coordinates (18.43, 73.8)
[2026-07-04 05:03:53,402] DEBUG [weekendr.api] [google_places_service.py:52]: Calling Google Places Nearby Search. LatLng: (18.43, 73.8), Radius: 1000, Type: park
[2026-07-04 05:03:53,803] INFO [weekendr.api] [google_places_service.py:68]: Found 0 places nearby coordinates (18.43, 73.8)
[2026-07-04 05:03:53,804] DEBUG [weekendr.api] [google_places_service.py:52]: Calling Google Places Nearby Search. LatLng: (18.43, 73.8), Radius: 1000, Type: campground
[2026-07-04 05:03:54,205] INFO [weekendr.api] [google_places_service.py:68]: Found 0 places nearby coordinates (18.43, 73.8)
[2026-07-04 05:03:54,206] DEBUG [weekendr.api] [google_places_service.py:52]: Calling Google Places Nearby Search. LatLng: (18.43, 73.8), Radius: 1000, Type: zoo
[2026-07-04 05:03:54,603] INFO [weekendr.api] [google_places_service.py:68]: Found 0 places nearby coordinates (18.43, 73.8)
[2026-07-04 05:03:54,603] DEBUG [weekendr.api] [google_places_service.py:52]: Calling Google Places Nearby Search. LatLng: (18.43, 73.8), Radius: 1000, Type: aquarium
[2026-07-04 05:03:54,998] INFO [weekendr.api] [google_places_service.py:68]: Found 0 places nearby coordinates (18.43, 73.8)
[2026-07-04 05:03:54,999] DEBUG [weekendr.api] [google_places_service.py:52]: Calling Google Places Nearby Search. LatLng: (18.43, 73.8), Radius: 1000, Type: shopping_mall
[2026-07-04 05:03:55,392] INFO [weekendr.api] [google_places_service.py:68]: Found 0 places nearby coordinates (18.43, 73.8)
[2026-07-04 05:03:55,393] DEBUG [weekendr.api] [google_places_service.py:52]: Calling Google Places Nearby Search. LatLng: (18.43, 73.8), Radius: 1000, Type: clothing_store
[2026-07-04 05:03:55,789] INFO [weekendr.api] [google_places_service.py:68]: Found 0 places nearby coordinates (18.43, 73.8)
[2026-07-04 05:03:55,790] DEBUG [weekendr.api] [google_places_service.py:52]: Calling Google Places Nearby Search. LatLng: (18.43, 73.8), Radius: 1000, Type: book_store
[2026-07-04 05:03:56,183] INFO [weekendr.api] [google_places_service.py:68]: Found 0 places nearby coordinates (18.43, 73.8)
[2026-07-04 05:03:56,184] DEBUG [weekendr.api] [google_places_service.py:52]: Calling Google Places Nearby Search. LatLng: (18.43, 73.8), Radius: 1000, Type: department_store
[2026-07-04 05:03:56,593] INFO [weekendr.api] [google_places_service.py:68]: Found 0 places nearby coordinates (18.43, 73.8)
[2026-07-04 05:03:56,594] DEBUG [weekendr.api] [google_places_service.py:52]: Calling Google Places Nearby Search. LatLng: (18.43, 73.8), Radius: 1000, Type: shoe_store
[2026-07-04 05:03:57,002] INFO [weekendr.api] [google_places_service.py:68]: Found 0 places nearby coordinates (18.43, 73.8)
[2026-07-04 05:03:57,003] DEBUG [weekendr.api] [google_places_service.py:52]: Calling Google Places Nearby Search. LatLng: (18.43, 73.815), Radius: 1000, Type: cafe
[2026-07-04 05:03:57,410] INFO [weekendr.api] [google_places_service.py:68]: Found 0 places nearby coordinates (18.43, 73.815)
[2026-07-04 05:03:57,411] DEBUG [weekendr.api] [google_places_service.py:52]: Calling Google Places Nearby Search. LatLng: (18.43, 73.815), Radius: 1000, Type: coffee_shop
[2026-07-04 05:03:57,807] INFO [weekendr.api] [google_places_service.py:68]: Found 0 places nearby coordinates (18.43, 73.815)
[2026-07-04 05:03:57,808] DEBUG [weekendr.api] [google_places_service.py:52]: Calling Google Places Nearby Search. LatLng: (18.43, 73.815), Radius: 1000, Type: bakery
[2026-07-04 05:03:57,908] INFO [weekendr.api] [google_places_service.py:68]: Found 0 places nearby coordinates (18.43, 73.815)
[2026-07-04 05:03:57,908] DEBUG [weekendr.api] [google_places_service.py:52]: Calling Google Places Nearby Search. LatLng: (18.43, 73.815), Radius: 1000, Type: confectionery
[2026-07-04 05:03:58,306] INFO [weekendr.api] [google_places_service.py:68]: Found 0 places nearby coordinates (18.43, 73.815)
[2026-07-04 05:03:58,306] DEBUG [weekendr.api] [google_places_service.py:52]: Calling Google Places Nearby Search. LatLng: (18.43, 73.815), Radius: 1000, Type: ice_cream_shop
[2026-07-04 05:03:58,694] INFO [weekendr.api] [google_places_service.py:68]: Found 0 places nearby coordinates (18.43, 73.815)
[2026-07-04 05:03:58,695] DEBUG [weekendr.api] [google_places_service.py:52]: Calling Google Places Nearby Search. LatLng: (18.43, 73.815), Radius: 1000, Type: restaurant
[2026-07-04 05:03:59,093] INFO [weekendr.api] [google_places_service.py:68]: Found 0 places nearby coordinates (18.43, 73.815)
[2026-07-04 05:03:59,093] DEBUG [weekendr.api] [google_places_service.py:52]: Calling Google Places Nearby Search. LatLng: (18.43, 73.815), Radius: 1000, Type: meal_takeaway
[2026-07-04 05:03:59,185] INFO [weekendr.api] [google_places_service.py:68]: Found 0 places nearby coordinates (18.43, 73.815)
[2026-07-04 05:03:59,185] DEBUG [weekendr.api] [google_places_service.py:52]: Calling Google Places Nearby Search. LatLng: (18.43, 73.815), Radius: 1000, Type: meal_delivery
[2026-07-04 05:03:59,597] INFO [weekendr.api] [google_places_service.py:68]: Found 0 places nearby coordinates (18.43, 73.815)
[2026-07-04 05:03:59,598] DEBUG [weekendr.api] [google_places_service.py:52]: Calling Google Places Nearby Search. LatLng: (18.43, 73.815), Radius: 1000, Type: bar
[2026-07-04 05:04:00,023] INFO [weekendr.api] [google_places_service.py:68]: Found 0 places nearby coordinates (18.43, 73.815)
[2026-07-04 05:04:00,024] DEBUG [weekendr.api] [google_places_service.py:52]: Calling Google Places Nearby Search. LatLng: (18.43, 73.815), Radius: 1000, Type: night_club
[2026-07-04 05:04:00,422] INFO [weekendr.api] [google_places_service.py:68]: Found 0 places nearby coordinates (18.43, 73.815)
[2026-07-04 05:04:00,422] DEBUG [weekendr.api] [google_places_service.py:52]: Calling Google Places Nearby Search. LatLng: (18.43, 73.815), Radius: 1000, Type: pub
[2026-07-04 05:04:00,817] INFO [weekendr.api] [google_places_service.py:68]: Found 0 places nearby coordinates (18.43, 73.815)
[2026-07-04 05:04:00,818] DEBUG [weekendr.api] [google_places_service.py:52]: Calling Google Places Nearby Search. LatLng: (18.43, 73.815), Radius: 1000, Type: amusement_park
[2026-07-04 05:04:01,213] INFO [weekendr.api] [google_places_service.py:68]: Found 0 places nearby coordinates (18.43, 73.815)
[2026-07-04 05:04:01,214] DEBUG [weekendr.api] [google_places_service.py:52]: Calling Google Places Nearby Search. LatLng: (18.43, 73.815), Radius: 1000, Type: bowling_alley
[2026-07-04 05:04:01,307] INFO [weekendr.api] [google_places_service.py:68]: Found 0 places nearby coordinates (18.43, 73.815)
[2026-07-04 05:04:01,307] DEBUG [weekendr.api] [google_places_service.py:52]: Calling Google Places Nearby Search. LatLng: (18.43, 73.815), Radius: 1000, Type: movie_theater
[2026-07-04 05:04:01,699] INFO [weekendr.api] [google_places_service.py:68]: Found 0 places nearby coordinates (18.43, 73.815)
[2026-07-04 05:04:01,700] DEBUG [weekendr.api] [google_places_service.py:52]: Calling Google Places Nearby Search. LatLng: (18.43, 73.815), Radius: 1000, Type: casino
[2026-07-04 05:04:02,099] INFO [weekendr.api] [google_places_service.py:68]: Found 0 places nearby coordinates (18.43, 73.815)
[2026-07-04 05:04:02,100] DEBUG [weekendr.api] [google_places_service.py:52]: Calling Google Places Nearby Search. LatLng: (18.43, 73.815), Radius: 1000, Type: tourist_attraction
[2026-07-04 05:04:02,487] INFO [weekendr.api] [google_places_service.py:68]: Found 0 places nearby coordinates (18.43, 73.815)
[2026-07-04 05:04:02,488] DEBUG [weekendr.api] [google_places_service.py:52]: Calling Google Places Nearby Search. LatLng: (18.43, 73.815), Radius: 1000, Type: museum
[2026-07-04 05:04:02,896] INFO [weekendr.api] [google_places_service.py:68]: Found 0 places nearby coordinates (18.43, 73.815)
[2026-07-04 05:04:02,897] DEBUG [weekendr.api] [google_places_service.py:52]: Calling Google Places Nearby Search. LatLng: (18.43, 73.815), Radius: 1000, Type: art_gallery
[2026-07-04 05:04:02,999] INFO [weekendr.api] [google_places_service.py:68]: Found 0 places nearby coordinates (18.43, 73.815)
[2026-07-04 05:04:03,000] DEBUG [weekendr.api] [google_places_service.py:52]: Calling Google Places Nearby Search. LatLng: (18.43, 73.815), Radius: 1000, Type: park
[2026-07-04 05:04:03,393] INFO [weekendr.api] [google_places_service.py:68]: Found 0 places nearby coordinates (18.43, 73.815)
[2026-07-04 05:04:03,394] DEBUG [weekendr.api] [google_places_service.py:52]: Calling Google Places Nearby Search. LatLng: (18.43, 73.815), Radius: 1000, Type: campground
[2026-07-04 05:04:03,798] INFO [weekendr.api] [google_places_service.py:68]: Found 0 places nearby coordinates (18.43, 73.815)
[2026-07-04 05:04:03,798] DEBUG [weekendr.api] [google_places_service.py:52]: Calling Google Places Nearby Search. LatLng: (18.43, 73.815), Radius: 1000, Type: zoo
[2026-07-04 05:04:04,204] INFO [weekendr.api] [google_places_service.py:68]: Found 0 places nearby coordinates (18.43, 73.815)
[2026-07-04 05:04:04,204] DEBUG [weekendr.api] [google_places_service.py:52]: Calling Google Places Nearby Search. LatLng: (18.43, 73.815), Radius: 1000, Type: aquarium
[2026-07-04 05:04:04,596] INFO [weekendr.api] [google_places_service.py:68]: Found 0 places nearby coordinates (18.43, 73.815)
[2026-07-04 05:04:04,597] DEBUG [weekendr.api] [google_places_service.py:52]: Calling Google Places Nearby Search. LatLng: (18.43, 73.815), Radius: 1000, Type: shopping_mall
[2026-07-04 05:04:04,988] INFO [weekendr.api] [google_places_service.py:68]: Found 0 places nearby coordinates (18.43, 73.815)
[2026-07-04 05:04:04,988] DEBUG [weekendr.api] [google_places_service.py:52]: Calling Google Places Nearby Search. LatLng: (18.43, 73.815), Radius: 1000, Type: clothing_store
[2026-07-04 05:04:05,389] INFO [weekendr.api] [google_places_service.py:68]: Found 0 places nearby coordinates (18.43, 73.815)
[2026-07-04 05:04:05,390] DEBUG [weekendr.api] [google_places_service.py:52]: Calling Google Places Nearby Search. LatLng: (18.43, 73.815), Radius: 1000, Type: book_store
[2026-07-04 05:04:05,781] INFO [weekendr.api] [google_places_service.py:68]: Found 0 places nearby coordinates (18.43, 73.815)
[2026-07-04 05:04:05,782] DEBUG [weekendr.api] [google_places_service.py:52]: Calling Google Places Nearby Search. LatLng: (18.43, 73.815), Radius: 1000, Type: department_store
[2026-07-04 05:04:06,176] INFO [weekendr.api] [google_places_service.py:68]: Found 0 places nearby coordinates (18.43, 73.815)
[2026-07-04 05:04:06,177] DEBUG [weekendr.api] [google_places_service.py:52]: Calling Google Places Nearby Search. LatLng: (18.43, 73.815), Radius: 1000, Type: shoe_store
[2026-07-04 05:04:06,591] INFO [weekendr.api] [google_places_service.py:68]: Found 0 places nearby coordinates (18.43, 73.815)
[2026-07-04 05:04:06,592] DEBUG [weekendr.api] [google_places_service.py:52]: Calling Google Places Nearby Search. LatLng: (18.43, 73.83), Radius: 1000, Type: cafe
[2026-07-04 05:04:06,987] INFO [weekendr.api] [google_places_service.py:68]: Found 0 places nearby coordinates (18.43, 73.83)
[2026-07-04 05:04:06,987] DEBUG [weekendr.api] [google_places_service.py:52]: Calling Google Places Nearby Search. LatLng: (18.43, 73.83), Radius: 1000, Type: coffee_shop
[2026-07-04 05:04:07,377] INFO [weekendr.api] [google_places_service.py:68]: Found 0 places nearby coordinates (18.43, 73.83)
[2026-07-04 05:04:07,378] DEBUG [weekendr.api] [google_places_service.py:52]: Calling Google Places Nearby Search. LatLng: (18.43, 73.83), Radius: 1000, Type: bakery
[2026-07-04 05:04:07,783] INFO [weekendr.api] [google_places_service.py:68]: Found 0 places nearby coordinates (18.43, 73.83)
[2026-07-04 05:04:07,784] DEBUG [weekendr.api] [google_places_service.py:52]: Calling Google Places Nearby Search. LatLng: (18.43, 73.83), Radius: 1000, Type: confectionery
[2026-07-04 05:04:08,181] INFO [weekendr.api] [google_places_service.py:68]: Found 0 places nearby coordinates (18.43, 73.83)
[2026-07-04 05:04:08,181] DEBUG [weekendr.api] [google_places_service.py:52]: Calling Google Places Nearby Search. LatLng: (18.43, 73.83), Radius: 1000, Type: ice_cream_shop
[2026-07-04 05:04:08,610] INFO [weekendr.api] [google_places_service.py:68]: Found 0 places nearby coordinates (18.43, 73.83)
[2026-07-04 05:04:08,611] DEBUG [weekendr.api] [google_places_service.py:52]: Calling Google Places Nearby Search. LatLng: (18.43, 73.83), Radius: 1000, Type: restaurant
[2026-07-04 05:04:09,006] INFO [weekendr.api] [google_places_service.py:68]: Found 0 places nearby coordinates (18.43, 73.83)
[2026-07-04 05:04:09,007] DEBUG [weekendr.api] [google_places_service.py:52]: Calling Google Places Nearby Search. LatLng: (18.43, 73.83), Radius: 1000, Type: meal_takeaway
[2026-07-04 05:04:09,424] INFO [weekendr.api] [google_places_service.py:68]: Found 0 places nearby coordinates (18.43, 73.83)
[2026-07-04 05:04:09,425] DEBUG [weekendr.api] [google_places_service.py:52]: Calling Google Places Nearby Search. LatLng: (18.43, 73.83), Radius: 1000, Type: meal_delivery
[2026-07-04 05:04:09,826] INFO [weekendr.api] [google_places_service.py:68]: Found 0 places nearby coordinates (18.43, 73.83)
[2026-07-04 05:04:09,827] DEBUG [weekendr.api] [google_places_service.py:52]: Calling Google Places Nearby Search. LatLng: (18.43, 73.83), Radius: 1000, Type: bar
[2026-07-04 05:04:10,237] INFO [weekendr.api] [google_places_service.py:68]: Found 0 places nearby coordinates (18.43, 73.83)
[2026-07-04 05:04:10,237] DEBUG [weekendr.api] [google_places_service.py:52]: Calling Google Places Nearby Search. LatLng: (18.43, 73.83), Radius: 1000, Type: night_club
[2026-07-04 05:04:10,634] INFO [weekendr.api] [google_places_service.py:68]: Found 0 places nearby coordinates (18.43, 73.83)
[2026-07-04 05:04:10,634] DEBUG [weekendr.api] [google_places_service.py:52]: Calling Google Places Nearby Search. LatLng: (18.43, 73.83), Radius: 1000, Type: pub
[2026-07-04 05:04:11,075] INFO [weekendr.api] [google_places_service.py:68]: Found 0 places nearby coordinates (18.43, 73.83)
[2026-07-04 05:04:11,076] DEBUG [weekendr.api] [google_places_service.py:52]: Calling Google Places Nearby Search. LatLng: (18.43, 73.83), Radius: 1000, Type: amusement_park
[2026-07-04 05:04:11,490] INFO [weekendr.api] [google_places_service.py:68]: Found 0 places nearby coordinates (18.43, 73.83)
[2026-07-04 05:04:11,490] DEBUG [weekendr.api] [google_places_service.py:52]: Calling Google Places Nearby Search. LatLng: (18.43, 73.83), Radius: 1000, Type: bowling_alley
[2026-07-04 05:04:11,899] INFO [weekendr.api] [google_places_service.py:68]: Found 0 places nearby coordinates (18.43, 73.83)
[2026-07-04 05:04:11,899] DEBUG [weekendr.api] [google_places_service.py:52]: Calling Google Places Nearby Search. LatLng: (18.43, 73.83), Radius: 1000, Type: movie_theater
[2026-07-04 05:04:12,314] INFO [weekendr.api] [google_places_service.py:68]: Found 0 places nearby coordinates (18.43, 73.83)
[2026-07-04 05:04:12,314] DEBUG [weekendr.api] [google_places_service.py:52]: Calling Google Places Nearby Search. LatLng: (18.43, 73.83), Radius: 1000, Type: casino
[2026-07-04 05:04:12,426] INFO [weekendr.api] [google_places_service.py:68]: Found 0 places nearby coordinates (18.43, 73.83)
[2026-07-04 05:04:12,426] DEBUG [weekendr.api] [google_places_service.py:52]: Calling Google Places Nearby Search. LatLng: (18.43, 73.83), Radius: 1000, Type: tourist_attraction
[2026-07-04 05:04:12,829] INFO [weekendr.api] [google_places_service.py:68]: Found 0 places nearby coordinates (18.43, 73.83)
[2026-07-04 05:04:12,830] DEBUG [weekendr.api] [google_places_service.py:52]: Calling Google Places Nearby Search. LatLng: (18.43, 73.83), Radius: 1000, Type: museum
[2026-07-04 05:04:13,237] INFO [weekendr.api] [google_places_service.py:68]: Found 0 places nearby coordinates (18.43, 73.83)
[2026-07-04 05:04:13,237] DEBUG [weekendr.api] [google_places_service.py:52]: Calling Google Places Nearby Search. LatLng: (18.43, 73.83), Radius: 1000, Type: art_gallery
[2026-07-04 05:04:13,633] INFO [weekendr.api] [google_places_service.py:68]: Found 0 places nearby coordinates (18.43, 73.83)
[2026-07-04 05:04:13,633] DEBUG [weekendr.api] [google_places_service.py:52]: Calling Google Places Nearby Search. LatLng: (18.43, 73.83), Radius: 1000, Type: park
[2026-07-04 05:04:14,041] INFO [weekendr.api] [google_places_service.py:68]: Found 0 places nearby coordinates (18.43, 73.83)
[2026-07-04 05:04:14,042] DEBUG [weekendr.api] [google_places_service.py:52]: Calling Google Places Nearby Search. LatLng: (18.43, 73.83), Radius: 1000, Type: campground
[2026-07-04 05:04:14,443] INFO [weekendr.api] [google_places_service.py:68]: Found 0 places nearby coordinates (18.43, 73.83)
[2026-07-04 05:04:14,444] DEBUG [weekendr.api] [google_places_service.py:52]: Calling Google Places Nearby Search. LatLng: (18.43, 73.83), Radius: 1000, Type: zoo
[2026-07-04 05:04:14,852] INFO [weekendr.api] [google_places_service.py:68]: Found 0 places nearby coordinates (18.43, 73.83)
[2026-07-04 05:04:14,852] DEBUG [weekendr.api] [google_places_service.py:52]: Calling Google Places Nearby Search. LatLng: (18.43, 73.83), Radius: 1000, Type: aquarium
[2026-07-04 05:04:15,253] INFO [weekendr.api] [google_places_service.py:68]: Found 0 places nearby coordinates (18.43, 73.83)
[2026-07-04 05:04:15,253] DEBUG [weekendr.api] [google_places_service.py:52]: Calling Google Places Nearby Search. LatLng: (18.43, 73.83), Radius: 1000, Type: shopping_mall
[2026-07-04 05:04:15,649] INFO [weekendr.api] [google_places_service.py:68]: Found 0 places nearby coordinates (18.43, 73.83)
[2026-07-04 05:04:15,650] DEBUG [weekendr.api] [google_places_service.py:52]: Calling Google Places Nearby Search. LatLng: (18.43, 73.83), Radius: 1000, Type: clothing_store
[2026-07-04 05:04:16,057] INFO [weekendr.api] [google_places_service.py:68]: Found 0 places nearby coordinates (18.43, 73.83)
[2026-07-04 05:04:16,058] DEBUG [weekendr.api] [google_places_service.py:52]: Calling Google Places Nearby Search. LatLng: (18.43, 73.83), Radius: 1000, Type: book_store
[2026-07-04 05:04:16,461] INFO [weekendr.api] [google_places_service.py:68]: Found 0 places nearby coordinates (18.43, 73.83)
[2026-07-04 05:04:16,462] DEBUG [weekendr.api] [google_places_service.py:52]: Calling Google Places Nearby Search. LatLng: (18.43, 73.83), Radius: 1000, Type: department_store
[2026-07-04 05:04:16,857] INFO [weekendr.api] [google_places_service.py:68]: Found 0 places nearby coordinates (18.43, 73.83)
[2026-07-04 05:04:16,858] DEBUG [weekendr.api] [google_places_service.py:52]: Calling Google Places Nearby Search. LatLng: (18.43, 73.83), Radius: 1000, Type: shoe_store
[2026-07-04 05:04:17,257] INFO [weekendr.api] [google_places_service.py:68]: Found 0 places nearby coordinates (18.43, 73.83)
[2026-07-04 05:04:17,257] DEBUG [weekendr.api] [google_places_service.py:52]: Calling Google Places Nearby Search. LatLng: (18.43, 73.845), Radius: 1000, Type: cafe
[2026-07-04 05:04:17,651] INFO [weekendr.api] [google_places_service.py:68]: Found 0 places nearby coordinates (18.43, 73.845)
[2026-07-04 05:04:17,651] DEBUG [weekendr.api] [google_places_service.py:52]: Calling Google Places Nearby Search. LatLng: (18.43, 73.845), Radius: 1000, Type: coffee_shop
[2026-07-04 05:04:18,069] INFO [weekendr.api] [google_places_service.py:68]: Found 0 places nearby coordinates (18.43, 73.845)
[2026-07-04 05:04:18,070] DEBUG [weekendr.api] [google_places_service.py:52]: Calling Google Places Nearby Search. LatLng: (18.43, 73.845), Radius: 1000, Type: bakery
[2026-07-04 05:04:18,468] INFO [weekendr.api] [google_places_service.py:68]: Found 0 places nearby coordinates (18.43, 73.845)
[2026-07-04 05:04:18,468] DEBUG [weekendr.api] [google_places_service.py:52]: Calling Google Places Nearby Search. LatLng: (18.43, 73.845), Radius: 1000, Type: confectionery
[2026-07-04 05:04:18,872] INFO [weekendr.api] [google_places_service.py:68]: Found 0 places nearby coordinates (18.43, 73.845)
[2026-07-04 05:04:18,873] DEBUG [weekendr.api] [google_places_service.py:52]: Calling Google Places Nearby Search. LatLng: (18.43, 73.845), Radius: 1000, Type: ice_cream_shop
[2026-07-04 05:04:19,267] INFO [weekendr.api] [google_places_service.py:68]: Found 0 places nearby coordinates (18.43, 73.845)
[2026-07-04 05:04:19,267] DEBUG [weekendr.api] [google_places_service.py:52]: Calling Google Places Nearby Search. LatLng: (18.43, 73.845), Radius: 1000, Type: restaurant
[2026-07-04 05:04:19,666] INFO [weekendr.api] [google_places_service.py:68]: Found 0 places nearby coordinates (18.43, 73.845)
[2026-07-04 05:04:19,667] DEBUG [weekendr.api] [google_places_service.py:52]: Calling Google Places Nearby Search. LatLng: (18.43, 73.845), Radius: 1000, Type: meal_takeaway
[2026-07-04 05:04:20,089] INFO [weekendr.api] [google_places_service.py:68]: Found 0 places nearby coordinates (18.43, 73.845)
[2026-07-04 05:04:20,090] DEBUG [weekendr.api] [google_places_service.py:52]: Calling Google Places Nearby Search. LatLng: (18.43, 73.845), Radius: 1000, Type: meal_delivery
[2026-07-04 05:04:20,505] INFO [weekendr.api] [google_places_service.py:68]: Found 0 places nearby coordinates (18.43, 73.845)
[2026-07-04 05:04:20,505] DEBUG [weekendr.api] [google_places_service.py:52]: Calling Google Places Nearby Search. LatLng: (18.43, 73.845), Radius: 1000, Type: bar
[2026-07-04 05:04:20,898] INFO [weekendr.api] [google_places_service.py:68]: Found 0 places nearby coordinates (18.43, 73.845)
[2026-07-04 05:04:20,899] DEBUG [weekendr.api] [google_places_service.py:52]: Calling Google Places Nearby Search. LatLng: (18.43, 73.845), Radius: 1000, Type: night_club
[2026-07-04 05:04:21,296] INFO [weekendr.api] [google_places_service.py:68]: Found 0 places nearby coordinates (18.43, 73.845)
[2026-07-04 05:04:21,297] DEBUG [weekendr.api] [google_places_service.py:52]: Calling Google Places Nearby Search. LatLng: (18.43, 73.845), Radius: 1000, Type: pub
[2026-07-04 05:04:21,690] INFO [weekendr.api] [google_places_service.py:68]: Found 0 places nearby coordinates (18.43, 73.845)
[2026-07-04 05:04:21,691] DEBUG [weekendr.api] [google_places_service.py:52]: Calling Google Places Nearby Search. LatLng: (18.43, 73.845), Radius: 1000, Type: amusement_park
[2026-07-04 05:04:22,103] INFO [weekendr.api] [google_places_service.py:68]: Found 0 places nearby coordinates (18.43, 73.845)
[2026-07-04 05:04:22,103] DEBUG [weekendr.api] [google_places_service.py:52]: Calling Google Places Nearby Search. LatLng: (18.43, 73.845), Radius: 1000, Type: bowling_alley
[2026-07-04 05:04:22,494] INFO [weekendr.api] [google_places_service.py:68]: Found 0 places nearby coordinates (18.43, 73.845)
[2026-07-04 05:04:22,495] DEBUG [weekendr.api] [google_places_service.py:52]: Calling Google Places Nearby Search. LatLng: (18.43, 73.845), Radius: 1000, Type: movie_theater
[2026-07-04 05:04:22,665] INFO [weekendr.api] [google_places_service.py:68]: Found 0 places nearby coordinates (18.43, 73.845)
[2026-07-04 05:04:22,666] DEBUG [weekendr.api] [google_places_service.py:52]: Calling Google Places Nearby Search. LatLng: (18.43, 73.845), Radius: 1000, Type: casino
[2026-07-04 05:04:23,066] INFO [weekendr.api] [google_places_service.py:68]: Found 0 places nearby coordinates (18.43, 73.845)
[2026-07-04 05:04:23,066] DEBUG [weekendr.api] [google_places_service.py:52]: Calling Google Places Nearby Search. LatLng: (18.43, 73.845), Radius: 1000, Type: tourist_attraction
[2026-07-04 05:04:23,469] INFO [weekendr.api] [google_places_service.py:68]: Found 0 places nearby coordinates (18.43, 73.845)
[2026-07-04 05:04:23,469] DEBUG [weekendr.api] [google_places_service.py:52]: Calling Google Places Nearby Search. LatLng: (18.43, 73.845), Radius: 1000, Type: museum
[2026-07-04 05:04:23,877] INFO [weekendr.api] [google_places_service.py:68]: Found 0 places nearby coordinates (18.43, 73.845)
[2026-07-04 05:04:23,878] DEBUG [weekendr.api] [google_places_service.py:52]: Calling Google Places Nearby Search. LatLng: (18.43, 73.845), Radius: 1000, Type: art_gallery
[2026-07-04 05:04:24,304] INFO [weekendr.api] [google_places_service.py:68]: Found 0 places nearby coordinates (18.43, 73.845)
[2026-07-04 05:04:24,305] DEBUG [weekendr.api] [google_places_service.py:52]: Calling Google Places Nearby Search. LatLng: (18.43, 73.845), Radius: 1000, Type: park
[2026-07-04 05:04:24,697] INFO [weekendr.api] [google_places_service.py:68]: Found 0 places nearby coordinates (18.43, 73.845)
[2026-07-04 05:04:24,698] DEBUG [weekendr.api] [google_places_service.py:52]: Calling Google Places Nearby Search. LatLng: (18.43, 73.845), Radius: 1000, Type: campground
[2026-07-04 05:04:25,093] INFO [weekendr.api] [google_places_service.py:68]: Found 0 places nearby coordinates (18.43, 73.845)
[2026-07-04 05:04:25,093] DEBUG [weekendr.api] [google_places_service.py:52]: Calling Google Places Nearby Search. LatLng: (18.43, 73.845), Radius: 1000, Type: zoo
[2026-07-04 05:04:25,486] INFO [weekendr.api] [google_places_service.py:68]: Found 0 places nearby coordinates (18.43, 73.845)
[2026-07-04 05:04:25,487] DEBUG [weekendr.api] [google_places_service.py:52]: Calling Google Places Nearby Search. LatLng: (18.43, 73.845), Radius: 1000, Type: aquarium
[2026-07-04 05:04:25,588] INFO [weekendr.api] [google_places_service.py:68]: Found 0 places nearby coordinates (18.43, 73.845)
[2026-07-04 05:04:25,589] DEBUG [weekendr.api] [google_places_service.py:52]: Calling Google Places Nearby Search. LatLng: (18.43, 73.845), Radius: 1000, Type: shopping_mall
[2026-07-04 05:04:25,979] INFO [weekendr.api] [google_places_service.py:68]: Found 0 places nearby coordinates (18.43, 73.845)
[2026-07-04 05:04:25,980] DEBUG [weekendr.api] [google_places_service.py:52]: Calling Google Places Nearby Search. LatLng: (18.43, 73.845), Radius: 1000, Type: clothing_store
[2026-07-04 05:04:26,138] INFO [weekendr.api] [google_places_service.py:68]: Found 0 places nearby coordinates (18.43, 73.845)
[2026-07-04 05:04:26,138] DEBUG [weekendr.api] [google_places_service.py:52]: Calling Google Places Nearby Search. LatLng: (18.43, 73.845), Radius: 1000, Type: book_store
[2026-07-04 05:04:26,539] INFO [weekendr.api] [google_places_service.py:68]: Found 0 places nearby coordinates (18.43, 73.845)
[2026-07-04 05:04:26,539] DEBUG [weekendr.api] [google_places_service.py:52]: Calling Google Places Nearby Search. LatLng: (18.43, 73.845), Radius: 1000, Type: department_store
[2026-07-04 05:04:26,925] INFO [weekendr.api] [google_places_service.py:68]: Found 0 places nearby coordinates (18.43, 73.845)
[2026-07-04 05:04:26,926] DEBUG [weekendr.api] [google_places_service.py:52]: Calling Google Places Nearby Search. LatLng: (18.43, 73.845), Radius: 1000, Type: shoe_store
[2026-07-04 05:04:27,031] INFO [weekendr.api] [google_places_service.py:68]: Found 0 places nearby coordinates (18.43, 73.845)
[2026-07-04 05:04:27,032] DEBUG [weekendr.api] [google_places_service.py:52]: Calling Google Places Nearby Search. LatLng: (18.43, 73.86), Radius: 1000, Type: cafe
[2026-07-04 05:04:27,428] INFO [weekendr.api] [google_places_service.py:68]: Found 0 places nearby coordinates (18.43, 73.86)
[2026-07-04 05:04:27,429] DEBUG [weekendr.api] [google_places_service.py:52]: Calling Google Places Nearby Search. LatLng: (18.43, 73.86), Radius: 1000, Type: coffee_shop
[2026-07-04 05:04:27,823] INFO [weekendr.api] [google_places_service.py:68]: Found 0 places nearby coordinates (18.43, 73.86)
[2026-07-04 05:04:27,824] DEBUG [weekendr.api] [google_places_service.py:52]: Calling Google Places Nearby Search. LatLng: (18.43, 73.86), Radius: 1000, Type: bakery
[2026-07-04 05:04:28,214] INFO [weekendr.api] [google_places_service.py:68]: Found 0 places nearby coordinates (18.43, 73.86)
[2026-07-04 05:04:28,215] DEBUG [weekendr.api] [google_places_service.py:52]: Calling Google Places Nearby Search. LatLng: (18.43, 73.86), Radius: 1000, Type: confectionery
[2026-07-04 05:04:28,604] INFO [weekendr.api] [google_places_service.py:68]: Found 0 places nearby coordinates (18.43, 73.86)
[2026-07-04 05:04:28,604] DEBUG [weekendr.api] [google_places_service.py:52]: Calling Google Places Nearby Search. LatLng: (18.43, 73.86), Radius: 1000, Type: ice_cream_shop
[2026-07-04 05:04:29,001] INFO [weekendr.api] [google_places_service.py:68]: Found 0 places nearby coordinates (18.43, 73.86)
[2026-07-04 05:04:29,001] DEBUG [weekendr.api] [google_places_service.py:52]: Calling Google Places Nearby Search. LatLng: (18.43, 73.86), Radius: 1000, Type: restaurant
[2026-07-04 05:04:29,390] INFO [weekendr.api] [google_places_service.py:68]: Found 0 places nearby coordinates (18.43, 73.86)
[2026-07-04 05:04:29,391] DEBUG [weekendr.api] [google_places_service.py:52]: Calling Google Places Nearby Search. LatLng: (18.43, 73.86), Radius: 1000, Type: meal_takeaway
[2026-07-04 05:04:29,808] INFO [weekendr.api] [google_places_service.py:68]: Found 0 places nearby coordinates (18.43, 73.86)
[2026-07-04 05:04:29,809] DEBUG [weekendr.api] [google_places_service.py:52]: Calling Google Places Nearby Search. LatLng: (18.43, 73.86), Radius: 1000, Type: meal_delivery
[2026-07-04 05:04:30,221] INFO [weekendr.api] [google_places_service.py:68]: Found 0 places nearby coordinates (18.43, 73.86)
[2026-07-04 05:04:30,221] DEBUG [weekendr.api] [google_places_service.py:52]: Calling Google Places Nearby Search. LatLng: (18.43, 73.86), Radius: 1000, Type: bar
[2026-07-04 05:04:30,646] INFO [weekendr.api] [google_places_service.py:68]: Found 0 places nearby coordinates (18.43, 73.86)
[2026-07-04 05:04:30,648] DEBUG [weekendr.api] [google_places_service.py:52]: Calling Google Places Nearby Search. LatLng: (18.43, 73.86), Radius: 1000, Type: night_club
[2026-07-04 05:04:30,820] INFO [weekendr.api] [google_places_service.py:68]: Found 0 places nearby coordinates (18.43, 73.86)
[2026-07-04 05:04:30,821] DEBUG [weekendr.api] [google_places_service.py:52]: Calling Google Places Nearby Search. LatLng: (18.43, 73.86), Radius: 1000, Type: pub
[2026-07-04 05:04:31,217] INFO [weekendr.api] [google_places_service.py:68]: Found 0 places nearby coordinates (18.43, 73.86)
[2026-07-04 05:04:31,218] DEBUG [weekendr.api] [google_places_service.py:52]: Calling Google Places Nearby Search. LatLng: (18.43, 73.86), Radius: 1000, Type: amusement_park
[2026-07-04 05:04:31,315] INFO [weekendr.api] [google_places_service.py:68]: Found 0 places nearby coordinates (18.43, 73.86)
[2026-07-04 05:04:31,315] DEBUG [weekendr.api] [google_places_service.py:52]: Calling Google Places Nearby Search. LatLng: (18.43, 73.86), Radius: 1000, Type: bowling_alley
[2026-07-04 05:04:31,706] INFO [weekendr.api] [google_places_service.py:68]: Found 0 places nearby coordinates (18.43, 73.86)
[2026-07-04 05:04:31,706] DEBUG [weekendr.api] [google_places_service.py:52]: Calling Google Places Nearby Search. LatLng: (18.43, 73.86), Radius: 1000, Type: movie_theater
[2026-07-04 05:04:32,105] INFO [weekendr.api] [google_places_service.py:68]: Found 0 places nearby coordinates (18.43, 73.86)
[2026-07-04 05:04:32,105] DEBUG [weekendr.api] [google_places_service.py:52]: Calling Google Places Nearby Search. LatLng: (18.43, 73.86), Radius: 1000, Type: casino
[2026-07-04 05:04:32,498] INFO [weekendr.api] [google_places_service.py:68]: Found 0 places nearby coordinates (18.43, 73.86)
[2026-07-04 05:04:32,498] DEBUG [weekendr.api] [google_places_service.py:52]: Calling Google Places Nearby Search. LatLng: (18.43, 73.86), Radius: 1000, Type: tourist_attraction
[2026-07-04 05:04:32,895] INFO [weekendr.api] [google_places_service.py:68]: Found 0 places nearby coordinates (18.43, 73.86)
[2026-07-04 05:04:32,897] DEBUG [weekendr.api] [google_places_service.py:52]: Calling Google Places Nearby Search. LatLng: (18.43, 73.86), Radius: 1000, Type: museum
[2026-07-04 05:04:33,311] INFO [weekendr.api] [google_places_service.py:68]: Found 0 places nearby coordinates (18.43, 73.86)
[2026-07-04 05:04:33,312] DEBUG [weekendr.api] [google_places_service.py:52]: Calling Google Places Nearby Search. LatLng: (18.43, 73.86), Radius: 1000, Type: art_gallery
[2026-07-04 05:04:33,721] INFO [weekendr.api] [google_places_service.py:68]: Found 0 places nearby coordinates (18.43, 73.86)
[2026-07-04 05:04:33,722] DEBUG [weekendr.api] [google_places_service.py:52]: Calling Google Places Nearby Search. LatLng: (18.43, 73.86), Radius: 1000, Type: park
[2026-07-04 05:04:34,126] INFO [weekendr.api] [google_places_service.py:68]: Found 0 places nearby coordinates (18.43, 73.86)
[2026-07-04 05:04:34,127] DEBUG [weekendr.api] [google_places_service.py:52]: Calling Google Places Nearby Search. LatLng: (18.43, 73.86), Radius: 1000, Type: campground
[2026-07-04 05:04:34,549] INFO [weekendr.api] [google_places_service.py:68]: Found 0 places nearby coordinates (18.43, 73.86)
[2026-07-04 05:04:34,549] DEBUG [weekendr.api] [google_places_service.py:52]: Calling Google Places Nearby Search. LatLng: (18.43, 73.86), Radius: 1000, Type: zoo
[2026-07-04 05:04:34,950] INFO [weekendr.api] [google_places_service.py:68]: Found 0 places nearby coordinates (18.43, 73.86)
[2026-07-04 05:04:34,951] DEBUG [weekendr.api] [google_places_service.py:52]: Calling Google Places Nearby Search. LatLng: (18.43, 73.86), Radius: 1000, Type: aquarium
[2026-07-04 05:04:35,345] INFO [weekendr.api] [google_places_service.py:68]: Found 0 places nearby coordinates (18.43, 73.86)
[2026-07-04 05:04:35,347] DEBUG [weekendr.api] [google_places_service.py:52]: Calling Google Places Nearby Search. LatLng: (18.43, 73.86), Radius: 1000, Type: shopping_mall
[2026-07-04 05:04:35,741] INFO [weekendr.api] [google_places_service.py:68]: Found 0 places nearby coordinates (18.43, 73.86)
[2026-07-04 05:04:35,742] DEBUG [weekendr.api] [google_places_service.py:52]: Calling Google Places Nearby Search. LatLng: (18.43, 73.86), Radius: 1000, Type: clothing_store
[2026-07-04 05:04:36,149] INFO [weekendr.api] [google_places_service.py:68]: Found 0 places nearby coordinates (18.43, 73.86)
[2026-07-04 05:04:36,149] DEBUG [weekendr.api] [google_places_service.py:52]: Calling Google Places Nearby Search. LatLng: (18.43, 73.86), Radius: 1000, Type: book_store
[2026-07-04 05:04:36,241] INFO [weekendr.api] [google_places_service.py:68]: Found 0 places nearby coordinates (18.43, 73.86)
[2026-07-04 05:04:36,242] DEBUG [weekendr.api] [google_places_service.py:52]: Calling Google Places Nearby Search. LatLng: (18.43, 73.86), Radius: 1000, Type: department_store
[2026-07-04 05:04:36,634] INFO [weekendr.api] [google_places_service.py:68]: Found 0 places nearby coordinates (18.43, 73.86)
[2026-07-04 05:04:36,634] DEBUG [weekendr.api] [google_places_service.py:52]: Calling Google Places Nearby Search. LatLng: (18.43, 73.86), Radius: 1000, Type: shoe_store
[2026-07-04 05:04:37,025] INFO [weekendr.api] [google_places_service.py:68]: Found 0 places nearby coordinates (18.43, 73.86)
[2026-07-04 05:04:37,026] DEBUG [weekendr.api] [google_places_service.py:52]: Calling Google Places Nearby Search. LatLng: (18.43, 73.875), Radius: 1000, Type: cafe
[2026-07-04 05:04:37,430] INFO [weekendr.api] [google_places_service.py:68]: Found 0 places nearby coordinates (18.43, 73.875)
[2026-07-04 05:04:37,431] DEBUG [weekendr.api] [google_places_service.py:52]: Calling Google Places Nearby Search. LatLng: (18.43, 73.875), Radius: 1000, Type: coffee_shop
[2026-07-04 05:04:37,541] INFO [weekendr.api] [google_places_service.py:68]: Found 0 places nearby coordinates (18.43, 73.875)
[2026-07-04 05:04:37,542] DEBUG [weekendr.api] [google_places_service.py:52]: Calling Google Places Nearby Search. LatLng: (18.43, 73.875), Radius: 1000, Type: bakery
[2026-07-04 05:04:37,638] INFO [weekendr.api] [google_places_service.py:68]: Found 0 places nearby coordinates (18.43, 73.875)
[2026-07-04 05:04:37,639] DEBUG [weekendr.api] [google_places_service.py:52]: Calling Google Places Nearby Search. LatLng: (18.43, 73.875), Radius: 1000, Type: confectionery
[2026-07-04 05:04:38,056] INFO [weekendr.api] [google_places_service.py:68]: Found 0 places nearby coordinates (18.43, 73.875)
[2026-07-04 05:04:38,057] DEBUG [weekendr.api] [google_places_service.py:52]: Calling Google Places Nearby Search. LatLng: (18.43, 73.875), Radius: 1000, Type: ice_cream_shop
[2026-07-04 05:04:38,458] INFO [weekendr.api] [google_places_service.py:68]: Found 0 places nearby coordinates (18.43, 73.875)
[2026-07-04 05:04:38,459] DEBUG [weekendr.api] [google_places_service.py:52]: Calling Google Places Nearby Search. LatLng: (18.43, 73.875), Radius: 1000, Type: restaurant
[2026-07-04 05:04:38,848] INFO [weekendr.api] [google_places_service.py:68]: Found 0 places nearby coordinates (18.43, 73.875)
[2026-07-04 05:04:38,849] DEBUG [weekendr.api] [google_places_service.py:52]: Calling Google Places Nearby Search. LatLng: (18.43, 73.875), Radius: 1000, Type: meal_takeaway
[2026-07-04 05:04:39,241] INFO [weekendr.api] [google_places_service.py:68]: Found 0 places nearby coordinates (18.43, 73.875)
[2026-07-04 05:04:39,242] DEBUG [weekendr.api] [google_places_service.py:52]: Calling Google Places Nearby Search. LatLng: (18.43, 73.875), Radius: 1000, Type: meal_delivery
[2026-07-04 05:04:39,640] INFO [weekendr.api] [google_places_service.py:68]: Found 0 places nearby coordinates (18.43, 73.875)
[2026-07-04 05:04:39,640] DEBUG [weekendr.api] [google_places_service.py:52]: Calling Google Places Nearby Search. LatLng: (18.43, 73.875), Radius: 1000, Type: bar
[2026-07-04 05:04:40,032] INFO [weekendr.api] [google_places_service.py:68]: Found 0 places nearby coordinates (18.43, 73.875)
[2026-07-04 05:04:40,033] DEBUG [weekendr.api] [google_places_service.py:52]: Calling Google Places Nearby Search. LatLng: (18.43, 73.875), Radius: 1000, Type: night_club
[2026-07-04 05:04:40,426] INFO [weekendr.api] [google_places_service.py:68]: Found 0 places nearby coordinates (18.43, 73.875)
[2026-07-04 05:04:40,427] DEBUG [weekendr.api] [google_places_service.py:52]: Calling Google Places Nearby Search. LatLng: (18.43, 73.875), Radius: 1000, Type: pub
[2026-07-04 05:04:40,850] INFO [weekendr.api] [google_places_service.py:68]: Found 0 places nearby coordinates (18.43, 73.875)
[2026-07-04 05:04:40,850] DEBUG [weekendr.api] [google_places_service.py:52]: Calling Google Places Nearby Search. LatLng: (18.43, 73.875), Radius: 1000, Type: amusement_park
[2026-07-04 05:04:41,241] INFO [weekendr.api] [google_places_service.py:68]: Found 0 places nearby coordinates (18.43, 73.875)
[2026-07-04 05:04:41,241] DEBUG [weekendr.api] [google_places_service.py:52]: Calling Google Places Nearby Search. LatLng: (18.43, 73.875), Radius: 1000, Type: bowling_alley
[2026-07-04 05:04:41,634] INFO [weekendr.api] [google_places_service.py:68]: Found 0 places nearby coordinates (18.43, 73.875)
[2026-07-04 05:04:41,634] DEBUG [weekendr.api] [google_places_service.py:52]: Calling Google Places Nearby Search. LatLng: (18.43, 73.875), Radius: 1000, Type: movie_theater
[2026-07-04 05:04:41,731] INFO [weekendr.api] [google_places_service.py:68]: Found 0 places nearby coordinates (18.43, 73.875)
[2026-07-04 05:04:41,732] DEBUG [weekendr.api] [google_places_service.py:52]: Calling Google Places Nearby Search. LatLng: (18.43, 73.875), Radius: 1000, Type: casino
[2026-07-04 05:04:42,125] INFO [weekendr.api] [google_places_service.py:68]: Found 0 places nearby coordinates (18.43, 73.875)
[2026-07-04 05:04:42,126] DEBUG [weekendr.api] [google_places_service.py:52]: Calling Google Places Nearby Search. LatLng: (18.43, 73.875), Radius: 1000, Type: tourist_attraction
[2026-07-04 05:04:42,532] INFO [weekendr.api] [google_places_service.py:68]: Found 0 places nearby coordinates (18.43, 73.875)
[2026-07-04 05:04:42,533] DEBUG [weekendr.api] [google_places_service.py:52]: Calling Google Places Nearby Search. LatLng: (18.43, 73.875), Radius: 1000, Type: museum
[2026-07-04 05:04:42,950] INFO [weekendr.api] [google_places_service.py:68]: Found 0 places nearby coordinates (18.43, 73.875)
[2026-07-04 05:04:42,951] DEBUG [weekendr.api] [google_places_service.py:52]: Calling Google Places Nearby Search. LatLng: (18.43, 73.875), Radius: 1000, Type: art_gallery
[2026-07-04 05:04:43,340] INFO [weekendr.api] [google_places_service.py:68]: Found 0 places nearby coordinates (18.43, 73.875)
[2026-07-04 05:04:43,341] DEBUG [weekendr.api] [google_places_service.py:52]: Calling Google Places Nearby Search. LatLng: (18.43, 73.875), Radius: 1000, Type: park
[2026-07-04 05:04:43,751] INFO [weekendr.api] [google_places_service.py:68]: Found 0 places nearby coordinates (18.43, 73.875)
[2026-07-04 05:04:43,751] DEBUG [weekendr.api] [google_places_service.py:52]: Calling Google Places Nearby Search. LatLng: (18.43, 73.875), Radius: 1000, Type: campground
[2026-07-04 05:04:44,158] INFO [weekendr.api] [google_places_service.py:68]: Found 0 places nearby coordinates (18.43, 73.875)
[2026-07-04 05:04:44,159] DEBUG [weekendr.api] [google_places_service.py:52]: Calling Google Places Nearby Search. LatLng: (18.43, 73.875), Radius: 1000, Type: zoo
[2026-07-04 05:04:44,558] INFO [weekendr.api] [google_places_service.py:68]: Found 0 places nearby coordinates (18.43, 73.875)
[2026-07-04 05:04:44,559] DEBUG [weekendr.api] [google_places_service.py:52]: Calling Google Places Nearby Search. LatLng: (18.43, 73.875), Radius: 1000, Type: aquarium
[2026-07-04 05:04:44,958] INFO [weekendr.api] [google_places_service.py:68]: Found 0 places nearby coordinates (18.43, 73.875)
[2026-07-04 05:04:44,959] DEBUG [weekendr.api] [google_places_service.py:52]: Calling Google Places Nearby Search. LatLng: (18.43, 73.875), Radius: 1000, Type: shopping_mall
[2026-07-04 05:04:45,351] INFO [weekendr.api] [google_places_service.py:68]: Found 0 places nearby coordinates (18.43, 73.875)
[2026-07-04 05:04:45,352] DEBUG [weekendr.api] [google_places_service.py:52]: Calling Google Places Nearby Search. LatLng: (18.43, 73.875), Radius: 1000, Type: clothing_store
[2026-07-04 05:04:45,449] INFO [weekendr.api] [google_places_service.py:68]: Found 0 places nearby coordinates (18.43, 73.875)
[2026-07-04 05:04:45,449] DEBUG [weekendr.api] [google_places_service.py:52]: Calling Google Places Nearby Search. LatLng: (18.43, 73.875), Radius: 1000, Type: book_store
[2026-07-04 05:04:45,835] INFO [weekendr.api] [google_places_service.py:68]: Found 0 places nearby coordinates (18.43, 73.875)
[2026-07-04 05:04:45,835] DEBUG [weekendr.api] [google_places_service.py:52]: Calling Google Places Nearby Search. LatLng: (18.43, 73.875), Radius: 1000, Type: department_store
[2026-07-04 05:04:46,234] INFO [weekendr.api] [google_places_service.py:68]: Found 0 places nearby coordinates (18.43, 73.875)
[2026-07-04 05:04:46,234] DEBUG [weekendr.api] [google_places_service.py:52]: Calling Google Places Nearby Search. LatLng: (18.43, 73.875), Radius: 1000, Type: shoe_store
[2026-07-04 05:04:46,633] INFO [weekendr.api] [google_places_service.py:68]: Found 0 places nearby coordinates (18.43, 73.875)
[2026-07-04 05:04:46,633] DEBUG [weekendr.api] [google_places_service.py:52]: Calling Google Places Nearby Search. LatLng: (18.43, 73.89), Radius: 1000, Type: cafe
[2026-07-04 05:04:46,738] INFO [weekendr.api] [google_places_service.py:68]: Found 0 places nearby coordinates (18.43, 73.89)
[2026-07-04 05:04:46,739] DEBUG [weekendr.api] [google_places_service.py:52]: Calling Google Places Nearby Search. LatLng: (18.43, 73.89), Radius: 1000, Type: coffee_shop
[2026-07-04 05:04:47,130] INFO [weekendr.api] [google_places_service.py:68]: Found 0 places nearby coordinates (18.43, 73.89)
[2026-07-04 05:04:47,131] DEBUG [weekendr.api] [google_places_service.py:52]: Calling Google Places Nearby Search. LatLng: (18.43, 73.89), Radius: 1000, Type: bakery
[2026-07-04 05:04:47,533] INFO [weekendr.api] [google_places_service.py:68]: Found 0 places nearby coordinates (18.43, 73.89)
[2026-07-04 05:04:47,534] DEBUG [weekendr.api] [google_places_service.py:52]: Calling Google Places Nearby Search. LatLng: (18.43, 73.89), Radius: 1000, Type: confectionery
[2026-07-04 05:04:47,925] INFO [weekendr.api] [google_places_service.py:68]: Found 0 places nearby coordinates (18.43, 73.89)
[2026-07-04 05:04:47,925] DEBUG [weekendr.api] [google_places_service.py:52]: Calling Google Places Nearby Search. LatLng: (18.43, 73.89), Radius: 1000, Type: ice_cream_shop
[2026-07-04 05:04:48,336] INFO [weekendr.api] [google_places_service.py:68]: Found 0 places nearby coordinates (18.43, 73.89)
[2026-07-04 05:04:48,336] DEBUG [weekendr.api] [google_places_service.py:52]: Calling Google Places Nearby Search. LatLng: (18.43, 73.89), Radius: 1000, Type: restaurant
[2026-07-04 05:04:48,731] INFO [weekendr.api] [google_places_service.py:68]: Found 0 places nearby coordinates (18.43, 73.89)
[2026-07-04 05:04:48,731] DEBUG [weekendr.api] [google_places_service.py:52]: Calling Google Places Nearby Search. LatLng: (18.43, 73.89), Radius: 1000, Type: meal_takeaway
[2026-07-04 05:04:48,832] INFO [weekendr.api] [google_places_service.py:68]: Found 0 places nearby coordinates (18.43, 73.89)
[2026-07-04 05:04:48,833] DEBUG [weekendr.api] [google_places_service.py:52]: Calling Google Places Nearby Search. LatLng: (18.43, 73.89), Radius: 1000, Type: meal_delivery
[2026-07-04 05:04:49,273] INFO [weekendr.api] [google_places_service.py:68]: Found 0 places nearby coordinates (18.43, 73.89)
[2026-07-04 05:04:49,274] DEBUG [weekendr.api] [google_places_service.py:52]: Calling Google Places Nearby Search. LatLng: (18.43, 73.89), Radius: 1000, Type: bar
[2026-07-04 05:04:49,669] INFO [weekendr.api] [google_places_service.py:68]: Found 0 places nearby coordinates (18.43, 73.89)
[2026-07-04 05:04:49,670] DEBUG [weekendr.api] [google_places_service.py:52]: Calling Google Places Nearby Search. LatLng: (18.43, 73.89), Radius: 1000, Type: night_club
[2026-07-04 05:04:49,785] INFO [weekendr.api] [google_places_service.py:68]: Found 0 places nearby coordinates (18.43, 73.89)
[2026-07-04 05:04:49,786] DEBUG [weekendr.api] [google_places_service.py:52]: Calling Google Places Nearby Search. LatLng: (18.43, 73.89), Radius: 1000, Type: pub
[2026-07-04 05:04:50,184] INFO [weekendr.api] [google_places_service.py:68]: Found 0 places nearby coordinates (18.43, 73.89)
[2026-07-04 05:04:50,184] DEBUG [weekendr.api] [google_places_service.py:52]: Calling Google Places Nearby Search. LatLng: (18.43, 73.89), Radius: 1000, Type: amusement_park
[2026-07-04 05:04:50,578] INFO [weekendr.api] [google_places_service.py:68]: Found 0 places nearby coordinates (18.43, 73.89)
[2026-07-04 05:04:50,579] DEBUG [weekendr.api] [google_places_service.py:52]: Calling Google Places Nearby Search. LatLng: (18.43, 73.89), Radius: 1000, Type: bowling_alley
[2026-07-04 05:04:50,968] INFO [weekendr.api] [google_places_service.py:68]: Found 0 places nearby coordinates (18.43, 73.89)
[2026-07-04 05:04:50,968] DEBUG [weekendr.api] [google_places_service.py:52]: Calling Google Places Nearby Search. LatLng: (18.43, 73.89), Radius: 1000, Type: movie_theater
[2026-07-04 05:04:51,357] INFO [weekendr.api] [google_places_service.py:68]: Found 0 places nearby coordinates (18.43, 73.89)
[2026-07-04 05:04:51,357] DEBUG [weekendr.api] [google_places_service.py:52]: Calling Google Places Nearby Search. LatLng: (18.43, 73.89), Radius: 1000, Type: casino
[2026-07-04 05:04:51,783] INFO [weekendr.api] [google_places_service.py:68]: Found 0 places nearby coordinates (18.43, 73.89)
[2026-07-04 05:04:51,783] DEBUG [weekendr.api] [google_places_service.py:52]: Calling Google Places Nearby Search. LatLng: (18.43, 73.89), Radius: 1000, Type: tourist_attraction
[2026-07-04 05:04:52,183] INFO [weekendr.api] [google_places_service.py:68]: Found 0 places nearby coordinates (18.43, 73.89)
[2026-07-04 05:04:52,183] DEBUG [weekendr.api] [google_places_service.py:52]: Calling Google Places Nearby Search. LatLng: (18.43, 73.89), Radius: 1000, Type: museum
[2026-07-04 05:04:52,284] INFO [weekendr.api] [google_places_service.py:68]: Found 0 places nearby coordinates (18.43, 73.89)
[2026-07-04 05:04:52,284] DEBUG [weekendr.api] [google_places_service.py:52]: Calling Google Places Nearby Search. LatLng: (18.43, 73.89), Radius: 1000, Type: art_gallery
[2026-07-04 05:04:52,683] INFO [weekendr.api] [google_places_service.py:68]: Found 0 places nearby coordinates (18.43, 73.89)
[2026-07-04 05:04:52,683] DEBUG [weekendr.api] [google_places_service.py:52]: Calling Google Places Nearby Search. LatLng: (18.43, 73.89), Radius: 1000, Type: park
[2026-07-04 05:04:53,097] INFO [weekendr.api] [google_places_service.py:68]: Found 0 places nearby coordinates (18.43, 73.89)
[2026-07-04 05:04:53,098] DEBUG [weekendr.api] [google_places_service.py:52]: Calling Google Places Nearby Search. LatLng: (18.43, 73.89), Radius: 1000, Type: campground
[2026-07-04 05:04:53,531] INFO [weekendr.api] [google_places_service.py:68]: Found 0 places nearby coordinates (18.43, 73.89)
[2026-07-04 05:04:53,532] DEBUG [weekendr.api] [google_places_service.py:52]: Calling Google Places Nearby Search. LatLng: (18.43, 73.89), Radius: 1000, Type: zoo
[2026-07-04 05:04:53,950] INFO [weekendr.api] [google_places_service.py:68]: Found 0 places nearby coordinates (18.43, 73.89)
[2026-07-04 05:04:53,950] DEBUG [weekendr.api] [google_places_service.py:52]: Calling Google Places Nearby Search. LatLng: (18.43, 73.89), Radius: 1000, Type: aquarium
[2026-07-04 05:04:54,356] INFO [weekendr.api] [google_places_service.py:68]: Found 0 places nearby coordinates (18.43, 73.89)
[2026-07-04 05:04:54,356] DEBUG [weekendr.api] [google_places_service.py:52]: Calling Google Places Nearby Search. LatLng: (18.43, 73.89), Radius: 1000, Type: shopping_mall
[2026-07-04 05:04:54,770] INFO [weekendr.api] [google_places_service.py:68]: Found 0 places nearby coordinates (18.43, 73.89)
[2026-07-04 05:04:54,770] DEBUG [weekendr.api] [google_places_service.py:52]: Calling Google Places Nearby Search. LatLng: (18.43, 73.89), Radius: 1000, Type: clothing_store
[2026-07-04 05:04:55,175] INFO [weekendr.api] [google_places_service.py:68]: Found 0 places nearby coordinates (18.43, 73.89)
[2026-07-04 05:04:55,175] DEBUG [weekendr.api] [google_places_service.py:52]: Calling Google Places Nearby Search. LatLng: (18.43, 73.89), Radius: 1000, Type: book_store
[2026-07-04 05:04:55,569] INFO [weekendr.api] [google_places_service.py:68]: Found 0 places nearby coordinates (18.43, 73.89)
[2026-07-04 05:04:55,570] DEBUG [weekendr.api] [google_places_service.py:52]: Calling Google Places Nearby Search. LatLng: (18.43, 73.89), Radius: 1000, Type: department_store
[2026-07-04 05:04:55,970] INFO [weekendr.api] [google_places_service.py:68]: Found 0 places nearby coordinates (18.43, 73.89)
[2026-07-04 05:04:55,971] DEBUG [weekendr.api] [google_places_service.py:52]: Calling Google Places Nearby Search. LatLng: (18.43, 73.89), Radius: 1000, Type: shoe_store
[2026-07-04 05:04:56,365] INFO [weekendr.api] [google_places_service.py:68]: Found 0 places nearby coordinates (18.43, 73.89)
[2026-07-04 05:04:56,366] DEBUG [weekendr.api] [google_places_service.py:52]: Calling Google Places Nearby Search. LatLng: (18.43, 73.905), Radius: 1000, Type: cafe
[2026-07-04 05:04:56,763] INFO [weekendr.api] [google_places_service.py:68]: Found 0 places nearby coordinates (18.43, 73.905)
[2026-07-04 05:04:56,764] DEBUG [weekendr.api] [google_places_service.py:52]: Calling Google Places Nearby Search. LatLng: (18.43, 73.905), Radius: 1000, Type: coffee_shop
[2026-07-04 05:04:57,167] INFO [weekendr.api] [google_places_service.py:68]: Found 0 places nearby coordinates (18.43, 73.905)
[2026-07-04 05:04:57,167] DEBUG [weekendr.api] [google_places_service.py:52]: Calling Google Places Nearby Search. LatLng: (18.43, 73.905), Radius: 1000, Type: bakery
[2026-07-04 05:04:57,577] INFO [weekendr.api] [google_places_service.py:68]: Found 0 places nearby coordinates (18.43, 73.905)
[2026-07-04 05:04:57,578] DEBUG [weekendr.api] [google_places_service.py:52]: Calling Google Places Nearby Search. LatLng: (18.43, 73.905), Radius: 1000, Type: confectionery
[2026-07-04 05:04:57,684] INFO [weekendr.api] [google_places_service.py:68]: Found 0 places nearby coordinates (18.43, 73.905)
[2026-07-04 05:04:57,684] DEBUG [weekendr.api] [google_places_service.py:52]: Calling Google Places Nearby Search. LatLng: (18.43, 73.905), Radius: 1000, Type: ice_cream_shop
[2026-07-04 05:04:58,073] INFO [weekendr.api] [google_places_service.py:68]: Found 0 places nearby coordinates (18.43, 73.905)
[2026-07-04 05:04:58,074] DEBUG [weekendr.api] [google_places_service.py:52]: Calling Google Places Nearby Search. LatLng: (18.43, 73.905), Radius: 1000, Type: restaurant
[2026-07-04 05:04:58,486] INFO [weekendr.api] [google_places_service.py:68]: Found 0 places nearby coordinates (18.43, 73.905)
[2026-07-04 05:04:58,487] DEBUG [weekendr.api] [google_places_service.py:52]: Calling Google Places Nearby Search. LatLng: (18.43, 73.905), Radius: 1000, Type: meal_takeaway
[2026-07-04 05:04:58,588] INFO [weekendr.api] [google_places_service.py:68]: Found 0 places nearby coordinates (18.43, 73.905)
[2026-07-04 05:04:58,589] DEBUG [weekendr.api] [google_places_service.py:52]: Calling Google Places Nearby Search. LatLng: (18.43, 73.905), Radius: 1000, Type: meal_delivery
[2026-07-04 05:04:58,982] INFO [weekendr.api] [google_places_service.py:68]: Found 0 places nearby coordinates (18.43, 73.905)
[2026-07-04 05:04:58,983] DEBUG [weekendr.api] [google_places_service.py:52]: Calling Google Places Nearby Search. LatLng: (18.43, 73.905), Radius: 1000, Type: bar
[2026-07-04 05:04:59,387] INFO [weekendr.api] [google_places_service.py:68]: Found 0 places nearby coordinates (18.43, 73.905)
[2026-07-04 05:04:59,388] DEBUG [weekendr.api] [google_places_service.py:52]: Calling Google Places Nearby Search. LatLng: (18.43, 73.905), Radius: 1000, Type: night_club
[2026-07-04 05:04:59,788] INFO [weekendr.api] [google_places_service.py:68]: Found 0 places nearby coordinates (18.43, 73.905)
[2026-07-04 05:04:59,788] DEBUG [weekendr.api] [google_places_service.py:52]: Calling Google Places Nearby Search. LatLng: (18.43, 73.905), Radius: 1000, Type: pub
[2026-07-04 05:04:59,896] INFO [weekendr.api] [google_places_service.py:68]: Found 0 places nearby coordinates (18.43, 73.905)
[2026-07-04 05:04:59,897] DEBUG [weekendr.api] [google_places_service.py:52]: Calling Google Places Nearby Search. LatLng: (18.43, 73.905), Radius: 1000, Type: amusement_park
[2026-07-04 05:05:00,303] INFO [weekendr.api] [google_places_service.py:68]: Found 0 places nearby coordinates (18.43, 73.905)
[2026-07-04 05:05:00,304] DEBUG [weekendr.api] [google_places_service.py:52]: Calling Google Places Nearby Search. LatLng: (18.43, 73.905), Radius: 1000, Type: bowling_alley
[2026-07-04 05:05:00,698] INFO [weekendr.api] [google_places_service.py:68]: Found 0 places nearby coordinates (18.43, 73.905)
[2026-07-04 05:05:00,698] DEBUG [weekendr.api] [google_places_service.py:52]: Calling Google Places Nearby Search. LatLng: (18.43, 73.905), Radius: 1000, Type: movie_theater
[2026-07-04 05:05:01,088] INFO [weekendr.api] [google_places_service.py:68]: Found 0 places nearby coordinates (18.43, 73.905)
[2026-07-04 05:05:01,089] DEBUG [weekendr.api] [google_places_service.py:52]: Calling Google Places Nearby Search. LatLng: (18.43, 73.905), Radius: 1000, Type: casino
[2026-07-04 05:05:01,478] INFO [weekendr.api] [google_places_service.py:68]: Found 0 places nearby coordinates (18.43, 73.905)
[2026-07-04 05:05:01,479] DEBUG [weekendr.api] [google_places_service.py:52]: Calling Google Places Nearby Search. LatLng: (18.43, 73.905), Radius: 1000, Type: tourist_attraction
[2026-07-04 05:05:01,880] INFO [weekendr.api] [google_places_service.py:68]: Found 0 places nearby coordinates (18.43, 73.905)
[2026-07-04 05:05:01,880] DEBUG [weekendr.api] [google_places_service.py:52]: Calling Google Places Nearby Search. LatLng: (18.43, 73.905), Radius: 1000, Type: museum
[2026-07-04 05:05:02,294] INFO [weekendr.api] [google_places_service.py:68]: Found 0 places nearby coordinates (18.43, 73.905)
[2026-07-04 05:05:02,295] DEBUG [weekendr.api] [google_places_service.py:52]: Calling Google Places Nearby Search. LatLng: (18.43, 73.905), Radius: 1000, Type: art_gallery
[2026-07-04 05:05:02,687] INFO [weekendr.api] [google_places_service.py:68]: Found 0 places nearby coordinates (18.43, 73.905)
[2026-07-04 05:05:02,687] DEBUG [weekendr.api] [google_places_service.py:52]: Calling Google Places Nearby Search. LatLng: (18.43, 73.905), Radius: 1000, Type: park
[2026-07-04 05:05:03,107] INFO [weekendr.api] [google_places_service.py:68]: Found 0 places nearby coordinates (18.43, 73.905)
[2026-07-04 05:05:03,107] DEBUG [weekendr.api] [google_places_service.py:52]: Calling Google Places Nearby Search. LatLng: (18.43, 73.905), Radius: 1000, Type: campground
[2026-07-04 05:05:03,525] INFO [weekendr.api] [google_places_service.py:68]: Found 0 places nearby coordinates (18.43, 73.905)
[2026-07-04 05:05:03,525] DEBUG [weekendr.api] [google_places_service.py:52]: Calling Google Places Nearby Search. LatLng: (18.43, 73.905), Radius: 1000, Type: zoo
[2026-07-04 05:05:03,950] INFO [weekendr.api] [google_places_service.py:68]: Found 0 places nearby coordinates (18.43, 73.905)
[2026-07-04 05:05:03,951] DEBUG [weekendr.api] [google_places_service.py:52]: Calling Google Places Nearby Search. LatLng: (18.43, 73.905), Radius: 1000, Type: aquarium
[2026-07-04 05:05:04,349] INFO [weekendr.api] [google_places_service.py:68]: Found 0 places nearby coordinates (18.43, 73.905)
[2026-07-04 05:05:04,350] DEBUG [weekendr.api] [google_places_service.py:52]: Calling Google Places Nearby Search. LatLng: (18.43, 73.905), Radius: 1000, Type: shopping_mall
[2026-07-04 05:05:04,758] INFO [weekendr.api] [google_places_service.py:68]: Found 0 places nearby coordinates (18.43, 73.905)
[2026-07-04 05:05:04,759] DEBUG [weekendr.api] [google_places_service.py:52]: Calling Google Places Nearby Search. LatLng: (18.43, 73.905), Radius: 1000, Type: clothing_store
[2026-07-04 05:05:05,157] INFO [weekendr.api] [google_places_service.py:68]: Found 0 places nearby coordinates (18.43, 73.905)
[2026-07-04 05:05:05,157] DEBUG [weekendr.api] [google_places_service.py:52]: Calling Google Places Nearby Search. LatLng: (18.43, 73.905), Radius: 1000, Type: book_store
[2026-07-04 05:05:05,265] INFO [weekendr.api] [google_places_service.py:68]: Found 0 places nearby coordinates (18.43, 73.905)
[2026-07-04 05:05:05,265] DEBUG [weekendr.api] [google_places_service.py:52]: Calling Google Places Nearby Search. LatLng: (18.43, 73.905), Radius: 1000, Type: department_store
[2026-07-04 05:05:05,656] INFO [weekendr.api] [google_places_service.py:68]: Found 0 places nearby coordinates (18.43, 73.905)
[2026-07-04 05:05:05,656] DEBUG [weekendr.api] [google_places_service.py:52]: Calling Google Places Nearby Search. LatLng: (18.43, 73.905), Radius: 1000, Type: shoe_store
[2026-07-04 05:05:06,069] INFO [weekendr.api] [google_places_service.py:68]: Found 0 places nearby coordinates (18.43, 73.905)
[2026-07-04 05:05:06,070] DEBUG [weekendr.api] [google_places_service.py:52]: Calling Google Places Nearby Search. LatLng: (18.43, 73.92), Radius: 1000, Type: cafe
[2026-07-04 05:05:06,482] INFO [weekendr.api] [google_places_service.py:68]: Found 0 places nearby coordinates (18.43, 73.92)
[2026-07-04 05:05:06,483] DEBUG [weekendr.api] [google_places_service.py:52]: Calling Google Places Nearby Search. LatLng: (18.43, 73.92), Radius: 1000, Type: coffee_shop
[2026-07-04 05:05:06,882] INFO [weekendr.api] [google_places_service.py:68]: Found 0 places nearby coordinates (18.43, 73.92)
[2026-07-04 05:05:06,882] DEBUG [weekendr.api] [google_places_service.py:52]: Calling Google Places Nearby Search. LatLng: (18.43, 73.92), Radius: 1000, Type: bakery
[2026-07-04 05:05:07,275] INFO [weekendr.api] [google_places_service.py:68]: Found 0 places nearby coordinates (18.43, 73.92)
[2026-07-04 05:05:07,276] DEBUG [weekendr.api] [google_places_service.py:52]: Calling Google Places Nearby Search. LatLng: (18.43, 73.92), Radius: 1000, Type: confectionery
[2026-07-04 05:05:07,379] INFO [weekendr.api] [google_places_service.py:68]: Found 0 places nearby coordinates (18.43, 73.92)
[2026-07-04 05:05:07,380] DEBUG [weekendr.api] [google_places_service.py:52]: Calling Google Places Nearby Search. LatLng: (18.43, 73.92), Radius: 1000, Type: ice_cream_shop
[2026-07-04 05:05:07,485] INFO [weekendr.api] [google_places_service.py:68]: Found 0 places nearby coordinates (18.43, 73.92)
[2026-07-04 05:05:07,486] DEBUG [weekendr.api] [google_places_service.py:52]: Calling Google Places Nearby Search. LatLng: (18.43, 73.92), Radius: 1000, Type: restaurant
[2026-07-04 05:05:07,889] INFO [weekendr.api] [google_places_service.py:68]: Found 0 places nearby coordinates (18.43, 73.92)
[2026-07-04 05:05:07,890] DEBUG [weekendr.api] [google_places_service.py:52]: Calling Google Places Nearby Search. LatLng: (18.43, 73.92), Radius: 1000, Type: meal_takeaway
[2026-07-04 05:05:07,985] INFO [weekendr.api] [google_places_service.py:68]: Found 0 places nearby coordinates (18.43, 73.92)
[2026-07-04 05:05:07,985] DEBUG [weekendr.api] [google_places_service.py:52]: Calling Google Places Nearby Search. LatLng: (18.43, 73.92), Radius: 1000, Type: meal_delivery
[2026-07-04 05:05:08,395] INFO [weekendr.api] [google_places_service.py:68]: Found 0 places nearby coordinates (18.43, 73.92)
[2026-07-04 05:05:08,396] DEBUG [weekendr.api] [google_places_service.py:52]: Calling Google Places Nearby Search. LatLng: (18.43, 73.92), Radius: 1000, Type: bar
[2026-07-04 05:05:08,566] INFO [weekendr.api] [google_places_service.py:68]: Found 0 places nearby coordinates (18.43, 73.92)
[2026-07-04 05:05:08,566] DEBUG [weekendr.api] [google_places_service.py:52]: Calling Google Places Nearby Search. LatLng: (18.43, 73.92), Radius: 1000, Type: night_club
[2026-07-04 05:05:08,985] INFO [weekendr.api] [google_places_service.py:68]: Found 0 places nearby coordinates (18.43, 73.92)
[2026-07-04 05:05:08,986] DEBUG [weekendr.api] [google_places_service.py:52]: Calling Google Places Nearby Search. LatLng: (18.43, 73.92), Radius: 1000, Type: pub
[2026-07-04 05:05:09,385] INFO [weekendr.api] [google_places_service.py:68]: Found 0 places nearby coordinates (18.43, 73.92)
[2026-07-04 05:05:09,386] DEBUG [weekendr.api] [google_places_service.py:52]: Calling Google Places Nearby Search. LatLng: (18.43, 73.92), Radius: 1000, Type: amusement_park
[2026-07-04 05:05:09,782] INFO [weekendr.api] [google_places_service.py:68]: Found 0 places nearby coordinates (18.43, 73.92)
[2026-07-04 05:05:09,783] DEBUG [weekendr.api] [google_places_service.py:52]: Calling Google Places Nearby Search. LatLng: (18.43, 73.92), Radius: 1000, Type: bowling_alley
[2026-07-04 05:05:10,180] INFO [weekendr.api] [google_places_service.py:68]: Found 0 places nearby coordinates (18.43, 73.92)
[2026-07-04 05:05:10,180] DEBUG [weekendr.api] [google_places_service.py:52]: Calling Google Places Nearby Search. LatLng: (18.43, 73.92), Radius: 1000, Type: movie_theater
[2026-07-04 05:05:10,570] INFO [weekendr.api] [google_places_service.py:68]: Found 0 places nearby coordinates (18.43, 73.92)
[2026-07-04 05:05:10,570] DEBUG [weekendr.api] [google_places_service.py:52]: Calling Google Places Nearby Search. LatLng: (18.43, 73.92), Radius: 1000, Type: casino
[2026-07-04 05:05:10,707] INFO [weekendr.api] [google_places_service.py:68]: Found 0 places nearby coordinates (18.43, 73.92)
[2026-07-04 05:05:10,707] DEBUG [weekendr.api] [google_places_service.py:52]: Calling Google Places Nearby Search. LatLng: (18.43, 73.92), Radius: 1000, Type: tourist_attraction
[2026-07-04 05:05:11,112] INFO [weekendr.api] [google_places_service.py:68]: Found 0 places nearby coordinates (18.43, 73.92)
[2026-07-04 05:05:11,112] DEBUG [weekendr.api] [google_places_service.py:52]: Calling Google Places Nearby Search. LatLng: (18.43, 73.92), Radius: 1000, Type: museum
[2026-07-04 05:05:11,563] INFO [weekendr.api] [google_places_service.py:68]: Found 0 places nearby coordinates (18.43, 73.92)
[2026-07-04 05:05:11,564] DEBUG [weekendr.api] [google_places_service.py:52]: Calling Google Places Nearby Search. LatLng: (18.43, 73.92), Radius: 1000, Type: art_gallery
[2026-07-04 05:05:12,031] INFO [weekendr.api] [google_places_service.py:68]: Found 0 places nearby coordinates (18.43, 73.92)
[2026-07-04 05:05:12,031] DEBUG [weekendr.api] [google_places_service.py:52]: Calling Google Places Nearby Search. LatLng: (18.43, 73.92), Radius: 1000, Type: park
[2026-07-04 05:05:12,161] INFO [weekendr.api] [google_places_service.py:68]: Found 0 places nearby coordinates (18.43, 73.92)
[2026-07-04 05:05:12,162] DEBUG [weekendr.api] [google_places_service.py:52]: Calling Google Places Nearby Search. LatLng: (18.43, 73.92), Radius: 1000, Type: campground
[2026-07-04 05:05:12,580] INFO [weekendr.api] [google_places_service.py:68]: Found 0 places nearby coordinates (18.43, 73.92)
[2026-07-04 05:05:12,581] DEBUG [weekendr.api] [google_places_service.py:52]: Calling Google Places Nearby Search. LatLng: (18.43, 73.92), Radius: 1000, Type: zoo
[2026-07-04 05:05:12,976] INFO [weekendr.api] [google_places_service.py:68]: Found 0 places nearby coordinates (18.43, 73.92)
[2026-07-04 05:05:12,977] DEBUG [weekendr.api] [google_places_service.py:52]: Calling Google Places Nearby Search. LatLng: (18.43, 73.92), Radius: 1000, Type: aquarium
[2026-07-04 05:05:13,381] INFO [weekendr.api] [google_places_service.py:68]: Found 0 places nearby coordinates (18.43, 73.92)
[2026-07-04 05:05:13,381] DEBUG [weekendr.api] [google_places_service.py:52]: Calling Google Places Nearby Search. LatLng: (18.43, 73.92), Radius: 1000, Type: shopping_mall
[2026-07-04 05:05:13,777] INFO [weekendr.api] [google_places_service.py:68]: Found 0 places nearby coordinates (18.43, 73.92)
[2026-07-04 05:05:13,778] DEBUG [weekendr.api] [google_places_service.py:52]: Calling Google Places Nearby Search. LatLng: (18.43, 73.92), Radius: 1000, Type: clothing_store
[2026-07-04 05:05:14,179] INFO [weekendr.api] [google_places_service.py:68]: Found 0 places nearby coordinates (18.43, 73.92)
[2026-07-04 05:05:14,180] DEBUG [weekendr.api] [google_places_service.py:52]: Calling Google Places Nearby Search. LatLng: (18.43, 73.92), Radius: 1000, Type: book_store
[2026-07-04 05:05:14,574] INFO [weekendr.api] [google_places_service.py:68]: Found 0 places nearby coordinates (18.43, 73.92)
[2026-07-04 05:05:14,575] DEBUG [weekendr.api] [google_places_service.py:52]: Calling Google Places Nearby Search. LatLng: (18.43, 73.92), Radius: 1000, Type: department_store
[2026-07-04 05:05:14,987] INFO [weekendr.api] [google_places_service.py:68]: Found 0 places nearby coordinates (18.43, 73.92)
[2026-07-04 05:05:14,987] DEBUG [weekendr.api] [google_places_service.py:52]: Calling Google Places Nearby Search. LatLng: (18.43, 73.92), Radius: 1000, Type: shoe_store
[2026-07-04 05:05:15,396] INFO [weekendr.api] [google_places_service.py:68]: Found 0 places nearby coordinates (18.43, 73.92)
[2026-07-04 05:05:15,397] DEBUG [weekendr.api] [google_places_service.py:52]: Calling Google Places Nearby Search. LatLng: (18.43, 73.935), Radius: 1000, Type: cafe
[2026-07-04 05:05:15,800] INFO [weekendr.api] [google_places_service.py:68]: Found 0 places nearby coordinates (18.43, 73.935)
[2026-07-04 05:05:15,800] DEBUG [weekendr.api] [google_places_service.py:52]: Calling Google Places Nearby Search. LatLng: (18.43, 73.935), Radius: 1000, Type: coffee_shop
[2026-07-04 05:05:16,183] INFO [weekendr.api] [google_places_service.py:68]: Found 0 places nearby coordinates (18.43, 73.935)
[2026-07-04 05:05:16,184] DEBUG [weekendr.api] [google_places_service.py:52]: Calling Google Places Nearby Search. LatLng: (18.43, 73.935), Radius: 1000, Type: bakery
[2026-07-04 05:05:16,584] INFO [weekendr.api] [google_places_service.py:68]: Found 0 places nearby coordinates (18.43, 73.935)
[2026-07-04 05:05:16,584] DEBUG [weekendr.api] [google_places_service.py:52]: Calling Google Places Nearby Search. LatLng: (18.43, 73.935), Radius: 1000, Type: confectionery
[2026-07-04 05:05:16,984] INFO [weekendr.api] [google_places_service.py:68]: Found 0 places nearby coordinates (18.43, 73.935)
[2026-07-04 05:05:16,984] DEBUG [weekendr.api] [google_places_service.py:52]: Calling Google Places Nearby Search. LatLng: (18.43, 73.935), Radius: 1000, Type: ice_cream_shop
[2026-07-04 05:05:17,380] INFO [weekendr.api] [google_places_service.py:68]: Found 0 places nearby coordinates (18.43, 73.935)
[2026-07-04 05:05:17,381] DEBUG [weekendr.api] [google_places_service.py:52]: Calling Google Places Nearby Search. LatLng: (18.43, 73.935), Radius: 1000, Type: restaurant
[2026-07-04 05:05:17,808] INFO [weekendr.api] [google_places_service.py:68]: Found 0 places nearby coordinates (18.43, 73.935)
[2026-07-04 05:05:17,809] DEBUG [weekendr.api] [google_places_service.py:52]: Calling Google Places Nearby Search. LatLng: (18.43, 73.935), Radius: 1000, Type: meal_takeaway
[2026-07-04 05:05:18,213] INFO [weekendr.api] [google_places_service.py:68]: Found 0 places nearby coordinates (18.43, 73.935)
[2026-07-04 05:05:18,214] DEBUG [weekendr.api] [google_places_service.py:52]: Calling Google Places Nearby Search. LatLng: (18.43, 73.935), Radius: 1000, Type: meal_delivery
[2026-07-04 05:05:18,615] INFO [weekendr.api] [google_places_service.py:68]: Found 0 places nearby coordinates (18.43, 73.935)
[2026-07-04 05:05:18,616] DEBUG [weekendr.api] [google_places_service.py:52]: Calling Google Places Nearby Search. LatLng: (18.43, 73.935), Radius: 1000, Type: bar
[2026-07-04 05:05:18,714] INFO [weekendr.api] [google_places_service.py:68]: Found 0 places nearby coordinates (18.43, 73.935)
[2026-07-04 05:05:18,714] DEBUG [weekendr.api] [google_places_service.py:52]: Calling Google Places Nearby Search. LatLng: (18.43, 73.935), Radius: 1000, Type: night_club
[2026-07-04 05:05:19,127] INFO [weekendr.api] [google_places_service.py:68]: Found 0 places nearby coordinates (18.43, 73.935)
[2026-07-04 05:05:19,128] DEBUG [weekendr.api] [google_places_service.py:52]: Calling Google Places Nearby Search. LatLng: (18.43, 73.935), Radius: 1000, Type: pub
[2026-07-04 05:05:19,529] INFO [weekendr.api] [google_places_service.py:68]: Found 0 places nearby coordinates (18.43, 73.935)
[2026-07-04 05:05:19,530] DEBUG [weekendr.api] [google_places_service.py:52]: Calling Google Places Nearby Search. LatLng: (18.43, 73.935), Radius: 1000, Type: amusement_park
[2026-07-04 05:05:19,922] INFO [weekendr.api] [google_places_service.py:68]: Found 0 places nearby coordinates (18.43, 73.935)
[2026-07-04 05:05:19,923] DEBUG [weekendr.api] [google_places_service.py:52]: Calling Google Places Nearby Search. LatLng: (18.43, 73.935), Radius: 1000, Type: bowling_alley
[2026-07-04 05:05:20,030] INFO [weekendr.api] [google_places_service.py:68]: Found 0 places nearby coordinates (18.43, 73.935)
[2026-07-04 05:05:20,031] DEBUG [weekendr.api] [google_places_service.py:52]: Calling Google Places Nearby Search. LatLng: (18.43, 73.935), Radius: 1000, Type: movie_theater
[2026-07-04 05:05:20,440] INFO [weekendr.api] [google_places_service.py:68]: Found 0 places nearby coordinates (18.43, 73.935)
[2026-07-04 05:05:20,440] DEBUG [weekendr.api] [google_places_service.py:52]: Calling Google Places Nearby Search. LatLng: (18.43, 73.935), Radius: 1000, Type: casino
[2026-07-04 05:05:20,847] INFO [weekendr.api] [google_places_service.py:68]: Found 0 places nearby coordinates (18.43, 73.935)
[2026-07-04 05:05:20,848] DEBUG [weekendr.api] [google_places_service.py:52]: Calling Google Places Nearby Search. LatLng: (18.43, 73.935), Radius: 1000, Type: tourist_attraction
[2026-07-04 05:05:21,251] INFO [weekendr.api] [google_places_service.py:68]: Found 0 places nearby coordinates (18.43, 73.935)
[2026-07-04 05:05:21,252] DEBUG [weekendr.api] [google_places_service.py:52]: Calling Google Places Nearby Search. LatLng: (18.43, 73.935), Radius: 1000, Type: museum
[2026-07-04 05:05:21,406] INFO [weekendr.api] [google_places_service.py:68]: Found 0 places nearby coordinates (18.43, 73.935)
[2026-07-04 05:05:21,406] DEBUG [weekendr.api] [google_places_service.py:52]: Calling Google Places Nearby Search. LatLng: (18.43, 73.935), Radius: 1000, Type: art_gallery
[2026-07-04 05:05:21,814] INFO [weekendr.api] [google_places_service.py:68]: Found 0 places nearby coordinates (18.43, 73.935)
[2026-07-04 05:05:21,814] DEBUG [weekendr.api] [google_places_service.py:52]: Calling Google Places Nearby Search. LatLng: (18.43, 73.935), Radius: 1000, Type: park
[2026-07-04 05:05:22,214] INFO [weekendr.api] [google_places_service.py:68]: Found 0 places nearby coordinates (18.43, 73.935)
[2026-07-04 05:05:22,214] DEBUG [weekendr.api] [google_places_service.py:52]: Calling Google Places Nearby Search. LatLng: (18.43, 73.935), Radius: 1000, Type: campground
[2026-07-04 05:05:22,616] INFO [weekendr.api] [google_places_service.py:68]: Found 0 places nearby coordinates (18.43, 73.935)
[2026-07-04 05:05:22,616] DEBUG [weekendr.api] [google_places_service.py:52]: Calling Google Places Nearby Search. LatLng: (18.43, 73.935), Radius: 1000, Type: zoo
[2026-07-04 05:05:23,008] INFO [weekendr.api] [google_places_service.py:68]: Found 0 places nearby coordinates (18.43, 73.935)
[2026-07-04 05:05:23,009] DEBUG [weekendr.api] [google_places_service.py:52]: Calling Google Places Nearby Search. LatLng: (18.43, 73.935), Radius: 1000, Type: aquarium
[2026-07-04 05:05:23,404] INFO [weekendr.api] [google_places_service.py:68]: Found 0 places nearby coordinates (18.43, 73.935)
[2026-07-04 05:05:23,405] DEBUG [weekendr.api] [google_places_service.py:52]: Calling Google Places Nearby Search. LatLng: (18.43, 73.935), Radius: 1000, Type: shopping_mall
[2026-07-04 05:05:23,812] INFO [weekendr.api] [google_places_service.py:68]: Found 0 places nearby coordinates (18.43, 73.935)
[2026-07-04 05:05:23,813] DEBUG [weekendr.api] [google_places_service.py:52]: Calling Google Places Nearby Search. LatLng: (18.43, 73.935), Radius: 1000, Type: clothing_store
[2026-07-04 05:05:23,995] INFO [weekendr.api] [google_places_service.py:68]: Found 0 places nearby coordinates (18.43, 73.935)
[2026-07-04 05:05:23,996] DEBUG [weekendr.api] [google_places_service.py:52]: Calling Google Places Nearby Search. LatLng: (18.43, 73.935), Radius: 1000, Type: book_store
[2026-07-04 05:05:24,393] INFO [weekendr.api] [google_places_service.py:68]: Found 0 places nearby coordinates (18.43, 73.935)
[2026-07-04 05:05:24,394] DEBUG [weekendr.api] [google_places_service.py:52]: Calling Google Places Nearby Search. LatLng: (18.43, 73.935), Radius: 1000, Type: department_store
[2026-07-04 05:05:24,798] INFO [weekendr.api] [google_places_service.py:68]: Found 0 places nearby coordinates (18.43, 73.935)
[2026-07-04 05:05:24,799] DEBUG [weekendr.api] [google_places_service.py:52]: Calling Google Places Nearby Search. LatLng: (18.43, 73.935), Radius: 1000, Type: shoe_store
[2026-07-04 05:05:25,201] INFO [weekendr.api] [google_places_service.py:68]: Found 0 places nearby coordinates (18.43, 73.935)
[2026-07-04 05:05:25,202] DEBUG [weekendr.api] [google_places_service.py:52]: Calling Google Places Nearby Search. LatLng: (18.43, 73.95), Radius: 1000, Type: cafe
[2026-07-04 05:05:25,619] INFO [weekendr.api] [google_places_service.py:68]: Found 0 places nearby coordinates (18.43, 73.95)
[2026-07-04 05:05:25,620] DEBUG [weekendr.api] [google_places_service.py:52]: Calling Google Places Nearby Search. LatLng: (18.43, 73.95), Radius: 1000, Type: coffee_shop
[2026-07-04 05:05:26,029] INFO [weekendr.api] [google_places_service.py:68]: Found 0 places nearby coordinates (18.43, 73.95)
[2026-07-04 05:05:26,029] DEBUG [weekendr.api] [google_places_service.py:52]: Calling Google Places Nearby Search. LatLng: (18.43, 73.95), Radius: 1000, Type: bakery
[2026-07-04 05:05:26,445] INFO [weekendr.api] [google_places_service.py:68]: Found 0 places nearby coordinates (18.43, 73.95)
[2026-07-04 05:05:26,446] DEBUG [weekendr.api] [google_places_service.py:52]: Calling Google Places Nearby Search. LatLng: (18.43, 73.95), Radius: 1000, Type: confectionery
[2026-07-04 05:05:26,829] INFO [weekendr.api] [google_places_service.py:68]: Found 0 places nearby coordinates (18.43, 73.95)
[2026-07-04 05:05:26,830] DEBUG [weekendr.api] [google_places_service.py:52]: Calling Google Places Nearby Search. LatLng: (18.43, 73.95), Radius: 1000, Type: ice_cream_shop
[2026-07-04 05:05:27,244] INFO [weekendr.api] [google_places_service.py:68]: Found 0 places nearby coordinates (18.43, 73.95)
[2026-07-04 05:05:27,245] DEBUG [weekendr.api] [google_places_service.py:52]: Calling Google Places Nearby Search. LatLng: (18.43, 73.95), Radius: 1000, Type: restaurant
[2026-07-04 05:05:27,637] INFO [weekendr.api] [google_places_service.py:68]: Found 0 places nearby coordinates (18.43, 73.95)
[2026-07-04 05:05:27,638] DEBUG [weekendr.api] [google_places_service.py:52]: Calling Google Places Nearby Search. LatLng: (18.43, 73.95), Radius: 1000, Type: meal_takeaway
[2026-07-04 05:05:28,055] INFO [weekendr.api] [google_places_service.py:68]: Found 0 places nearby coordinates (18.43, 73.95)
[2026-07-04 05:05:28,056] DEBUG [weekendr.api] [google_places_service.py:52]: Calling Google Places Nearby Search. LatLng: (18.43, 73.95), Radius: 1000, Type: meal_delivery
[2026-07-04 05:05:28,474] INFO [weekendr.api] [google_places_service.py:68]: Found 0 places nearby coordinates (18.43, 73.95)
[2026-07-04 05:05:28,475] DEBUG [weekendr.api] [google_places_service.py:52]: Calling Google Places Nearby Search. LatLng: (18.43, 73.95), Radius: 1000, Type: bar
[2026-07-04 05:05:28,882] INFO [weekendr.api] [google_places_service.py:68]: Found 0 places nearby coordinates (18.43, 73.95)
[2026-07-04 05:05:28,882] DEBUG [weekendr.api] [google_places_service.py:52]: Calling Google Places Nearby Search. LatLng: (18.43, 73.95), Radius: 1000, Type: night_club
[2026-07-04 05:05:28,984] INFO [weekendr.api] [google_places_service.py:68]: Found 0 places nearby coordinates (18.43, 73.95)
[2026-07-04 05:05:28,984] DEBUG [weekendr.api] [google_places_service.py:52]: Calling Google Places Nearby Search. LatLng: (18.43, 73.95), Radius: 1000, Type: pub
[2026-07-04 05:05:29,395] INFO [weekendr.api] [google_places_service.py:68]: Found 0 places nearby coordinates (18.43, 73.95)
[2026-07-04 05:05:29,395] DEBUG [weekendr.api] [google_places_service.py:52]: Calling Google Places Nearby Search. LatLng: (18.43, 73.95), Radius: 1000, Type: amusement_park
[2026-07-04 05:05:29,791] INFO [weekendr.api] [google_places_service.py:68]: Found 0 places nearby coordinates (18.43, 73.95)
[2026-07-04 05:05:29,792] DEBUG [weekendr.api] [google_places_service.py:52]: Calling Google Places Nearby Search. LatLng: (18.43, 73.95), Radius: 1000, Type: bowling_alley
[2026-07-04 05:05:30,206] INFO [weekendr.api] [google_places_service.py:68]: Found 0 places nearby coordinates (18.43, 73.95)
[2026-07-04 05:05:30,207] DEBUG [weekendr.api] [google_places_service.py:52]: Calling Google Places Nearby Search. LatLng: (18.43, 73.95), Radius: 1000, Type: movie_theater
[2026-07-04 05:05:30,604] INFO [weekendr.api] [google_places_service.py:68]: Found 0 places nearby coordinates (18.43, 73.95)
[2026-07-04 05:05:30,605] DEBUG [weekendr.api] [google_places_service.py:52]: Calling Google Places Nearby Search. LatLng: (18.43, 73.95), Radius: 1000, Type: casino
[2026-07-04 05:05:30,998] INFO [weekendr.api] [google_places_service.py:68]: Found 0 places nearby coordinates (18.43, 73.95)
[2026-07-04 05:05:30,999] DEBUG [weekendr.api] [google_places_service.py:52]: Calling Google Places Nearby Search. LatLng: (18.43, 73.95), Radius: 1000, Type: tourist_attraction
[2026-07-04 05:05:31,419] INFO [weekendr.api] [google_places_service.py:68]: Found 0 places nearby coordinates (18.43, 73.95)
[2026-07-04 05:05:31,419] DEBUG [weekendr.api] [google_places_service.py:52]: Calling Google Places Nearby Search. LatLng: (18.43, 73.95), Radius: 1000, Type: museum
[2026-07-04 05:05:31,814] INFO [weekendr.api] [google_places_service.py:68]: Found 0 places nearby coordinates (18.43, 73.95)
[2026-07-04 05:05:31,815] DEBUG [weekendr.api] [google_places_service.py:52]: Calling Google Places Nearby Search. LatLng: (18.43, 73.95), Radius: 1000, Type: art_gallery
[2026-07-04 05:05:32,209] INFO [weekendr.api] [google_places_service.py:68]: Found 0 places nearby coordinates (18.43, 73.95)
[2026-07-04 05:05:32,210] DEBUG [weekendr.api] [google_places_service.py:52]: Calling Google Places Nearby Search. LatLng: (18.43, 73.95), Radius: 1000, Type: park
[2026-07-04 05:05:32,628] INFO [weekendr.api] [google_places_service.py:68]: Found 0 places nearby coordinates (18.43, 73.95)
[2026-07-04 05:05:32,629] DEBUG [weekendr.api] [google_places_service.py:52]: Calling Google Places Nearby Search. LatLng: (18.43, 73.95), Radius: 1000, Type: campground
[2026-07-04 05:05:33,016] INFO [weekendr.api] [google_places_service.py:68]: Found 0 places nearby coordinates (18.43, 73.95)
[2026-07-04 05:05:33,016] DEBUG [weekendr.api] [google_places_service.py:52]: Calling Google Places Nearby Search. LatLng: (18.43, 73.95), Radius: 1000, Type: zoo
[2026-07-04 05:05:33,414] INFO [weekendr.api] [google_places_service.py:68]: Found 0 places nearby coordinates (18.43, 73.95)
[2026-07-04 05:05:33,414] DEBUG [weekendr.api] [google_places_service.py:52]: Calling Google Places Nearby Search. LatLng: (18.43, 73.95), Radius: 1000, Type: aquarium
[2026-07-04 05:05:33,827] INFO [weekendr.api] [google_places_service.py:68]: Found 0 places nearby coordinates (18.43, 73.95)
[2026-07-04 05:05:33,828] DEBUG [weekendr.api] [google_places_service.py:52]: Calling Google Places Nearby Search. LatLng: (18.43, 73.95), Radius: 1000, Type: shopping_mall
[2026-07-04 05:05:34,245] INFO [weekendr.api] [google_places_service.py:68]: Found 0 places nearby coordinates (18.43, 73.95)
[2026-07-04 05:05:34,246] DEBUG [weekendr.api] [google_places_service.py:52]: Calling Google Places Nearby Search. LatLng: (18.43, 73.95), Radius: 1000, Type: clothing_store
[2026-07-04 05:05:34,636] INFO [weekendr.api] [google_places_service.py:68]: Found 0 places nearby coordinates (18.43, 73.95)
[2026-07-04 05:05:34,636] DEBUG [weekendr.api] [google_places_service.py:52]: Calling Google Places Nearby Search. LatLng: (18.43, 73.95), Radius: 1000, Type: book_store
[2026-07-04 05:05:34,732] INFO [weekendr.api] [google_places_service.py:68]: Found 0 places nearby coordinates (18.43, 73.95)
[2026-07-04 05:05:34,733] DEBUG [weekendr.api] [google_places_service.py:52]: Calling Google Places Nearby Search. LatLng: (18.43, 73.95), Radius: 1000, Type: department_store
[2026-07-04 05:05:35,154] INFO [weekendr.api] [google_places_service.py:68]: Found 0 places nearby coordinates (18.43, 73.95)
[2026-07-04 05:05:35,155] DEBUG [weekendr.api] [google_places_service.py:52]: Calling Google Places Nearby Search. LatLng: (18.43, 73.95), Radius: 1000, Type: shoe_store
[2026-07-04 05:05:35,548] INFO [weekendr.api] [google_places_service.py:68]: Found 0 places nearby coordinates (18.43, 73.95)
[2026-07-04 05:05:35,549] DEBUG [weekendr.api] [google_places_service.py:52]: Calling Google Places Nearby Search. LatLng: (18.445, 73.74), Radius: 1000, Type: cafe
[2026-07-04 05:05:35,938] INFO [weekendr.api] [google_places_service.py:68]: Found 0 places nearby coordinates (18.445, 73.74)
[2026-07-04 05:05:35,939] DEBUG [weekendr.api] [google_places_service.py:52]: Calling Google Places Nearby Search. LatLng: (18.445, 73.74), Radius: 1000, Type: coffee_shop
[2026-07-04 05:05:36,098] INFO [weekendr.api] [google_places_service.py:68]: Found 0 places nearby coordinates (18.445, 73.74)
[2026-07-04 05:05:36,099] DEBUG [weekendr.api] [google_places_service.py:52]: Calling Google Places Nearby Search. LatLng: (18.445, 73.74), Radius: 1000, Type: bakery
[2026-07-04 05:05:36,524] INFO [weekendr.api] [google_places_service.py:68]: Found 0 places nearby coordinates (18.445, 73.74)
[2026-07-04 05:05:36,526] DEBUG [weekendr.api] [google_places_service.py:52]: Calling Google Places Nearby Search. LatLng: (18.445, 73.74), Radius: 1000, Type: confectionery
[2026-07-04 05:05:36,924] INFO [weekendr.api] [google_places_service.py:68]: Found 0 places nearby coordinates (18.445, 73.74)
[2026-07-04 05:05:36,926] DEBUG [weekendr.api] [google_places_service.py:52]: Calling Google Places Nearby Search. LatLng: (18.445, 73.74), Radius: 1000, Type: ice_cream_shop
[2026-07-04 05:05:37,332] INFO [weekendr.api] [google_places_service.py:68]: Found 0 places nearby coordinates (18.445, 73.74)
[2026-07-04 05:05:37,332] DEBUG [weekendr.api] [google_places_service.py:52]: Calling Google Places Nearby Search. LatLng: (18.445, 73.74), Radius: 1000, Type: restaurant
[2026-07-04 05:05:37,729] INFO [weekendr.api] [google_places_service.py:68]: Found 0 places nearby coordinates (18.445, 73.74)
[2026-07-04 05:05:37,729] DEBUG [weekendr.api] [google_places_service.py:52]: Calling Google Places Nearby Search. LatLng: (18.445, 73.74), Radius: 1000, Type: meal_takeaway
[2026-07-04 05:05:38,124] INFO [weekendr.api] [google_places_service.py:68]: Found 0 places nearby coordinates (18.445, 73.74)
[2026-07-04 05:05:38,125] DEBUG [weekendr.api] [google_places_service.py:52]: Calling Google Places Nearby Search. LatLng: (18.445, 73.74), Radius: 1000, Type: meal_delivery
[2026-07-04 05:05:38,539] INFO [weekendr.api] [google_places_service.py:68]: Found 0 places nearby coordinates (18.445, 73.74)
[2026-07-04 05:05:38,540] DEBUG [weekendr.api] [google_places_service.py:52]: Calling Google Places Nearby Search. LatLng: (18.445, 73.74), Radius: 1000, Type: bar
[2026-07-04 05:05:38,972] INFO [weekendr.api] [google_places_service.py:68]: Found 0 places nearby coordinates (18.445, 73.74)
[2026-07-04 05:05:38,973] DEBUG [weekendr.api] [google_places_service.py:52]: Calling Google Places Nearby Search. LatLng: (18.445, 73.74), Radius: 1000, Type: night_club
[2026-07-04 05:05:39,361] INFO [weekendr.api] [google_places_service.py:68]: Found 0 places nearby coordinates (18.445, 73.74)
[2026-07-04 05:05:39,362] DEBUG [weekendr.api] [google_places_service.py:52]: Calling Google Places Nearby Search. LatLng: (18.445, 73.74), Radius: 1000, Type: pub
[2026-07-04 05:05:39,465] INFO [weekendr.api] [google_places_service.py:68]: Found 0 places nearby coordinates (18.445, 73.74)
[2026-07-04 05:05:39,466] DEBUG [weekendr.api] [google_places_service.py:52]: Calling Google Places Nearby Search. LatLng: (18.445, 73.74), Radius: 1000, Type: amusement_park
[2026-07-04 05:05:39,878] INFO [weekendr.api] [google_places_service.py:68]: Found 0 places nearby coordinates (18.445, 73.74)
[2026-07-04 05:05:39,878] DEBUG [weekendr.api] [google_places_service.py:52]: Calling Google Places Nearby Search. LatLng: (18.445, 73.74), Radius: 1000, Type: bowling_alley
[2026-07-04 05:05:40,273] INFO [weekendr.api] [google_places_service.py:68]: Found 0 places nearby coordinates (18.445, 73.74)
[2026-07-04 05:05:40,274] DEBUG [weekendr.api] [google_places_service.py:52]: Calling Google Places Nearby Search. LatLng: (18.445, 73.74), Radius: 1000, Type: movie_theater
[2026-07-04 05:05:40,680] INFO [weekendr.api] [google_places_service.py:68]: Found 0 places nearby coordinates (18.445, 73.74)
[2026-07-04 05:05:40,681] DEBUG [weekendr.api] [google_places_service.py:52]: Calling Google Places Nearby Search. LatLng: (18.445, 73.74), Radius: 1000, Type: casino
[2026-07-04 05:05:41,075] INFO [weekendr.api] [google_places_service.py:68]: Found 0 places nearby coordinates (18.445, 73.74)
[2026-07-04 05:05:41,075] DEBUG [weekendr.api] [google_places_service.py:52]: Calling Google Places Nearby Search. LatLng: (18.445, 73.74), Radius: 1000, Type: tourist_attraction
[2026-07-04 05:05:41,466] INFO [weekendr.api] [google_places_service.py:68]: Found 0 places nearby coordinates (18.445, 73.74)
[2026-07-04 05:05:41,466] DEBUG [weekendr.api] [google_places_service.py:52]: Calling Google Places Nearby Search. LatLng: (18.445, 73.74), Radius: 1000, Type: museum
[2026-07-04 05:05:41,861] INFO [weekendr.api] [google_places_service.py:68]: Found 0 places nearby coordinates (18.445, 73.74)
[2026-07-04 05:05:41,862] DEBUG [weekendr.api] [google_places_service.py:52]: Calling Google Places Nearby Search. LatLng: (18.445, 73.74), Radius: 1000, Type: art_gallery
[2026-07-04 05:05:42,267] INFO [weekendr.api] [google_places_service.py:68]: Found 0 places nearby coordinates (18.445, 73.74)
[2026-07-04 05:05:42,268] DEBUG [weekendr.api] [google_places_service.py:52]: Calling Google Places Nearby Search. LatLng: (18.445, 73.74), Radius: 1000, Type: park
[2026-07-04 05:05:42,384] INFO [weekendr.api] [google_places_service.py:68]: Found 0 places nearby coordinates (18.445, 73.74)
[2026-07-04 05:05:42,385] DEBUG [weekendr.api] [google_places_service.py:52]: Calling Google Places Nearby Search. LatLng: (18.445, 73.74), Radius: 1000, Type: campground
[2026-07-04 05:05:42,778] INFO [weekendr.api] [google_places_service.py:68]: Found 0 places nearby coordinates (18.445, 73.74)
[2026-07-04 05:05:42,778] DEBUG [weekendr.api] [google_places_service.py:52]: Calling Google Places Nearby Search. LatLng: (18.445, 73.74), Radius: 1000, Type: zoo
[2026-07-04 05:05:43,176] INFO [weekendr.api] [google_places_service.py:68]: Found 0 places nearby coordinates (18.445, 73.74)
[2026-07-04 05:05:43,177] DEBUG [weekendr.api] [google_places_service.py:52]: Calling Google Places Nearby Search. LatLng: (18.445, 73.74), Radius: 1000, Type: aquarium
[2026-07-04 05:05:43,579] INFO [weekendr.api] [google_places_service.py:68]: Found 0 places nearby coordinates (18.445, 73.74)
[2026-07-04 05:05:43,579] DEBUG [weekendr.api] [google_places_service.py:52]: Calling Google Places Nearby Search. LatLng: (18.445, 73.74), Radius: 1000, Type: shopping_mall
[2026-07-04 05:05:43,966] INFO [weekendr.api] [google_places_service.py:68]: Found 0 places nearby coordinates (18.445, 73.74)
[2026-07-04 05:05:43,966] DEBUG [weekendr.api] [google_places_service.py:52]: Calling Google Places Nearby Search. LatLng: (18.445, 73.74), Radius: 1000, Type: clothing_store
[2026-07-04 05:05:44,364] INFO [weekendr.api] [google_places_service.py:68]: Found 0 places nearby coordinates (18.445, 73.74)
[2026-07-04 05:05:44,364] DEBUG [weekendr.api] [google_places_service.py:52]: Calling Google Places Nearby Search. LatLng: (18.445, 73.74), Radius: 1000, Type: book_store
[2026-07-04 05:05:44,779] INFO [weekendr.api] [google_places_service.py:68]: Found 0 places nearby coordinates (18.445, 73.74)
[2026-07-04 05:05:44,779] DEBUG [weekendr.api] [google_places_service.py:52]: Calling Google Places Nearby Search. LatLng: (18.445, 73.74), Radius: 1000, Type: department_store
[2026-07-04 05:05:44,900] INFO [weekendr.api] [google_places_service.py:68]: Found 0 places nearby coordinates (18.445, 73.74)
[2026-07-04 05:05:44,900] DEBUG [weekendr.api] [google_places_service.py:52]: Calling Google Places Nearby Search. LatLng: (18.445, 73.74), Radius: 1000, Type: shoe_store
[2026-07-04 05:05:45,305] INFO [weekendr.api] [google_places_service.py:68]: Found 0 places nearby coordinates (18.445, 73.74)
[2026-07-04 05:05:45,305] DEBUG [weekendr.api] [google_places_service.py:52]: Calling Google Places Nearby Search. LatLng: (18.445, 73.755), Radius: 1000, Type: cafe
[2026-07-04 05:05:45,705] INFO [weekendr.api] [google_places_service.py:68]: Found 0 places nearby coordinates (18.445, 73.755)
[2026-07-04 05:05:45,706] DEBUG [weekendr.api] [google_places_service.py:52]: Calling Google Places Nearby Search. LatLng: (18.445, 73.755), Radius: 1000, Type: coffee_shop
[2026-07-04 05:05:45,826] INFO [weekendr.api] [google_places_service.py:68]: Found 0 places nearby coordinates (18.445, 73.755)
[2026-07-04 05:05:45,827] DEBUG [weekendr.api] [google_places_service.py:52]: Calling Google Places Nearby Search. LatLng: (18.445, 73.755), Radius: 1000, Type: bakery
[2026-07-04 05:05:46,222] INFO [weekendr.api] [google_places_service.py:68]: Found 0 places nearby coordinates (18.445, 73.755)
[2026-07-04 05:05:46,223] DEBUG [weekendr.api] [google_places_service.py:52]: Calling Google Places Nearby Search. LatLng: (18.445, 73.755), Radius: 1000, Type: confectionery
[2026-07-04 05:05:46,633] INFO [weekendr.api] [google_places_service.py:68]: Found 0 places nearby coordinates (18.445, 73.755)
[2026-07-04 05:05:46,633] DEBUG [weekendr.api] [google_places_service.py:52]: Calling Google Places Nearby Search. LatLng: (18.445, 73.755), Radius: 1000, Type: ice_cream_shop
[2026-07-04 05:05:47,042] INFO [weekendr.api] [google_places_service.py:68]: Found 0 places nearby coordinates (18.445, 73.755)
[2026-07-04 05:05:47,043] DEBUG [weekendr.api] [google_places_service.py:52]: Calling Google Places Nearby Search. LatLng: (18.445, 73.755), Radius: 1000, Type: restaurant
[2026-07-04 05:05:47,138] INFO [weekendr.api] [google_places_service.py:68]: Found 0 places nearby coordinates (18.445, 73.755)
[2026-07-04 05:05:47,139] DEBUG [weekendr.api] [google_places_service.py:52]: Calling Google Places Nearby Search. LatLng: (18.445, 73.755), Radius: 1000, Type: meal_takeaway
[2026-07-04 05:05:47,529] INFO [weekendr.api] [google_places_service.py:68]: Found 0 places nearby coordinates (18.445, 73.755)
[2026-07-04 05:05:47,530] DEBUG [weekendr.api] [google_places_service.py:52]: Calling Google Places Nearby Search. LatLng: (18.445, 73.755), Radius: 1000, Type: meal_delivery
[2026-07-04 05:05:47,920] INFO [weekendr.api] [google_places_service.py:68]: Found 0 places nearby coordinates (18.445, 73.755)
[2026-07-04 05:05:47,921] DEBUG [weekendr.api] [google_places_service.py:52]: Calling Google Places Nearby Search. LatLng: (18.445, 73.755), Radius: 1000, Type: bar
[2026-07-04 05:05:48,314] INFO [weekendr.api] [google_places_service.py:68]: Found 0 places nearby coordinates (18.445, 73.755)
[2026-07-04 05:05:48,314] DEBUG [weekendr.api] [google_places_service.py:52]: Calling Google Places Nearby Search. LatLng: (18.445, 73.755), Radius: 1000, Type: night_club
[2026-07-04 05:05:48,732] INFO [weekendr.api] [google_places_service.py:68]: Found 0 places nearby coordinates (18.445, 73.755)
[2026-07-04 05:05:48,733] DEBUG [weekendr.api] [google_places_service.py:52]: Calling Google Places Nearby Search. LatLng: (18.445, 73.755), Radius: 1000, Type: pub
[2026-07-04 05:05:49,138] INFO [weekendr.api] [google_places_service.py:68]: Found 0 places nearby coordinates (18.445, 73.755)
[2026-07-04 05:05:49,139] DEBUG [weekendr.api] [google_places_service.py:52]: Calling Google Places Nearby Search. LatLng: (18.445, 73.755), Radius: 1000, Type: amusement_park
[2026-07-04 05:05:49,539] INFO [weekendr.api] [google_places_service.py:68]: Found 0 places nearby coordinates (18.445, 73.755)
[2026-07-04 05:05:49,539] DEBUG [weekendr.api] [google_places_service.py:52]: Calling Google Places Nearby Search. LatLng: (18.445, 73.755), Radius: 1000, Type: bowling_alley
[2026-07-04 05:05:49,936] INFO [weekendr.api] [google_places_service.py:68]: Found 0 places nearby coordinates (18.445, 73.755)
[2026-07-04 05:05:49,937] DEBUG [weekendr.api] [google_places_service.py:52]: Calling Google Places Nearby Search. LatLng: (18.445, 73.755), Radius: 1000, Type: movie_theater
[2026-07-04 05:05:50,331] INFO [weekendr.api] [google_places_service.py:68]: Found 0 places nearby coordinates (18.445, 73.755)
[2026-07-04 05:05:50,331] DEBUG [weekendr.api] [google_places_service.py:52]: Calling Google Places Nearby Search. LatLng: (18.445, 73.755), Radius: 1000, Type: casino
[2026-07-04 05:05:50,747] INFO [weekendr.api] [google_places_service.py:68]: Found 0 places nearby coordinates (18.445, 73.755)
[2026-07-04 05:05:50,748] DEBUG [weekendr.api] [google_places_service.py:52]: Calling Google Places Nearby Search. LatLng: (18.445, 73.755), Radius: 1000, Type: tourist_attraction
[2026-07-04 05:05:51,145] INFO [weekendr.api] [google_places_service.py:68]: Found 0 places nearby coordinates (18.445, 73.755)
[2026-07-04 05:05:51,145] DEBUG [weekendr.api] [google_places_service.py:52]: Calling Google Places Nearby Search. LatLng: (18.445, 73.755), Radius: 1000, Type: museum
[2026-07-04 05:05:51,550] INFO [weekendr.api] [google_places_service.py:68]: Found 0 places nearby coordinates (18.445, 73.755)
[2026-07-04 05:05:51,551] DEBUG [weekendr.api] [google_places_service.py:52]: Calling Google Places Nearby Search. LatLng: (18.445, 73.755), Radius: 1000, Type: art_gallery
[2026-07-04 05:05:51,965] INFO [weekendr.api] [google_places_service.py:68]: Found 0 places nearby coordinates (18.445, 73.755)
[2026-07-04 05:05:51,966] DEBUG [weekendr.api] [google_places_service.py:52]: Calling Google Places Nearby Search. LatLng: (18.445, 73.755), Radius: 1000, Type: park
[2026-07-04 05:05:52,352] INFO [weekendr.api] [google_places_service.py:68]: Found 0 places nearby coordinates (18.445, 73.755)
[2026-07-04 05:05:52,353] DEBUG [weekendr.api] [google_places_service.py:52]: Calling Google Places Nearby Search. LatLng: (18.445, 73.755), Radius: 1000, Type: campground
[2026-07-04 05:05:52,755] INFO [weekendr.api] [google_places_service.py:68]: Found 0 places nearby coordinates (18.445, 73.755)
[2026-07-04 05:05:52,755] DEBUG [weekendr.api] [google_places_service.py:52]: Calling Google Places Nearby Search. LatLng: (18.445, 73.755), Radius: 1000, Type: zoo
[2026-07-04 05:05:52,916] INFO [weekendr.api] [google_places_service.py:68]: Found 0 places nearby coordinates (18.445, 73.755)
[2026-07-04 05:05:52,917] DEBUG [weekendr.api] [google_places_service.py:52]: Calling Google Places Nearby Search. LatLng: (18.445, 73.755), Radius: 1000, Type: aquarium
[2026-07-04 05:05:53,319] INFO [weekendr.api] [google_places_service.py:68]: Found 0 places nearby coordinates (18.445, 73.755)
[2026-07-04 05:05:53,320] DEBUG [weekendr.api] [google_places_service.py:52]: Calling Google Places Nearby Search. LatLng: (18.445, 73.755), Radius: 1000, Type: shopping_mall
[2026-07-04 05:05:53,428] INFO [weekendr.api] [google_places_service.py:68]: Found 0 places nearby coordinates (18.445, 73.755)
[2026-07-04 05:05:53,429] DEBUG [weekendr.api] [google_places_service.py:52]: Calling Google Places Nearby Search. LatLng: (18.445, 73.755), Radius: 1000, Type: clothing_store
[2026-07-04 05:05:53,825] INFO [weekendr.api] [google_places_service.py:68]: Found 0 places nearby coordinates (18.445, 73.755)
[2026-07-04 05:05:53,826] DEBUG [weekendr.api] [google_places_service.py:52]: Calling Google Places Nearby Search. LatLng: (18.445, 73.755), Radius: 1000, Type: book_store
[2026-07-04 05:05:54,236] INFO [weekendr.api] [google_places_service.py:68]: Found 0 places nearby coordinates (18.445, 73.755)
[2026-07-04 05:05:54,237] DEBUG [weekendr.api] [google_places_service.py:52]: Calling Google Places Nearby Search. LatLng: (18.445, 73.755), Radius: 1000, Type: department_store
[2026-07-04 05:05:54,635] INFO [weekendr.api] [google_places_service.py:68]: Found 0 places nearby coordinates (18.445, 73.755)
[2026-07-04 05:05:54,636] DEBUG [weekendr.api] [google_places_service.py:52]: Calling Google Places Nearby Search. LatLng: (18.445, 73.755), Radius: 1000, Type: shoe_store
[2026-07-04 05:05:55,029] INFO [weekendr.api] [google_places_service.py:68]: Found 0 places nearby coordinates (18.445, 73.755)
[2026-07-04 05:05:55,029] DEBUG [weekendr.api] [google_places_service.py:52]: Calling Google Places Nearby Search. LatLng: (18.445, 73.77), Radius: 1000, Type: cafe
[2026-07-04 05:05:55,128] INFO [weekendr.api] [google_places_service.py:68]: Found 0 places nearby coordinates (18.445, 73.77)
[2026-07-04 05:05:55,129] DEBUG [weekendr.api] [google_places_service.py:52]: Calling Google Places Nearby Search. LatLng: (18.445, 73.77), Radius: 1000, Type: coffee_shop
[2026-07-04 05:05:55,533] INFO [weekendr.api] [google_places_service.py:68]: Found 0 places nearby coordinates (18.445, 73.77)
[2026-07-04 05:05:55,534] DEBUG [weekendr.api] [google_places_service.py:52]: Calling Google Places Nearby Search. LatLng: (18.445, 73.77), Radius: 1000, Type: bakery
[2026-07-04 05:05:55,950] INFO [weekendr.api] [google_places_service.py:68]: Found 0 places nearby coordinates (18.445, 73.77)
[2026-07-04 05:05:55,950] DEBUG [weekendr.api] [google_places_service.py:52]: Calling Google Places Nearby Search. LatLng: (18.445, 73.77), Radius: 1000, Type: confectionery
[2026-07-04 05:05:56,341] INFO [weekendr.api] [google_places_service.py:68]: Found 0 places nearby coordinates (18.445, 73.77)
[2026-07-04 05:05:56,342] DEBUG [weekendr.api] [google_places_service.py:52]: Calling Google Places Nearby Search. LatLng: (18.445, 73.77), Radius: 1000, Type: ice_cream_shop
[2026-07-04 05:05:56,736] INFO [weekendr.api] [google_places_service.py:68]: Found 0 places nearby coordinates (18.445, 73.77)
[2026-07-04 05:05:56,737] DEBUG [weekendr.api] [google_places_service.py:52]: Calling Google Places Nearby Search. LatLng: (18.445, 73.77), Radius: 1000, Type: restaurant
[2026-07-04 05:05:57,145] INFO [weekendr.api] [google_places_service.py:68]: Found 0 places nearby coordinates (18.445, 73.77)
[2026-07-04 05:05:57,146] DEBUG [weekendr.api] [google_places_service.py:52]: Calling Google Places Nearby Search. LatLng: (18.445, 73.77), Radius: 1000, Type: meal_takeaway
[2026-07-04 05:05:57,545] INFO [weekendr.api] [google_places_service.py:68]: Found 0 places nearby coordinates (18.445, 73.77)
[2026-07-04 05:05:57,546] DEBUG [weekendr.api] [google_places_service.py:52]: Calling Google Places Nearby Search. LatLng: (18.445, 73.77), Radius: 1000, Type: meal_delivery
[2026-07-04 05:05:57,947] INFO [weekendr.api] [google_places_service.py:68]: Found 0 places nearby coordinates (18.445, 73.77)
[2026-07-04 05:05:57,948] DEBUG [weekendr.api] [google_places_service.py:52]: Calling Google Places Nearby Search. LatLng: (18.445, 73.77), Radius: 1000, Type: bar
[2026-07-04 05:05:58,107] INFO [weekendr.api] [google_places_service.py:68]: Found 0 places nearby coordinates (18.445, 73.77)
[2026-07-04 05:05:58,109] DEBUG [weekendr.api] [google_places_service.py:52]: Calling Google Places Nearby Search. LatLng: (18.445, 73.77), Radius: 1000, Type: night_club
[2026-07-04 05:05:58,505] INFO [weekendr.api] [google_places_service.py:68]: Found 0 places nearby coordinates (18.445, 73.77)
[2026-07-04 05:05:58,506] DEBUG [weekendr.api] [google_places_service.py:52]: Calling Google Places Nearby Search. LatLng: (18.445, 73.77), Radius: 1000, Type: pub
[2026-07-04 05:05:58,905] INFO [weekendr.api] [google_places_service.py:68]: Found 0 places nearby coordinates (18.445, 73.77)
[2026-07-04 05:05:58,906] DEBUG [weekendr.api] [google_places_service.py:52]: Calling Google Places Nearby Search. LatLng: (18.445, 73.77), Radius: 1000, Type: amusement_park
[2026-07-04 05:05:59,299] INFO [weekendr.api] [google_places_service.py:68]: Found 0 places nearby coordinates (18.445, 73.77)
[2026-07-04 05:05:59,299] DEBUG [weekendr.api] [google_places_service.py:52]: Calling Google Places Nearby Search. LatLng: (18.445, 73.77), Radius: 1000, Type: bowling_alley
[2026-07-04 05:05:59,694] INFO [weekendr.api] [google_places_service.py:68]: Found 0 places nearby coordinates (18.445, 73.77)
[2026-07-04 05:05:59,694] DEBUG [weekendr.api] [google_places_service.py:52]: Calling Google Places Nearby Search. LatLng: (18.445, 73.77), Radius: 1000, Type: movie_theater
[2026-07-04 05:06:00,117] INFO [weekendr.api] [google_places_service.py:68]: Found 0 places nearby coordinates (18.445, 73.77)
[2026-07-04 05:06:00,118] DEBUG [weekendr.api] [google_places_service.py:52]: Calling Google Places Nearby Search. LatLng: (18.445, 73.77), Radius: 1000, Type: casino
[2026-07-04 05:06:00,513] INFO [weekendr.api] [google_places_service.py:68]: Found 0 places nearby coordinates (18.445, 73.77)
[2026-07-04 05:06:00,513] DEBUG [weekendr.api] [google_places_service.py:52]: Calling Google Places Nearby Search. LatLng: (18.445, 73.77), Radius: 1000, Type: tourist_attraction
[2026-07-04 05:06:00,606] INFO [weekendr.api] [google_places_service.py:68]: Found 0 places nearby coordinates (18.445, 73.77)
[2026-07-04 05:06:00,607] DEBUG [weekendr.api] [google_places_service.py:52]: Calling Google Places Nearby Search. LatLng: (18.445, 73.77), Radius: 1000, Type: museum
[2026-07-04 05:06:00,999] INFO [weekendr.api] [google_places_service.py:68]: Found 0 places nearby coordinates (18.445, 73.77)
[2026-07-04 05:06:01,000] DEBUG [weekendr.api] [google_places_service.py:52]: Calling Google Places Nearby Search. LatLng: (18.445, 73.77), Radius: 1000, Type: art_gallery
[2026-07-04 05:06:01,392] INFO [weekendr.api] [google_places_service.py:68]: Found 0 places nearby coordinates (18.445, 73.77)
[2026-07-04 05:06:01,393] DEBUG [weekendr.api] [google_places_service.py:52]: Calling Google Places Nearby Search. LatLng: (18.445, 73.77), Radius: 1000, Type: park
[2026-07-04 05:06:01,804] INFO [weekendr.api] [google_places_service.py:68]: Found 0 places nearby coordinates (18.445, 73.77)
[2026-07-04 05:06:01,804] DEBUG [weekendr.api] [google_places_service.py:52]: Calling Google Places Nearby Search. LatLng: (18.445, 73.77), Radius: 1000, Type: campground
[2026-07-04 05:06:01,962] INFO [weekendr.api] [google_places_service.py:68]: Found 0 places nearby coordinates (18.445, 73.77)
[2026-07-04 05:06:01,962] DEBUG [weekendr.api] [google_places_service.py:52]: Calling Google Places Nearby Search. LatLng: (18.445, 73.77), Radius: 1000, Type: zoo
[2026-07-04 05:06:02,063] INFO [weekendr.api] [google_places_service.py:68]: Found 0 places nearby coordinates (18.445, 73.77)
[2026-07-04 05:06:02,063] DEBUG [weekendr.api] [google_places_service.py:52]: Calling Google Places Nearby Search. LatLng: (18.445, 73.77), Radius: 1000, Type: aquarium
[2026-07-04 05:06:02,478] INFO [weekendr.api] [google_places_service.py:68]: Found 0 places nearby coordinates (18.445, 73.77)
[2026-07-04 05:06:02,479] DEBUG [weekendr.api] [google_places_service.py:52]: Calling Google Places Nearby Search. LatLng: (18.445, 73.77), Radius: 1000, Type: shopping_mall
[2026-07-04 05:06:02,875] INFO [weekendr.api] [google_places_service.py:68]: Found 0 places nearby coordinates (18.445, 73.77)
[2026-07-04 05:06:02,876] DEBUG [weekendr.api] [google_places_service.py:52]: Calling Google Places Nearby Search. LatLng: (18.445, 73.77), Radius: 1000, Type: clothing_store
[2026-07-04 05:06:03,263] INFO [weekendr.api] [google_places_service.py:68]: Found 0 places nearby coordinates (18.445, 73.77)
[2026-07-04 05:06:03,263] DEBUG [weekendr.api] [google_places_service.py:52]: Calling Google Places Nearby Search. LatLng: (18.445, 73.77), Radius: 1000, Type: book_store
[2026-07-04 05:06:03,652] INFO [weekendr.api] [google_places_service.py:68]: Found 0 places nearby coordinates (18.445, 73.77)
[2026-07-04 05:06:03,652] DEBUG [weekendr.api] [google_places_service.py:52]: Calling Google Places Nearby Search. LatLng: (18.445, 73.77), Radius: 1000, Type: department_store
[2026-07-04 05:06:04,045] INFO [weekendr.api] [google_places_service.py:68]: Found 0 places nearby coordinates (18.445, 73.77)
[2026-07-04 05:06:04,046] DEBUG [weekendr.api] [google_places_service.py:52]: Calling Google Places Nearby Search. LatLng: (18.445, 73.77), Radius: 1000, Type: shoe_store
[2026-07-04 05:06:04,446] INFO [weekendr.api] [google_places_service.py:68]: Found 0 places nearby coordinates (18.445, 73.77)
[2026-07-04 05:06:04,447] DEBUG [weekendr.api] [google_places_service.py:52]: Calling Google Places Nearby Search. LatLng: (18.445, 73.785), Radius: 1000, Type: cafe
[2026-07-04 05:06:04,861] INFO [weekendr.api] [google_places_service.py:68]: Found 0 places nearby coordinates (18.445, 73.785)
[2026-07-04 05:06:04,861] DEBUG [weekendr.api] [google_places_service.py:52]: Calling Google Places Nearby Search. LatLng: (18.445, 73.785), Radius: 1000, Type: coffee_shop
[2026-07-04 05:06:05,265] INFO [weekendr.api] [google_places_service.py:68]: Found 0 places nearby coordinates (18.445, 73.785)
[2026-07-04 05:06:05,265] DEBUG [weekendr.api] [google_places_service.py:52]: Calling Google Places Nearby Search. LatLng: (18.445, 73.785), Radius: 1000, Type: bakery
[2026-07-04 05:06:05,663] INFO [weekendr.api] [google_places_service.py:68]: Found 0 places nearby coordinates (18.445, 73.785)
[2026-07-04 05:06:05,663] DEBUG [weekendr.api] [google_places_service.py:52]: Calling Google Places Nearby Search. LatLng: (18.445, 73.785), Radius: 1000, Type: confectionery
[2026-07-04 05:06:06,071] INFO [weekendr.api] [google_places_service.py:68]: Found 0 places nearby coordinates (18.445, 73.785)
[2026-07-04 05:06:06,071] DEBUG [weekendr.api] [google_places_service.py:52]: Calling Google Places Nearby Search. LatLng: (18.445, 73.785), Radius: 1000, Type: ice_cream_shop
[2026-07-04 05:06:06,494] INFO [weekendr.api] [google_places_service.py:68]: Found 0 places nearby coordinates (18.445, 73.785)
[2026-07-04 05:06:06,495] DEBUG [weekendr.api] [google_places_service.py:52]: Calling Google Places Nearby Search. LatLng: (18.445, 73.785), Radius: 1000, Type: restaurant
[2026-07-04 05:06:06,901] INFO [weekendr.api] [google_places_service.py:68]: Found 0 places nearby coordinates (18.445, 73.785)
[2026-07-04 05:06:06,902] DEBUG [weekendr.api] [google_places_service.py:52]: Calling Google Places Nearby Search. LatLng: (18.445, 73.785), Radius: 1000, Type: meal_takeaway
[2026-07-04 05:06:06,998] INFO [weekendr.api] [google_places_service.py:68]: Found 0 places nearby coordinates (18.445, 73.785)
[2026-07-04 05:06:06,998] DEBUG [weekendr.api] [google_places_service.py:52]: Calling Google Places Nearby Search. LatLng: (18.445, 73.785), Radius: 1000, Type: meal_delivery
[2026-07-04 05:06:07,405] INFO [weekendr.api] [google_places_service.py:68]: Found 0 places nearby coordinates (18.445, 73.785)
[2026-07-04 05:06:07,405] DEBUG [weekendr.api] [google_places_service.py:52]: Calling Google Places Nearby Search. LatLng: (18.445, 73.785), Radius: 1000, Type: bar
[2026-07-04 05:06:07,828] INFO [weekendr.api] [google_places_service.py:68]: Found 0 places nearby coordinates (18.445, 73.785)
[2026-07-04 05:06:07,829] DEBUG [weekendr.api] [google_places_service.py:52]: Calling Google Places Nearby Search. LatLng: (18.445, 73.785), Radius: 1000, Type: night_club
[2026-07-04 05:06:08,223] INFO [weekendr.api] [google_places_service.py:68]: Found 0 places nearby coordinates (18.445, 73.785)
[2026-07-04 05:06:08,224] DEBUG [weekendr.api] [google_places_service.py:52]: Calling Google Places Nearby Search. LatLng: (18.445, 73.785), Radius: 1000, Type: pub
[2026-07-04 05:06:08,629] INFO [weekendr.api] [google_places_service.py:68]: Found 0 places nearby coordinates (18.445, 73.785)
[2026-07-04 05:06:08,630] DEBUG [weekendr.api] [google_places_service.py:52]: Calling Google Places Nearby Search. LatLng: (18.445, 73.785), Radius: 1000, Type: amusement_park
[2026-07-04 05:06:09,021] INFO [weekendr.api] [google_places_service.py:68]: Found 0 places nearby coordinates (18.445, 73.785)
[2026-07-04 05:06:09,022] DEBUG [weekendr.api] [google_places_service.py:52]: Calling Google Places Nearby Search. LatLng: (18.445, 73.785), Radius: 1000, Type: bowling_alley
[2026-07-04 05:06:09,447] INFO [weekendr.api] [google_places_service.py:68]: Found 0 places nearby coordinates (18.445, 73.785)
[2026-07-04 05:06:09,447] DEBUG [weekendr.api] [google_places_service.py:52]: Calling Google Places Nearby Search. LatLng: (18.445, 73.785), Radius: 1000, Type: movie_theater
[2026-07-04 05:06:09,840] INFO [weekendr.api] [google_places_service.py:68]: Found 0 places nearby coordinates (18.445, 73.785)
[2026-07-04 05:06:09,841] DEBUG [weekendr.api] [google_places_service.py:52]: Calling Google Places Nearby Search. LatLng: (18.445, 73.785), Radius: 1000, Type: casino
[2026-07-04 05:06:10,265] INFO [weekendr.api] [google_places_service.py:68]: Found 0 places nearby coordinates (18.445, 73.785)
[2026-07-04 05:06:10,265] DEBUG [weekendr.api] [google_places_service.py:52]: Calling Google Places Nearby Search. LatLng: (18.445, 73.785), Radius: 1000, Type: tourist_attraction
[2026-07-04 05:06:10,712] INFO [weekendr.api] [google_places_service.py:68]: Found 0 places nearby coordinates (18.445, 73.785)
[2026-07-04 05:06:10,713] DEBUG [weekendr.api] [google_places_service.py:52]: Calling Google Places Nearby Search. LatLng: (18.445, 73.785), Radius: 1000, Type: museum
[2026-07-04 05:06:11,135] INFO [weekendr.api] [google_places_service.py:68]: Found 0 places nearby coordinates (18.445, 73.785)
[2026-07-04 05:06:11,135] DEBUG [weekendr.api] [google_places_service.py:52]: Calling Google Places Nearby Search. LatLng: (18.445, 73.785), Radius: 1000, Type: art_gallery
[2026-07-04 05:06:11,579] INFO [weekendr.api] [google_places_service.py:68]: Found 0 places nearby coordinates (18.445, 73.785)
[2026-07-04 05:06:11,580] DEBUG [weekendr.api] [google_places_service.py:52]: Calling Google Places Nearby Search. LatLng: (18.445, 73.785), Radius: 1000, Type: park
[2026-07-04 05:06:12,035] INFO [weekendr.api] [google_places_service.py:68]: Found 0 places nearby coordinates (18.445, 73.785)
[2026-07-04 05:06:12,036] DEBUG [weekendr.api] [google_places_service.py:52]: Calling Google Places Nearby Search. LatLng: (18.445, 73.785), Radius: 1000, Type: campground
[2026-07-04 05:06:12,442] INFO [weekendr.api] [google_places_service.py:68]: Found 0 places nearby coordinates (18.445, 73.785)
[2026-07-04 05:06:12,444] DEBUG [weekendr.api] [google_places_service.py:52]: Calling Google Places Nearby Search. LatLng: (18.445, 73.785), Radius: 1000, Type: zoo
[2026-07-04 05:06:12,847] INFO [weekendr.api] [google_places_service.py:68]: Found 0 places nearby coordinates (18.445, 73.785)
[2026-07-04 05:06:12,847] DEBUG [weekendr.api] [google_places_service.py:52]: Calling Google Places Nearby Search. LatLng: (18.445, 73.785), Radius: 1000, Type: aquarium
[2026-07-04 05:06:13,255] INFO [weekendr.api] [google_places_service.py:68]: Found 0 places nearby coordinates (18.445, 73.785)
[2026-07-04 05:06:13,255] DEBUG [weekendr.api] [google_places_service.py:52]: Calling Google Places Nearby Search. LatLng: (18.445, 73.785), Radius: 1000, Type: shopping_mall
[2026-07-04 05:06:13,661] INFO [weekendr.api] [google_places_service.py:68]: Found 0 places nearby coordinates (18.445, 73.785)
[2026-07-04 05:06:13,661] DEBUG [weekendr.api] [google_places_service.py:52]: Calling Google Places Nearby Search. LatLng: (18.445, 73.785), Radius: 1000, Type: clothing_store
[2026-07-04 05:06:14,068] INFO [weekendr.api] [google_places_service.py:68]: Found 0 places nearby coordinates (18.445, 73.785)
[2026-07-04 05:06:14,068] DEBUG [weekendr.api] [google_places_service.py:52]: Calling Google Places Nearby Search. LatLng: (18.445, 73.785), Radius: 1000, Type: book_store
[2026-07-04 05:06:14,488] INFO [weekendr.api] [google_places_service.py:68]: Found 0 places nearby coordinates (18.445, 73.785)
[2026-07-04 05:06:14,489] DEBUG [weekendr.api] [google_places_service.py:52]: Calling Google Places Nearby Search. LatLng: (18.445, 73.785), Radius: 1000, Type: department_store
[2026-07-04 05:06:14,903] INFO [weekendr.api] [google_places_service.py:68]: Found 0 places nearby coordinates (18.445, 73.785)
[2026-07-04 05:06:14,903] DEBUG [weekendr.api] [google_places_service.py:52]: Calling Google Places Nearby Search. LatLng: (18.445, 73.785), Radius: 1000, Type: shoe_store
[2026-07-04 05:06:15,315] INFO [weekendr.api] [google_places_service.py:68]: Found 0 places nearby coordinates (18.445, 73.785)
[2026-07-04 05:06:15,315] DEBUG [weekendr.api] [google_places_service.py:52]: Calling Google Places Nearby Search. LatLng: (18.445, 73.8), Radius: 1000, Type: cafe
[2026-07-04 05:06:15,727] INFO [weekendr.api] [google_places_service.py:68]: Found 0 places nearby coordinates (18.445, 73.8)
[2026-07-04 05:06:15,728] DEBUG [weekendr.api] [google_places_service.py:52]: Calling Google Places Nearby Search. LatLng: (18.445, 73.8), Radius: 1000, Type: coffee_shop
[2026-07-04 05:06:16,133] INFO [weekendr.api] [google_places_service.py:68]: Found 0 places nearby coordinates (18.445, 73.8)
[2026-07-04 05:06:16,133] DEBUG [weekendr.api] [google_places_service.py:52]: Calling Google Places Nearby Search. LatLng: (18.445, 73.8), Radius: 1000, Type: bakery
[2026-07-04 05:06:16,526] INFO [weekendr.api] [google_places_service.py:68]: Found 0 places nearby coordinates (18.445, 73.8)
[2026-07-04 05:06:16,527] DEBUG [weekendr.api] [google_places_service.py:52]: Calling Google Places Nearby Search. LatLng: (18.445, 73.8), Radius: 1000, Type: confectionery
[2026-07-04 05:06:16,928] INFO [weekendr.api] [google_places_service.py:68]: Found 0 places nearby coordinates (18.445, 73.8)
[2026-07-04 05:06:16,928] DEBUG [weekendr.api] [google_places_service.py:52]: Calling Google Places Nearby Search. LatLng: (18.445, 73.8), Radius: 1000, Type: ice_cream_shop
[2026-07-04 05:06:17,330] INFO [weekendr.api] [google_places_service.py:68]: Found 0 places nearby coordinates (18.445, 73.8)
[2026-07-04 05:06:17,331] DEBUG [weekendr.api] [google_places_service.py:52]: Calling Google Places Nearby Search. LatLng: (18.445, 73.8), Radius: 1000, Type: restaurant
[2026-07-04 05:06:17,730] INFO [weekendr.api] [google_places_service.py:68]: Found 0 places nearby coordinates (18.445, 73.8)
[2026-07-04 05:06:17,730] DEBUG [weekendr.api] [google_places_service.py:52]: Calling Google Places Nearby Search. LatLng: (18.445, 73.8), Radius: 1000, Type: meal_takeaway
[2026-07-04 05:06:18,143] INFO [weekendr.api] [google_places_service.py:68]: Found 0 places nearby coordinates (18.445, 73.8)
[2026-07-04 05:06:18,144] DEBUG [weekendr.api] [google_places_service.py:52]: Calling Google Places Nearby Search. LatLng: (18.445, 73.8), Radius: 1000, Type: meal_delivery
[2026-07-04 05:06:18,551] INFO [weekendr.api] [google_places_service.py:68]: Found 0 places nearby coordinates (18.445, 73.8)
[2026-07-04 05:06:18,552] DEBUG [weekendr.api] [google_places_service.py:52]: Calling Google Places Nearby Search. LatLng: (18.445, 73.8), Radius: 1000, Type: bar
[2026-07-04 05:06:18,652] INFO [weekendr.api] [google_places_service.py:68]: Found 0 places nearby coordinates (18.445, 73.8)
[2026-07-04 05:06:18,652] DEBUG [weekendr.api] [google_places_service.py:52]: Calling Google Places Nearby Search. LatLng: (18.445, 73.8), Radius: 1000, Type: night_club
[2026-07-04 05:06:19,058] INFO [weekendr.api] [google_places_service.py:68]: Found 0 places nearby coordinates (18.445, 73.8)
[2026-07-04 05:06:19,058] DEBUG [weekendr.api] [google_places_service.py:52]: Calling Google Places Nearby Search. LatLng: (18.445, 73.8), Radius: 1000, Type: pub
[2026-07-04 05:06:19,448] INFO [weekendr.api] [google_places_service.py:68]: Found 0 places nearby coordinates (18.445, 73.8)
[2026-07-04 05:06:19,449] DEBUG [weekendr.api] [google_places_service.py:52]: Calling Google Places Nearby Search. LatLng: (18.445, 73.8), Radius: 1000, Type: amusement_park
[2026-07-04 05:06:19,846] INFO [weekendr.api] [google_places_service.py:68]: Found 0 places nearby coordinates (18.445, 73.8)
[2026-07-04 05:06:19,847] DEBUG [weekendr.api] [google_places_service.py:52]: Calling Google Places Nearby Search. LatLng: (18.445, 73.8), Radius: 1000, Type: bowling_alley
[2026-07-04 05:06:20,253] INFO [weekendr.api] [google_places_service.py:68]: Found 0 places nearby coordinates (18.445, 73.8)
[2026-07-04 05:06:20,253] DEBUG [weekendr.api] [google_places_service.py:52]: Calling Google Places Nearby Search. LatLng: (18.445, 73.8), Radius: 1000, Type: movie_theater
[2026-07-04 05:06:20,646] INFO [weekendr.api] [google_places_service.py:68]: Found 0 places nearby coordinates (18.445, 73.8)
[2026-07-04 05:06:20,647] DEBUG [weekendr.api] [google_places_service.py:52]: Calling Google Places Nearby Search. LatLng: (18.445, 73.8), Radius: 1000, Type: casino
[2026-07-04 05:06:21,050] INFO [weekendr.api] [google_places_service.py:68]: Found 0 places nearby coordinates (18.445, 73.8)
[2026-07-04 05:06:21,052] DEBUG [weekendr.api] [google_places_service.py:52]: Calling Google Places Nearby Search. LatLng: (18.445, 73.8), Radius: 1000, Type: tourist_attraction
[2026-07-04 05:06:21,171] INFO [weekendr.api] [google_places_service.py:68]: Found 0 places nearby coordinates (18.445, 73.8)
[2026-07-04 05:06:21,172] DEBUG [weekendr.api] [google_places_service.py:52]: Calling Google Places Nearby Search. LatLng: (18.445, 73.8), Radius: 1000, Type: museum
[2026-07-04 05:06:21,595] INFO [weekendr.api] [google_places_service.py:68]: Found 0 places nearby coordinates (18.445, 73.8)
[2026-07-04 05:06:21,595] DEBUG [weekendr.api] [google_places_service.py:52]: Calling Google Places Nearby Search. LatLng: (18.445, 73.8), Radius: 1000, Type: art_gallery
[2026-07-04 05:06:22,004] INFO [weekendr.api] [google_places_service.py:68]: Found 0 places nearby coordinates (18.445, 73.8)
[2026-07-04 05:06:22,004] DEBUG [weekendr.api] [google_places_service.py:52]: Calling Google Places Nearby Search. LatLng: (18.445, 73.8), Radius: 1000, Type: park
[2026-07-04 05:06:22,405] INFO [weekendr.api] [google_places_service.py:68]: Found 0 places nearby coordinates (18.445, 73.8)
[2026-07-04 05:06:22,405] DEBUG [weekendr.api] [google_places_service.py:52]: Calling Google Places Nearby Search. LatLng: (18.445, 73.8), Radius: 1000, Type: campground
[2026-07-04 05:06:22,805] INFO [weekendr.api] [google_places_service.py:68]: Found 0 places nearby coordinates (18.445, 73.8)
[2026-07-04 05:06:22,806] DEBUG [weekendr.api] [google_places_service.py:52]: Calling Google Places Nearby Search. LatLng: (18.445, 73.8), Radius: 1000, Type: zoo
[2026-07-04 05:06:23,211] INFO [weekendr.api] [google_places_service.py:68]: Found 0 places nearby coordinates (18.445, 73.8)
[2026-07-04 05:06:23,211] DEBUG [weekendr.api] [google_places_service.py:52]: Calling Google Places Nearby Search. LatLng: (18.445, 73.8), Radius: 1000, Type: aquarium
[2026-07-04 05:06:23,607] INFO [weekendr.api] [google_places_service.py:68]: Found 0 places nearby coordinates (18.445, 73.8)
[2026-07-04 05:06:23,608] DEBUG [weekendr.api] [google_places_service.py:52]: Calling Google Places Nearby Search. LatLng: (18.445, 73.8), Radius: 1000, Type: shopping_mall
[2026-07-04 05:06:24,017] INFO [weekendr.api] [google_places_service.py:68]: Found 0 places nearby coordinates (18.445, 73.8)
[2026-07-04 05:06:24,017] DEBUG [weekendr.api] [google_places_service.py:52]: Calling Google Places Nearby Search. LatLng: (18.445, 73.8), Radius: 1000, Type: clothing_store
[2026-07-04 05:06:24,408] INFO [weekendr.api] [google_places_service.py:68]: Found 0 places nearby coordinates (18.445, 73.8)
[2026-07-04 05:06:24,408] DEBUG [weekendr.api] [google_places_service.py:52]: Calling Google Places Nearby Search. LatLng: (18.445, 73.8), Radius: 1000, Type: book_store
[2026-07-04 05:06:24,822] INFO [weekendr.api] [google_places_service.py:68]: Found 0 places nearby coordinates (18.445, 73.8)
[2026-07-04 05:06:24,822] DEBUG [weekendr.api] [google_places_service.py:52]: Calling Google Places Nearby Search. LatLng: (18.445, 73.8), Radius: 1000, Type: department_store
[2026-07-04 05:06:25,260] INFO [weekendr.api] [google_places_service.py:68]: Found 0 places nearby coordinates (18.445, 73.8)
[2026-07-04 05:06:25,261] DEBUG [weekendr.api] [google_places_service.py:52]: Calling Google Places Nearby Search. LatLng: (18.445, 73.8), Radius: 1000, Type: shoe_store
[2026-07-04 05:06:25,663] INFO [weekendr.api] [google_places_service.py:68]: Found 0 places nearby coordinates (18.445, 73.8)
[2026-07-04 05:06:25,664] DEBUG [weekendr.api] [google_places_service.py:52]: Calling Google Places Nearby Search. LatLng: (18.445, 73.815), Radius: 1000, Type: cafe
[2026-07-04 05:06:26,049] INFO [weekendr.api] [google_places_service.py:68]: Found 0 places nearby coordinates (18.445, 73.815)
[2026-07-04 05:06:26,049] DEBUG [weekendr.api] [google_places_service.py:52]: Calling Google Places Nearby Search. LatLng: (18.445, 73.815), Radius: 1000, Type: coffee_shop
[2026-07-04 05:06:26,485] INFO [weekendr.api] [google_places_service.py:68]: Found 0 places nearby coordinates (18.445, 73.815)
[2026-07-04 05:06:26,486] DEBUG [weekendr.api] [google_places_service.py:52]: Calling Google Places Nearby Search. LatLng: (18.445, 73.815), Radius: 1000, Type: bakery
[2026-07-04 05:06:26,910] INFO [weekendr.api] [google_places_service.py:68]: Found 0 places nearby coordinates (18.445, 73.815)
[2026-07-04 05:06:26,910] DEBUG [weekendr.api] [google_places_service.py:52]: Calling Google Places Nearby Search. LatLng: (18.445, 73.815), Radius: 1000, Type: confectionery
[2026-07-04 05:06:27,315] INFO [weekendr.api] [google_places_service.py:68]: Found 0 places nearby coordinates (18.445, 73.815)
[2026-07-04 05:06:27,316] DEBUG [weekendr.api] [google_places_service.py:52]: Calling Google Places Nearby Search. LatLng: (18.445, 73.815), Radius: 1000, Type: ice_cream_shop
[2026-07-04 05:06:27,725] INFO [weekendr.api] [google_places_service.py:68]: Found 0 places nearby coordinates (18.445, 73.815)
[2026-07-04 05:06:27,726] DEBUG [weekendr.api] [google_places_service.py:52]: Calling Google Places Nearby Search. LatLng: (18.445, 73.815), Radius: 1000, Type: restaurant
[2026-07-04 05:06:28,162] INFO [weekendr.api] [google_places_service.py:68]: Found 0 places nearby coordinates (18.445, 73.815)
[2026-07-04 05:06:28,163] DEBUG [weekendr.api] [google_places_service.py:52]: Calling Google Places Nearby Search. LatLng: (18.445, 73.815), Radius: 1000, Type: meal_takeaway
[2026-07-04 05:06:28,559] INFO [weekendr.api] [google_places_service.py:68]: Found 0 places nearby coordinates (18.445, 73.815)
[2026-07-04 05:06:28,559] DEBUG [weekendr.api] [google_places_service.py:52]: Calling Google Places Nearby Search. LatLng: (18.445, 73.815), Radius: 1000, Type: meal_delivery
[2026-07-04 05:06:28,682] INFO [weekendr.api] [google_places_service.py:68]: Found 0 places nearby coordinates (18.445, 73.815)
[2026-07-04 05:06:28,682] DEBUG [weekendr.api] [google_places_service.py:52]: Calling Google Places Nearby Search. LatLng: (18.445, 73.815), Radius: 1000, Type: bar
[2026-07-04 05:06:29,096] INFO [weekendr.api] [google_places_service.py:68]: Found 0 places nearby coordinates (18.445, 73.815)
[2026-07-04 05:06:29,097] DEBUG [weekendr.api] [google_places_service.py:52]: Calling Google Places Nearby Search. LatLng: (18.445, 73.815), Radius: 1000, Type: night_club
[2026-07-04 05:06:29,493] INFO [weekendr.api] [google_places_service.py:68]: Found 0 places nearby coordinates (18.445, 73.815)
[2026-07-04 05:06:29,493] DEBUG [weekendr.api] [google_places_service.py:52]: Calling Google Places Nearby Search. LatLng: (18.445, 73.815), Radius: 1000, Type: pub
[2026-07-04 05:06:29,891] INFO [weekendr.api] [google_places_service.py:68]: Found 0 places nearby coordinates (18.445, 73.815)
[2026-07-04 05:06:29,892] DEBUG [weekendr.api] [google_places_service.py:52]: Calling Google Places Nearby Search. LatLng: (18.445, 73.815), Radius: 1000, Type: amusement_park
[2026-07-04 05:06:30,283] INFO [weekendr.api] [google_places_service.py:68]: Found 0 places nearby coordinates (18.445, 73.815)
[2026-07-04 05:06:30,283] DEBUG [weekendr.api] [google_places_service.py:52]: Calling Google Places Nearby Search. LatLng: (18.445, 73.815), Radius: 1000, Type: bowling_alley
[2026-07-04 05:06:30,690] INFO [weekendr.api] [google_places_service.py:68]: Found 0 places nearby coordinates (18.445, 73.815)
[2026-07-04 05:06:30,690] DEBUG [weekendr.api] [google_places_service.py:52]: Calling Google Places Nearby Search. LatLng: (18.445, 73.815), Radius: 1000, Type: movie_theater
[2026-07-04 05:06:31,094] INFO [weekendr.api] [google_places_service.py:68]: Found 0 places nearby coordinates (18.445, 73.815)
[2026-07-04 05:06:31,095] DEBUG [weekendr.api] [google_places_service.py:52]: Calling Google Places Nearby Search. LatLng: (18.445, 73.815), Radius: 1000, Type: casino
[2026-07-04 05:06:31,498] INFO [weekendr.api] [google_places_service.py:68]: Found 0 places nearby coordinates (18.445, 73.815)
[2026-07-04 05:06:31,498] DEBUG [weekendr.api] [google_places_service.py:52]: Calling Google Places Nearby Search. LatLng: (18.445, 73.815), Radius: 1000, Type: tourist_attraction
[2026-07-04 05:06:31,903] INFO [weekendr.api] [google_places_service.py:68]: Found 0 places nearby coordinates (18.445, 73.815)
[2026-07-04 05:06:31,903] DEBUG [weekendr.api] [google_places_service.py:52]: Calling Google Places Nearby Search. LatLng: (18.445, 73.815), Radius: 1000, Type: museum
[2026-07-04 05:06:32,307] INFO [weekendr.api] [google_places_service.py:68]: Found 0 places nearby coordinates (18.445, 73.815)
[2026-07-04 05:06:32,307] DEBUG [weekendr.api] [google_places_service.py:52]: Calling Google Places Nearby Search. LatLng: (18.445, 73.815), Radius: 1000, Type: art_gallery
[2026-07-04 05:06:32,732] INFO [weekendr.api] [google_places_service.py:68]: Found 0 places nearby coordinates (18.445, 73.815)
[2026-07-04 05:06:32,732] DEBUG [weekendr.api] [google_places_service.py:52]: Calling Google Places Nearby Search. LatLng: (18.445, 73.815), Radius: 1000, Type: park
[2026-07-04 05:06:33,136] INFO [weekendr.api] [google_places_service.py:68]: Found 0 places nearby coordinates (18.445, 73.815)
[2026-07-04 05:06:33,136] DEBUG [weekendr.api] [google_places_service.py:52]: Calling Google Places Nearby Search. LatLng: (18.445, 73.815), Radius: 1000, Type: campground
[2026-07-04 05:06:33,547] INFO [weekendr.api] [google_places_service.py:68]: Found 0 places nearby coordinates (18.445, 73.815)
[2026-07-04 05:06:33,547] DEBUG [weekendr.api] [google_places_service.py:52]: Calling Google Places Nearby Search. LatLng: (18.445, 73.815), Radius: 1000, Type: zoo
[2026-07-04 05:06:33,967] INFO [weekendr.api] [google_places_service.py:68]: Found 0 places nearby coordinates (18.445, 73.815)
[2026-07-04 05:06:33,967] DEBUG [weekendr.api] [google_places_service.py:52]: Calling Google Places Nearby Search. LatLng: (18.445, 73.815), Radius: 1000, Type: aquarium
[2026-07-04 05:06:34,077] INFO [weekendr.api] [google_places_service.py:68]: Found 0 places nearby coordinates (18.445, 73.815)
[2026-07-04 05:06:34,077] DEBUG [weekendr.api] [google_places_service.py:52]: Calling Google Places Nearby Search. LatLng: (18.445, 73.815), Radius: 1000, Type: shopping_mall
[2026-07-04 05:06:34,243] INFO [weekendr.api] [google_places_service.py:68]: Found 0 places nearby coordinates (18.445, 73.815)
[2026-07-04 05:06:34,243] DEBUG [weekendr.api] [google_places_service.py:52]: Calling Google Places Nearby Search. LatLng: (18.445, 73.815), Radius: 1000, Type: clothing_store
[2026-07-04 05:06:34,644] INFO [weekendr.api] [google_places_service.py:68]: Found 0 places nearby coordinates (18.445, 73.815)
[2026-07-04 05:06:34,645] DEBUG [weekendr.api] [google_places_service.py:52]: Calling Google Places Nearby Search. LatLng: (18.445, 73.815), Radius: 1000, Type: book_store
[2026-07-04 05:06:35,065] INFO [weekendr.api] [google_places_service.py:68]: Found 0 places nearby coordinates (18.445, 73.815)
[2026-07-04 05:06:35,066] DEBUG [weekendr.api] [google_places_service.py:52]: Calling Google Places Nearby Search. LatLng: (18.445, 73.815), Radius: 1000, Type: department_store
[2026-07-04 05:06:35,472] INFO [weekendr.api] [google_places_service.py:68]: Found 0 places nearby coordinates (18.445, 73.815)
[2026-07-04 05:06:35,472] DEBUG [weekendr.api] [google_places_service.py:52]: Calling Google Places Nearby Search. LatLng: (18.445, 73.815), Radius: 1000, Type: shoe_store
[2026-07-04 05:06:35,902] INFO [weekendr.api] [google_places_service.py:68]: Found 0 places nearby coordinates (18.445, 73.815)
[2026-07-04 05:06:35,902] DEBUG [weekendr.api] [google_places_service.py:52]: Calling Google Places Nearby Search. LatLng: (18.445, 73.83), Radius: 1000, Type: cafe
[2026-07-04 05:06:36,327] INFO [weekendr.api] [google_places_service.py:68]: Found 0 places nearby coordinates (18.445, 73.83)
[2026-07-04 05:06:36,328] DEBUG [weekendr.api] [google_places_service.py:52]: Calling Google Places Nearby Search. LatLng: (18.445, 73.83), Radius: 1000, Type: coffee_shop
[2026-07-04 05:06:36,721] INFO [weekendr.api] [google_places_service.py:68]: Found 0 places nearby coordinates (18.445, 73.83)
[2026-07-04 05:06:36,721] DEBUG [weekendr.api] [google_places_service.py:52]: Calling Google Places Nearby Search. LatLng: (18.445, 73.83), Radius: 1000, Type: bakery
[2026-07-04 05:06:37,130] INFO [weekendr.api] [google_places_service.py:68]: Found 0 places nearby coordinates (18.445, 73.83)
[2026-07-04 05:06:37,131] DEBUG [weekendr.api] [google_places_service.py:52]: Calling Google Places Nearby Search. LatLng: (18.445, 73.83), Radius: 1000, Type: confectionery
[2026-07-04 05:06:37,552] INFO [weekendr.api] [google_places_service.py:68]: Found 0 places nearby coordinates (18.445, 73.83)
[2026-07-04 05:06:37,553] DEBUG [weekendr.api] [google_places_service.py:52]: Calling Google Places Nearby Search. LatLng: (18.445, 73.83), Radius: 1000, Type: ice_cream_shop
[2026-07-04 05:06:37,679] INFO [weekendr.api] [google_places_service.py:68]: Found 0 places nearby coordinates (18.445, 73.83)
[2026-07-04 05:06:37,679] DEBUG [weekendr.api] [google_places_service.py:52]: Calling Google Places Nearby Search. LatLng: (18.445, 73.83), Radius: 1000, Type: restaurant
[2026-07-04 05:06:38,094] INFO [weekendr.api] [google_places_service.py:68]: Found 0 places nearby coordinates (18.445, 73.83)
[2026-07-04 05:06:38,094] DEBUG [weekendr.api] [google_places_service.py:52]: Calling Google Places Nearby Search. LatLng: (18.445, 73.83), Radius: 1000, Type: meal_takeaway
[2026-07-04 05:06:38,209] INFO [weekendr.api] [google_places_service.py:68]: Found 0 places nearby coordinates (18.445, 73.83)
[2026-07-04 05:06:38,210] DEBUG [weekendr.api] [google_places_service.py:52]: Calling Google Places Nearby Search. LatLng: (18.445, 73.83), Radius: 1000, Type: meal_delivery
[2026-07-04 05:06:38,602] INFO [weekendr.api] [google_places_service.py:68]: Found 0 places nearby coordinates (18.445, 73.83)
[2026-07-04 05:06:38,602] DEBUG [weekendr.api] [google_places_service.py:52]: Calling Google Places Nearby Search. LatLng: (18.445, 73.83), Radius: 1000, Type: bar
[2026-07-04 05:06:39,000] INFO [weekendr.api] [google_places_service.py:68]: Found 0 places nearby coordinates (18.445, 73.83)
[2026-07-04 05:06:39,000] DEBUG [weekendr.api] [google_places_service.py:52]: Calling Google Places Nearby Search. LatLng: (18.445, 73.83), Radius: 1000, Type: night_club
[2026-07-04 05:06:39,405] INFO [weekendr.api] [google_places_service.py:68]: Found 0 places nearby coordinates (18.445, 73.83)
[2026-07-04 05:06:39,406] DEBUG [weekendr.api] [google_places_service.py:52]: Calling Google Places Nearby Search. LatLng: (18.445, 73.83), Radius: 1000, Type: pub
[2026-07-04 05:06:39,811] INFO [weekendr.api] [google_places_service.py:68]: Found 0 places nearby coordinates (18.445, 73.83)
[2026-07-04 05:06:39,812] DEBUG [weekendr.api] [google_places_service.py:52]: Calling Google Places Nearby Search. LatLng: (18.445, 73.83), Radius: 1000, Type: amusement_park
[2026-07-04 05:06:40,203] INFO [weekendr.api] [google_places_service.py:68]: Found 0 places nearby coordinates (18.445, 73.83)
[2026-07-04 05:06:40,203] DEBUG [weekendr.api] [google_places_service.py:52]: Calling Google Places Nearby Search. LatLng: (18.445, 73.83), Radius: 1000, Type: bowling_alley
[2026-07-04 05:06:40,610] INFO [weekendr.api] [google_places_service.py:68]: Found 0 places nearby coordinates (18.445, 73.83)
[2026-07-04 05:06:40,611] DEBUG [weekendr.api] [google_places_service.py:52]: Calling Google Places Nearby Search. LatLng: (18.445, 73.83), Radius: 1000, Type: movie_theater
[2026-07-04 05:06:41,044] INFO [weekendr.api] [google_places_service.py:68]: Found 0 places nearby coordinates (18.445, 73.83)
[2026-07-04 05:06:41,045] DEBUG [weekendr.api] [google_places_service.py:52]: Calling Google Places Nearby Search. LatLng: (18.445, 73.83), Radius: 1000, Type: casino
[2026-07-04 05:06:41,460] INFO [weekendr.api] [google_places_service.py:68]: Found 0 places nearby coordinates (18.445, 73.83)
[2026-07-04 05:06:41,461] DEBUG [weekendr.api] [google_places_service.py:52]: Calling Google Places Nearby Search. LatLng: (18.445, 73.83), Radius: 1000, Type: tourist_attraction
[2026-07-04 05:06:41,847] INFO [weekendr.api] [google_places_service.py:68]: Found 0 places nearby coordinates (18.445, 73.83)
[2026-07-04 05:06:41,848] DEBUG [weekendr.api] [google_places_service.py:52]: Calling Google Places Nearby Search. LatLng: (18.445, 73.83), Radius: 1000, Type: museum
[2026-07-04 05:06:42,241] INFO [weekendr.api] [google_places_service.py:68]: Found 0 places nearby coordinates (18.445, 73.83)
[2026-07-04 05:06:42,242] DEBUG [weekendr.api] [google_places_service.py:52]: Calling Google Places Nearby Search. LatLng: (18.445, 73.83), Radius: 1000, Type: art_gallery
[2026-07-04 05:06:42,634] INFO [weekendr.api] [google_places_service.py:68]: Found 0 places nearby coordinates (18.445, 73.83)
[2026-07-04 05:06:42,635] DEBUG [weekendr.api] [google_places_service.py:52]: Calling Google Places Nearby Search. LatLng: (18.445, 73.83), Radius: 1000, Type: park
[2026-07-04 05:06:43,033] INFO [weekendr.api] [google_places_service.py:68]: Found 0 places nearby coordinates (18.445, 73.83)
[2026-07-04 05:06:43,033] DEBUG [weekendr.api] [google_places_service.py:52]: Calling Google Places Nearby Search. LatLng: (18.445, 73.83), Radius: 1000, Type: campground
[2026-07-04 05:06:43,439] INFO [weekendr.api] [google_places_service.py:68]: Found 0 places nearby coordinates (18.445, 73.83)
[2026-07-04 05:06:43,440] DEBUG [weekendr.api] [google_places_service.py:52]: Calling Google Places Nearby Search. LatLng: (18.445, 73.83), Radius: 1000, Type: zoo
[2026-07-04 05:06:43,838] INFO [weekendr.api] [google_places_service.py:68]: Found 0 places nearby coordinates (18.445, 73.83)
[2026-07-04 05:06:43,838] DEBUG [weekendr.api] [google_places_service.py:52]: Calling Google Places Nearby Search. LatLng: (18.445, 73.83), Radius: 1000, Type: aquarium
[2026-07-04 05:06:44,232] INFO [weekendr.api] [google_places_service.py:68]: Found 0 places nearby coordinates (18.445, 73.83)
[2026-07-04 05:06:44,232] DEBUG [weekendr.api] [google_places_service.py:52]: Calling Google Places Nearby Search. LatLng: (18.445, 73.83), Radius: 1000, Type: shopping_mall
[2026-07-04 05:06:44,627] INFO [weekendr.api] [google_places_service.py:68]: Found 0 places nearby coordinates (18.445, 73.83)
[2026-07-04 05:06:44,628] DEBUG [weekendr.api] [google_places_service.py:52]: Calling Google Places Nearby Search. LatLng: (18.445, 73.83), Radius: 1000, Type: clothing_store
[2026-07-04 05:06:45,016] INFO [weekendr.api] [google_places_service.py:68]: Found 0 places nearby coordinates (18.445, 73.83)
[2026-07-04 05:06:45,017] DEBUG [weekendr.api] [google_places_service.py:52]: Calling Google Places Nearby Search. LatLng: (18.445, 73.83), Radius: 1000, Type: book_store
[2026-07-04 05:06:45,408] INFO [weekendr.api] [google_places_service.py:68]: Found 0 places nearby coordinates (18.445, 73.83)
[2026-07-04 05:06:45,408] DEBUG [weekendr.api] [google_places_service.py:52]: Calling Google Places Nearby Search. LatLng: (18.445, 73.83), Radius: 1000, Type: department_store
[2026-07-04 05:06:45,796] INFO [weekendr.api] [google_places_service.py:68]: Found 0 places nearby coordinates (18.445, 73.83)
[2026-07-04 05:06:45,797] DEBUG [weekendr.api] [google_places_service.py:52]: Calling Google Places Nearby Search. LatLng: (18.445, 73.83), Radius: 1000, Type: shoe_store
[2026-07-04 05:06:45,896] INFO [weekendr.api] [google_places_service.py:68]: Found 0 places nearby coordinates (18.445, 73.83)
[2026-07-04 05:06:45,896] DEBUG [weekendr.api] [google_places_service.py:52]: Calling Google Places Nearby Search. LatLng: (18.445, 73.845), Radius: 1000, Type: cafe
[2026-07-04 05:06:46,303] INFO [weekendr.api] [google_places_service.py:68]: Found 0 places nearby coordinates (18.445, 73.845)
[2026-07-04 05:06:46,304] DEBUG [weekendr.api] [google_places_service.py:52]: Calling Google Places Nearby Search. LatLng: (18.445, 73.845), Radius: 1000, Type: coffee_shop
[2026-07-04 05:06:46,693] INFO [weekendr.api] [google_places_service.py:68]: Found 0 places nearby coordinates (18.445, 73.845)
[2026-07-04 05:06:46,694] DEBUG [weekendr.api] [google_places_service.py:52]: Calling Google Places Nearby Search. LatLng: (18.445, 73.845), Radius: 1000, Type: bakery
[2026-07-04 05:06:47,083] INFO [weekendr.api] [google_places_service.py:68]: Found 0 places nearby coordinates (18.445, 73.845)
[2026-07-04 05:06:47,084] DEBUG [weekendr.api] [google_places_service.py:52]: Calling Google Places Nearby Search. LatLng: (18.445, 73.845), Radius: 1000, Type: confectionery
[2026-07-04 05:06:47,482] INFO [weekendr.api] [google_places_service.py:68]: Found 0 places nearby coordinates (18.445, 73.845)
[2026-07-04 05:06:47,482] DEBUG [weekendr.api] [google_places_service.py:52]: Calling Google Places Nearby Search. LatLng: (18.445, 73.845), Radius: 1000, Type: ice_cream_shop
[2026-07-04 05:06:47,884] INFO [weekendr.api] [google_places_service.py:68]: Found 0 places nearby coordinates (18.445, 73.845)
[2026-07-04 05:06:47,884] DEBUG [weekendr.api] [google_places_service.py:52]: Calling Google Places Nearby Search. LatLng: (18.445, 73.845), Radius: 1000, Type: restaurant
[2026-07-04 05:06:48,282] INFO [weekendr.api] [google_places_service.py:68]: Found 0 places nearby coordinates (18.445, 73.845)
[2026-07-04 05:06:48,283] DEBUG [weekendr.api] [google_places_service.py:52]: Calling Google Places Nearby Search. LatLng: (18.445, 73.845), Radius: 1000, Type: meal_takeaway
[2026-07-04 05:06:48,676] INFO [weekendr.api] [google_places_service.py:68]: Found 0 places nearby coordinates (18.445, 73.845)
[2026-07-04 05:06:48,676] DEBUG [weekendr.api] [google_places_service.py:52]: Calling Google Places Nearby Search. LatLng: (18.445, 73.845), Radius: 1000, Type: meal_delivery
[2026-07-04 05:06:49,070] INFO [weekendr.api] [google_places_service.py:68]: Found 0 places nearby coordinates (18.445, 73.845)
[2026-07-04 05:06:49,070] DEBUG [weekendr.api] [google_places_service.py:52]: Calling Google Places Nearby Search. LatLng: (18.445, 73.845), Radius: 1000, Type: bar
[2026-07-04 05:06:49,467] INFO [weekendr.api] [google_places_service.py:68]: Found 0 places nearby coordinates (18.445, 73.845)
[2026-07-04 05:06:49,468] DEBUG [weekendr.api] [google_places_service.py:52]: Calling Google Places Nearby Search. LatLng: (18.445, 73.845), Radius: 1000, Type: night_club
[2026-07-04 05:06:49,856] INFO [weekendr.api] [google_places_service.py:68]: Found 0 places nearby coordinates (18.445, 73.845)
[2026-07-04 05:06:49,857] DEBUG [weekendr.api] [google_places_service.py:52]: Calling Google Places Nearby Search. LatLng: (18.445, 73.845), Radius: 1000, Type: pub
[2026-07-04 05:06:50,010] INFO [weekendr.api] [google_places_service.py:68]: Found 0 places nearby coordinates (18.445, 73.845)
[2026-07-04 05:06:50,010] DEBUG [weekendr.api] [google_places_service.py:52]: Calling Google Places Nearby Search. LatLng: (18.445, 73.845), Radius: 1000, Type: amusement_park
[2026-07-04 05:06:50,403] INFO [weekendr.api] [google_places_service.py:68]: Found 0 places nearby coordinates (18.445, 73.845)
[2026-07-04 05:06:50,404] DEBUG [weekendr.api] [google_places_service.py:52]: Calling Google Places Nearby Search. LatLng: (18.445, 73.845), Radius: 1000, Type: bowling_alley
[2026-07-04 05:06:50,803] INFO [weekendr.api] [google_places_service.py:68]: Found 0 places nearby coordinates (18.445, 73.845)
[2026-07-04 05:06:50,804] DEBUG [weekendr.api] [google_places_service.py:52]: Calling Google Places Nearby Search. LatLng: (18.445, 73.845), Radius: 1000, Type: movie_theater
[2026-07-04 05:06:51,227] INFO [weekendr.api] [google_places_service.py:68]: Found 0 places nearby coordinates (18.445, 73.845)
[2026-07-04 05:06:51,227] DEBUG [weekendr.api] [google_places_service.py:52]: Calling Google Places Nearby Search. LatLng: (18.445, 73.845), Radius: 1000, Type: casino
[2026-07-04 05:06:51,623] INFO [weekendr.api] [google_places_service.py:68]: Found 0 places nearby coordinates (18.445, 73.845)
[2026-07-04 05:06:51,624] DEBUG [weekendr.api] [google_places_service.py:52]: Calling Google Places Nearby Search. LatLng: (18.445, 73.845), Radius: 1000, Type: tourist_attraction
[2026-07-04 05:06:52,017] INFO [weekendr.api] [google_places_service.py:68]: Found 0 places nearby coordinates (18.445, 73.845)
[2026-07-04 05:06:52,017] DEBUG [weekendr.api] [google_places_service.py:52]: Calling Google Places Nearby Search. LatLng: (18.445, 73.845), Radius: 1000, Type: museum
[2026-07-04 05:06:52,179] INFO [weekendr.api] [google_places_service.py:68]: Found 0 places nearby coordinates (18.445, 73.845)
[2026-07-04 05:06:52,179] DEBUG [weekendr.api] [google_places_service.py:52]: Calling Google Places Nearby Search. LatLng: (18.445, 73.845), Radius: 1000, Type: art_gallery
[2026-07-04 05:06:52,575] INFO [weekendr.api] [google_places_service.py:68]: Found 0 places nearby coordinates (18.445, 73.845)
[2026-07-04 05:06:52,575] DEBUG [weekendr.api] [google_places_service.py:52]: Calling Google Places Nearby Search. LatLng: (18.445, 73.845), Radius: 1000, Type: park
[2026-07-04 05:06:52,968] INFO [weekendr.api] [google_places_service.py:68]: Found 0 places nearby coordinates (18.445, 73.845)
[2026-07-04 05:06:52,969] DEBUG [weekendr.api] [google_places_service.py:52]: Calling Google Places Nearby Search. LatLng: (18.445, 73.845), Radius: 1000, Type: campground
[2026-07-04 05:06:53,361] INFO [weekendr.api] [google_places_service.py:68]: Found 0 places nearby coordinates (18.445, 73.845)
[2026-07-04 05:06:53,362] DEBUG [weekendr.api] [google_places_service.py:52]: Calling Google Places Nearby Search. LatLng: (18.445, 73.845), Radius: 1000, Type: zoo
[2026-07-04 05:06:53,774] INFO [weekendr.api] [google_places_service.py:68]: Found 0 places nearby coordinates (18.445, 73.845)
[2026-07-04 05:06:53,775] DEBUG [weekendr.api] [google_places_service.py:52]: Calling Google Places Nearby Search. LatLng: (18.445, 73.845), Radius: 1000, Type: aquarium
[2026-07-04 05:06:54,196] INFO [weekendr.api] [google_places_service.py:68]: Found 0 places nearby coordinates (18.445, 73.845)
[2026-07-04 05:06:54,196] DEBUG [weekendr.api] [google_places_service.py:52]: Calling Google Places Nearby Search. LatLng: (18.445, 73.845), Radius: 1000, Type: shopping_mall
[2026-07-04 05:06:54,595] INFO [weekendr.api] [google_places_service.py:68]: Found 0 places nearby coordinates (18.445, 73.845)
[2026-07-04 05:06:54,595] DEBUG [weekendr.api] [google_places_service.py:52]: Calling Google Places Nearby Search. LatLng: (18.445, 73.845), Radius: 1000, Type: clothing_store
[2026-07-04 05:06:54,993] INFO [weekendr.api] [google_places_service.py:68]: Found 0 places nearby coordinates (18.445, 73.845)
[2026-07-04 05:06:54,994] DEBUG [weekendr.api] [google_places_service.py:52]: Calling Google Places Nearby Search. LatLng: (18.445, 73.845), Radius: 1000, Type: book_store
[2026-07-04 05:06:55,409] INFO [weekendr.api] [google_places_service.py:68]: Found 0 places nearby coordinates (18.445, 73.845)
[2026-07-04 05:06:55,409] DEBUG [weekendr.api] [google_places_service.py:52]: Calling Google Places Nearby Search. LatLng: (18.445, 73.845), Radius: 1000, Type: department_store
[2026-07-04 05:06:55,796] INFO [weekendr.api] [google_places_service.py:68]: Found 0 places nearby coordinates (18.445, 73.845)
[2026-07-04 05:06:55,796] DEBUG [weekendr.api] [google_places_service.py:52]: Calling Google Places Nearby Search. LatLng: (18.445, 73.845), Radius: 1000, Type: shoe_store
[2026-07-04 05:06:56,195] INFO [weekendr.api] [google_places_service.py:68]: Found 0 places nearby coordinates (18.445, 73.845)
[2026-07-04 05:06:56,197] DEBUG [weekendr.api] [google_places_service.py:52]: Calling Google Places Nearby Search. LatLng: (18.445, 73.86), Radius: 1000, Type: cafe
[2026-07-04 05:06:56,588] INFO [weekendr.api] [google_places_service.py:68]: Found 0 places nearby coordinates (18.445, 73.86)
[2026-07-04 05:06:56,589] DEBUG [weekendr.api] [google_places_service.py:52]: Calling Google Places Nearby Search. LatLng: (18.445, 73.86), Radius: 1000, Type: coffee_shop
[2026-07-04 05:06:56,685] INFO [weekendr.api] [google_places_service.py:68]: Found 0 places nearby coordinates (18.445, 73.86)
[2026-07-04 05:06:56,685] DEBUG [weekendr.api] [google_places_service.py:52]: Calling Google Places Nearby Search. LatLng: (18.445, 73.86), Radius: 1000, Type: bakery
[2026-07-04 05:06:57,082] INFO [weekendr.api] [google_places_service.py:68]: Found 0 places nearby coordinates (18.445, 73.86)
[2026-07-04 05:06:57,083] DEBUG [weekendr.api] [google_places_service.py:52]: Calling Google Places Nearby Search. LatLng: (18.445, 73.86), Radius: 1000, Type: confectionery
[2026-07-04 05:06:57,176] INFO [weekendr.api] [google_places_service.py:68]: Found 0 places nearby coordinates (18.445, 73.86)
[2026-07-04 05:06:57,176] DEBUG [weekendr.api] [google_places_service.py:52]: Calling Google Places Nearby Search. LatLng: (18.445, 73.86), Radius: 1000, Type: ice_cream_shop
[2026-07-04 05:06:57,590] INFO [weekendr.api] [google_places_service.py:68]: Found 0 places nearby coordinates (18.445, 73.86)
[2026-07-04 05:06:57,590] DEBUG [weekendr.api] [google_places_service.py:52]: Calling Google Places Nearby Search. LatLng: (18.445, 73.86), Radius: 1000, Type: restaurant
[2026-07-04 05:06:57,980] INFO [weekendr.api] [google_places_service.py:68]: Found 0 places nearby coordinates (18.445, 73.86)
[2026-07-04 05:06:57,981] DEBUG [weekendr.api] [google_places_service.py:52]: Calling Google Places Nearby Search. LatLng: (18.445, 73.86), Radius: 1000, Type: meal_takeaway
[2026-07-04 05:06:58,378] INFO [weekendr.api] [google_places_service.py:68]: Found 0 places nearby coordinates (18.445, 73.86)
[2026-07-04 05:06:58,379] DEBUG [weekendr.api] [google_places_service.py:52]: Calling Google Places Nearby Search. LatLng: (18.445, 73.86), Radius: 1000, Type: meal_delivery
[2026-07-04 05:06:58,768] INFO [weekendr.api] [google_places_service.py:68]: Found 0 places nearby coordinates (18.445, 73.86)
[2026-07-04 05:06:58,769] DEBUG [weekendr.api] [google_places_service.py:52]: Calling Google Places Nearby Search. LatLng: (18.445, 73.86), Radius: 1000, Type: bar
[2026-07-04 05:06:59,159] INFO [weekendr.api] [google_places_service.py:68]: Found 0 places nearby coordinates (18.445, 73.86)
[2026-07-04 05:06:59,160] DEBUG [weekendr.api] [google_places_service.py:52]: Calling Google Places Nearby Search. LatLng: (18.445, 73.86), Radius: 1000, Type: night_club
[2026-07-04 05:06:59,255] INFO [weekendr.api] [google_places_service.py:68]: Found 0 places nearby coordinates (18.445, 73.86)
[2026-07-04 05:06:59,256] DEBUG [weekendr.api] [google_places_service.py:52]: Calling Google Places Nearby Search. LatLng: (18.445, 73.86), Radius: 1000, Type: pub
[2026-07-04 05:06:59,662] INFO [weekendr.api] [google_places_service.py:68]: Found 0 places nearby coordinates (18.445, 73.86)
[2026-07-04 05:06:59,662] DEBUG [weekendr.api] [google_places_service.py:52]: Calling Google Places Nearby Search. LatLng: (18.445, 73.86), Radius: 1000, Type: amusement_park
[2026-07-04 05:07:00,051] INFO [weekendr.api] [google_places_service.py:68]: Found 0 places nearby coordinates (18.445, 73.86)
[2026-07-04 05:07:00,051] DEBUG [weekendr.api] [google_places_service.py:52]: Calling Google Places Nearby Search. LatLng: (18.445, 73.86), Radius: 1000, Type: bowling_alley
[2026-07-04 05:07:00,467] INFO [weekendr.api] [google_places_service.py:68]: Found 0 places nearby coordinates (18.445, 73.86)
[2026-07-04 05:07:00,468] DEBUG [weekendr.api] [google_places_service.py:52]: Calling Google Places Nearby Search. LatLng: (18.445, 73.86), Radius: 1000, Type: movie_theater
[2026-07-04 05:07:00,870] INFO [weekendr.api] [google_places_service.py:68]: Found 0 places nearby coordinates (18.445, 73.86)
[2026-07-04 05:07:00,870] DEBUG [weekendr.api] [google_places_service.py:52]: Calling Google Places Nearby Search. LatLng: (18.445, 73.86), Radius: 1000, Type: casino
[2026-07-04 05:07:00,966] INFO [weekendr.api] [google_places_service.py:68]: Found 0 places nearby coordinates (18.445, 73.86)
[2026-07-04 05:07:00,966] DEBUG [weekendr.api] [google_places_service.py:52]: Calling Google Places Nearby Search. LatLng: (18.445, 73.86), Radius: 1000, Type: tourist_attraction
[2026-07-04 05:07:01,360] INFO [weekendr.api] [google_places_service.py:68]: Found 0 places nearby coordinates (18.445, 73.86)
[2026-07-04 05:07:01,360] DEBUG [weekendr.api] [google_places_service.py:52]: Calling Google Places Nearby Search. LatLng: (18.445, 73.86), Radius: 1000, Type: museum
[2026-07-04 05:07:01,747] INFO [weekendr.api] [google_places_service.py:68]: Found 0 places nearby coordinates (18.445, 73.86)
[2026-07-04 05:07:01,747] DEBUG [weekendr.api] [google_places_service.py:52]: Calling Google Places Nearby Search. LatLng: (18.445, 73.86), Radius: 1000, Type: art_gallery
[2026-07-04 05:07:02,139] INFO [weekendr.api] [google_places_service.py:68]: Found 0 places nearby coordinates (18.445, 73.86)
[2026-07-04 05:07:02,140] DEBUG [weekendr.api] [google_places_service.py:52]: Calling Google Places Nearby Search. LatLng: (18.445, 73.86), Radius: 1000, Type: park
[2026-07-04 05:07:02,232] INFO [weekendr.api] [google_places_service.py:68]: Found 0 places nearby coordinates (18.445, 73.86)
[2026-07-04 05:07:02,233] DEBUG [weekendr.api] [google_places_service.py:52]: Calling Google Places Nearby Search. LatLng: (18.445, 73.86), Radius: 1000, Type: campground
[2026-07-04 05:07:02,632] INFO [weekendr.api] [google_places_service.py:68]: Found 0 places nearby coordinates (18.445, 73.86)
[2026-07-04 05:07:02,632] DEBUG [weekendr.api] [google_places_service.py:52]: Calling Google Places Nearby Search. LatLng: (18.445, 73.86), Radius: 1000, Type: zoo
[2026-07-04 05:07:02,783] INFO [weekendr.api] [google_places_service.py:68]: Found 0 places nearby coordinates (18.445, 73.86)
[2026-07-04 05:07:02,783] DEBUG [weekendr.api] [google_places_service.py:52]: Calling Google Places Nearby Search. LatLng: (18.445, 73.86), Radius: 1000, Type: aquarium
[2026-07-04 05:07:03,169] INFO [weekendr.api] [google_places_service.py:68]: Found 0 places nearby coordinates (18.445, 73.86)
[2026-07-04 05:07:03,169] DEBUG [weekendr.api] [google_places_service.py:52]: Calling Google Places Nearby Search. LatLng: (18.445, 73.86), Radius: 1000, Type: shopping_mall
[2026-07-04 05:07:03,563] INFO [weekendr.api] [google_places_service.py:68]: Found 0 places nearby coordinates (18.445, 73.86)
[2026-07-04 05:07:03,563] DEBUG [weekendr.api] [google_places_service.py:52]: Calling Google Places Nearby Search. LatLng: (18.445, 73.86), Radius: 1000, Type: clothing_store
[2026-07-04 05:07:03,682] INFO [weekendr.api] [google_places_service.py:68]: Found 0 places nearby coordinates (18.445, 73.86)
[2026-07-04 05:07:03,682] DEBUG [weekendr.api] [google_places_service.py:52]: Calling Google Places Nearby Search. LatLng: (18.445, 73.86), Radius: 1000, Type: book_store
[2026-07-04 05:07:04,087] INFO [weekendr.api] [google_places_service.py:68]: Found 0 places nearby coordinates (18.445, 73.86)
[2026-07-04 05:07:04,087] DEBUG [weekendr.api] [google_places_service.py:52]: Calling Google Places Nearby Search. LatLng: (18.445, 73.86), Radius: 1000, Type: department_store
[2026-07-04 05:07:04,505] INFO [weekendr.api] [google_places_service.py:68]: Found 0 places nearby coordinates (18.445, 73.86)
[2026-07-04 05:07:04,505] DEBUG [weekendr.api] [google_places_service.py:52]: Calling Google Places Nearby Search. LatLng: (18.445, 73.86), Radius: 1000, Type: shoe_store
[2026-07-04 05:07:04,908] INFO [weekendr.api] [google_places_service.py:68]: Found 0 places nearby coordinates (18.445, 73.86)
[2026-07-04 05:07:04,909] DEBUG [weekendr.api] [google_places_service.py:52]: Calling Google Places Nearby Search. LatLng: (18.445, 73.875), Radius: 1000, Type: cafe
[2026-07-04 05:07:05,352] INFO [weekendr.api] [google_places_service.py:68]: Found 0 places nearby coordinates (18.445, 73.875)
[2026-07-04 05:07:05,352] DEBUG [weekendr.api] [google_places_service.py:52]: Calling Google Places Nearby Search. LatLng: (18.445, 73.875), Radius: 1000, Type: coffee_shop
[2026-07-04 05:07:05,747] INFO [weekendr.api] [google_places_service.py:68]: Found 0 places nearby coordinates (18.445, 73.875)
[2026-07-04 05:07:05,747] DEBUG [weekendr.api] [google_places_service.py:52]: Calling Google Places Nearby Search. LatLng: (18.445, 73.875), Radius: 1000, Type: bakery
[2026-07-04 05:07:05,908] INFO [weekendr.api] [google_places_service.py:68]: Found 0 places nearby coordinates (18.445, 73.875)
[2026-07-04 05:07:05,909] DEBUG [weekendr.api] [google_places_service.py:52]: Calling Google Places Nearby Search. LatLng: (18.445, 73.875), Radius: 1000, Type: confectionery
[2026-07-04 05:07:06,313] INFO [weekendr.api] [google_places_service.py:68]: Found 0 places nearby coordinates (18.445, 73.875)
[2026-07-04 05:07:06,313] DEBUG [weekendr.api] [google_places_service.py:52]: Calling Google Places Nearby Search. LatLng: (18.445, 73.875), Radius: 1000, Type: ice_cream_shop
[2026-07-04 05:07:06,724] INFO [weekendr.api] [google_places_service.py:68]: Found 0 places nearby coordinates (18.445, 73.875)
[2026-07-04 05:07:06,724] DEBUG [weekendr.api] [google_places_service.py:52]: Calling Google Places Nearby Search. LatLng: (18.445, 73.875), Radius: 1000, Type: restaurant
[2026-07-04 05:07:07,114] INFO [weekendr.api] [google_places_service.py:68]: Found 0 places nearby coordinates (18.445, 73.875)
[2026-07-04 05:07:07,114] DEBUG [weekendr.api] [google_places_service.py:52]: Calling Google Places Nearby Search. LatLng: (18.445, 73.875), Radius: 1000, Type: meal_takeaway
[2026-07-04 05:07:07,510] INFO [weekendr.api] [google_places_service.py:68]: Found 0 places nearby coordinates (18.445, 73.875)
[2026-07-04 05:07:07,511] DEBUG [weekendr.api] [google_places_service.py:52]: Calling Google Places Nearby Search. LatLng: (18.445, 73.875), Radius: 1000, Type: meal_delivery
[2026-07-04 05:07:07,908] INFO [weekendr.api] [google_places_service.py:68]: Found 0 places nearby coordinates (18.445, 73.875)
[2026-07-04 05:07:07,909] DEBUG [weekendr.api] [google_places_service.py:52]: Calling Google Places Nearby Search. LatLng: (18.445, 73.875), Radius: 1000, Type: bar
[2026-07-04 05:07:08,313] INFO [weekendr.api] [google_places_service.py:68]: Found 0 places nearby coordinates (18.445, 73.875)
[2026-07-04 05:07:08,313] DEBUG [weekendr.api] [google_places_service.py:52]: Calling Google Places Nearby Search. LatLng: (18.445, 73.875), Radius: 1000, Type: night_club
[2026-07-04 05:07:08,710] INFO [weekendr.api] [google_places_service.py:68]: Found 0 places nearby coordinates (18.445, 73.875)
[2026-07-04 05:07:08,711] DEBUG [weekendr.api] [google_places_service.py:52]: Calling Google Places Nearby Search. LatLng: (18.445, 73.875), Radius: 1000, Type: pub
[2026-07-04 05:07:09,106] INFO [weekendr.api] [google_places_service.py:68]: Found 0 places nearby coordinates (18.445, 73.875)
[2026-07-04 05:07:09,107] DEBUG [weekendr.api] [google_places_service.py:52]: Calling Google Places Nearby Search. LatLng: (18.445, 73.875), Radius: 1000, Type: amusement_park
[2026-07-04 05:07:09,509] INFO [weekendr.api] [google_places_service.py:68]: Found 0 places nearby coordinates (18.445, 73.875)
[2026-07-04 05:07:09,509] DEBUG [weekendr.api] [google_places_service.py:52]: Calling Google Places Nearby Search. LatLng: (18.445, 73.875), Radius: 1000, Type: bowling_alley
[2026-07-04 05:07:09,911] INFO [weekendr.api] [google_places_service.py:68]: Found 0 places nearby coordinates (18.445, 73.875)
[2026-07-04 05:07:09,911] DEBUG [weekendr.api] [google_places_service.py:52]: Calling Google Places Nearby Search. LatLng: (18.445, 73.875), Radius: 1000, Type: movie_theater
[2026-07-04 05:07:10,310] INFO [weekendr.api] [google_places_service.py:68]: Found 0 places nearby coordinates (18.445, 73.875)
[2026-07-04 05:07:10,310] DEBUG [weekendr.api] [google_places_service.py:52]: Calling Google Places Nearby Search. LatLng: (18.445, 73.875), Radius: 1000, Type: casino
[2026-07-04 05:07:10,725] INFO [weekendr.api] [google_places_service.py:68]: Found 0 places nearby coordinates (18.445, 73.875)
[2026-07-04 05:07:10,726] DEBUG [weekendr.api] [google_places_service.py:52]: Calling Google Places Nearby Search. LatLng: (18.445, 73.875), Radius: 1000, Type: tourist_attraction
[2026-07-04 05:07:11,117] INFO [weekendr.api] [google_places_service.py:68]: Found 0 places nearby coordinates (18.445, 73.875)
[2026-07-04 05:07:11,118] DEBUG [weekendr.api] [google_places_service.py:52]: Calling Google Places Nearby Search. LatLng: (18.445, 73.875), Radius: 1000, Type: museum
[2026-07-04 05:07:11,511] INFO [weekendr.api] [google_places_service.py:68]: Found 0 places nearby coordinates (18.445, 73.875)
[2026-07-04 05:07:11,511] DEBUG [weekendr.api] [google_places_service.py:52]: Calling Google Places Nearby Search. LatLng: (18.445, 73.875), Radius: 1000, Type: art_gallery
[2026-07-04 05:07:11,912] INFO [weekendr.api] [google_places_service.py:68]: Found 0 places nearby coordinates (18.445, 73.875)
[2026-07-04 05:07:11,913] DEBUG [weekendr.api] [google_places_service.py:52]: Calling Google Places Nearby Search. LatLng: (18.445, 73.875), Radius: 1000, Type: park
[2026-07-04 05:07:12,319] INFO [weekendr.api] [google_places_service.py:68]: Found 0 places nearby coordinates (18.445, 73.875)
[2026-07-04 05:07:12,319] DEBUG [weekendr.api] [google_places_service.py:52]: Calling Google Places Nearby Search. LatLng: (18.445, 73.875), Radius: 1000, Type: campground
[2026-07-04 05:07:12,726] INFO [weekendr.api] [google_places_service.py:68]: Found 0 places nearby coordinates (18.445, 73.875)
[2026-07-04 05:07:12,726] DEBUG [weekendr.api] [google_places_service.py:52]: Calling Google Places Nearby Search. LatLng: (18.445, 73.875), Radius: 1000, Type: zoo
[2026-07-04 05:07:13,113] INFO [weekendr.api] [google_places_service.py:68]: Found 0 places nearby coordinates (18.445, 73.875)
[2026-07-04 05:07:13,114] DEBUG [weekendr.api] [google_places_service.py:52]: Calling Google Places Nearby Search. LatLng: (18.445, 73.875), Radius: 1000, Type: aquarium
[2026-07-04 05:07:13,507] INFO [weekendr.api] [google_places_service.py:68]: Found 0 places nearby coordinates (18.445, 73.875)
[2026-07-04 05:07:13,508] DEBUG [weekendr.api] [google_places_service.py:52]: Calling Google Places Nearby Search. LatLng: (18.445, 73.875), Radius: 1000, Type: shopping_mall
[2026-07-04 05:07:13,908] INFO [weekendr.api] [google_places_service.py:68]: Found 0 places nearby coordinates (18.445, 73.875)
[2026-07-04 05:07:13,908] DEBUG [weekendr.api] [google_places_service.py:52]: Calling Google Places Nearby Search. LatLng: (18.445, 73.875), Radius: 1000, Type: clothing_store
[2026-07-04 05:07:14,300] INFO [weekendr.api] [google_places_service.py:68]: Found 0 places nearby coordinates (18.445, 73.875)
[2026-07-04 05:07:14,301] DEBUG [weekendr.api] [google_places_service.py:52]: Calling Google Places Nearby Search. LatLng: (18.445, 73.875), Radius: 1000, Type: book_store
[2026-07-04 05:07:14,700] INFO [weekendr.api] [google_places_service.py:68]: Found 0 places nearby coordinates (18.445, 73.875)
[2026-07-04 05:07:14,701] DEBUG [weekendr.api] [google_places_service.py:52]: Calling Google Places Nearby Search. LatLng: (18.445, 73.875), Radius: 1000, Type: department_store
[2026-07-04 05:07:15,092] INFO [weekendr.api] [google_places_service.py:68]: Found 0 places nearby coordinates (18.445, 73.875)
[2026-07-04 05:07:15,093] DEBUG [weekendr.api] [google_places_service.py:52]: Calling Google Places Nearby Search. LatLng: (18.445, 73.875), Radius: 1000, Type: shoe_store
[2026-07-04 05:07:15,482] INFO [weekendr.api] [google_places_service.py:68]: Found 0 places nearby coordinates (18.445, 73.875)
[2026-07-04 05:07:15,483] DEBUG [weekendr.api] [google_places_service.py:52]: Calling Google Places Nearby Search. LatLng: (18.445, 73.89), Radius: 1000, Type: cafe
[2026-07-04 05:07:15,893] INFO [weekendr.api] [google_places_service.py:68]: Found 0 places nearby coordinates (18.445, 73.89)
[2026-07-04 05:07:15,894] DEBUG [weekendr.api] [google_places_service.py:52]: Calling Google Places Nearby Search. LatLng: (18.445, 73.89), Radius: 1000, Type: coffee_shop
[2026-07-04 05:07:16,293] INFO [weekendr.api] [google_places_service.py:68]: Found 0 places nearby coordinates (18.445, 73.89)
[2026-07-04 05:07:16,294] DEBUG [weekendr.api] [google_places_service.py:52]: Calling Google Places Nearby Search. LatLng: (18.445, 73.89), Radius: 1000, Type: bakery
[2026-07-04 05:07:16,692] INFO [weekendr.api] [google_places_service.py:68]: Found 0 places nearby coordinates (18.445, 73.89)
[2026-07-04 05:07:16,693] DEBUG [weekendr.api] [google_places_service.py:52]: Calling Google Places Nearby Search. LatLng: (18.445, 73.89), Radius: 1000, Type: confectionery
[2026-07-04 05:07:17,083] INFO [weekendr.api] [google_places_service.py:68]: Found 0 places nearby coordinates (18.445, 73.89)
[2026-07-04 05:07:17,083] DEBUG [weekendr.api] [google_places_service.py:52]: Calling Google Places Nearby Search. LatLng: (18.445, 73.89), Radius: 1000, Type: ice_cream_shop
[2026-07-04 05:07:17,474] INFO [weekendr.api] [google_places_service.py:68]: Found 0 places nearby coordinates (18.445, 73.89)
[2026-07-04 05:07:17,475] DEBUG [weekendr.api] [google_places_service.py:52]: Calling Google Places Nearby Search. LatLng: (18.445, 73.89), Radius: 1000, Type: restaurant
[2026-07-04 05:07:17,893] INFO [weekendr.api] [google_places_service.py:68]: Found 0 places nearby coordinates (18.445, 73.89)
[2026-07-04 05:07:17,894] DEBUG [weekendr.api] [google_places_service.py:52]: Calling Google Places Nearby Search. LatLng: (18.445, 73.89), Radius: 1000, Type: meal_takeaway
[2026-07-04 05:07:18,291] INFO [weekendr.api] [google_places_service.py:68]: Found 0 places nearby coordinates (18.445, 73.89)
[2026-07-04 05:07:18,291] DEBUG [weekendr.api] [google_places_service.py:52]: Calling Google Places Nearby Search. LatLng: (18.445, 73.89), Radius: 1000, Type: meal_delivery
[2026-07-04 05:07:18,680] INFO [weekendr.api] [google_places_service.py:68]: Found 0 places nearby coordinates (18.445, 73.89)
[2026-07-04 05:07:18,681] DEBUG [weekendr.api] [google_places_service.py:52]: Calling Google Places Nearby Search. LatLng: (18.445, 73.89), Radius: 1000, Type: bar
[2026-07-04 05:07:19,077] INFO [weekendr.api] [google_places_service.py:68]: Found 0 places nearby coordinates (18.445, 73.89)
[2026-07-04 05:07:19,078] DEBUG [weekendr.api] [google_places_service.py:52]: Calling Google Places Nearby Search. LatLng: (18.445, 73.89), Radius: 1000, Type: night_club
[2026-07-04 05:07:19,477] INFO [weekendr.api] [google_places_service.py:68]: Found 0 places nearby coordinates (18.445, 73.89)
[2026-07-04 05:07:19,477] DEBUG [weekendr.api] [google_places_service.py:52]: Calling Google Places Nearby Search. LatLng: (18.445, 73.89), Radius: 1000, Type: pub
[2026-07-04 05:07:19,863] INFO [weekendr.api] [google_places_service.py:68]: Found 0 places nearby coordinates (18.445, 73.89)
[2026-07-04 05:07:19,864] DEBUG [weekendr.api] [google_places_service.py:52]: Calling Google Places Nearby Search. LatLng: (18.445, 73.89), Radius: 1000, Type: amusement_park
[2026-07-04 05:07:20,261] INFO [weekendr.api] [google_places_service.py:68]: Found 0 places nearby coordinates (18.445, 73.89)
[2026-07-04 05:07:20,262] DEBUG [weekendr.api] [google_places_service.py:52]: Calling Google Places Nearby Search. LatLng: (18.445, 73.89), Radius: 1000, Type: bowling_alley
[2026-07-04 05:07:20,356] INFO [weekendr.api] [google_places_service.py:68]: Found 0 places nearby coordinates (18.445, 73.89)
[2026-07-04 05:07:20,357] DEBUG [weekendr.api] [google_places_service.py:52]: Calling Google Places Nearby Search. LatLng: (18.445, 73.89), Radius: 1000, Type: movie_theater
[2026-07-04 05:07:20,448] INFO [weekendr.api] [google_places_service.py:68]: Found 0 places nearby coordinates (18.445, 73.89)
[2026-07-04 05:07:20,448] DEBUG [weekendr.api] [google_places_service.py:52]: Calling Google Places Nearby Search. LatLng: (18.445, 73.89), Radius: 1000, Type: casino
[2026-07-04 05:07:20,842] INFO [weekendr.api] [google_places_service.py:68]: Found 0 places nearby coordinates (18.445, 73.89)
[2026-07-04 05:07:20,842] DEBUG [weekendr.api] [google_places_service.py:52]: Calling Google Places Nearby Search. LatLng: (18.445, 73.89), Radius: 1000, Type: tourist_attraction
[2026-07-04 05:07:20,992] INFO [weekendr.api] [google_places_service.py:68]: Found 0 places nearby coordinates (18.445, 73.89)
[2026-07-04 05:07:20,992] DEBUG [weekendr.api] [google_places_service.py:52]: Calling Google Places Nearby Search. LatLng: (18.445, 73.89), Radius: 1000, Type: museum
[2026-07-04 05:07:21,380] INFO [weekendr.api] [google_places_service.py:68]: Found 0 places nearby coordinates (18.445, 73.89)
[2026-07-04 05:07:21,380] DEBUG [weekendr.api] [google_places_service.py:52]: Calling Google Places Nearby Search. LatLng: (18.445, 73.89), Radius: 1000, Type: art_gallery
[2026-07-04 05:07:21,784] INFO [weekendr.api] [google_places_service.py:68]: Found 0 places nearby coordinates (18.445, 73.89)
[2026-07-04 05:07:21,785] DEBUG [weekendr.api] [google_places_service.py:52]: Calling Google Places Nearby Search. LatLng: (18.445, 73.89), Radius: 1000, Type: park
[2026-07-04 05:07:22,177] INFO [weekendr.api] [google_places_service.py:68]: Found 0 places nearby coordinates (18.445, 73.89)
[2026-07-04 05:07:22,177] DEBUG [weekendr.api] [google_places_service.py:52]: Calling Google Places Nearby Search. LatLng: (18.445, 73.89), Radius: 1000, Type: campground
[2026-07-04 05:07:22,571] INFO [weekendr.api] [google_places_service.py:68]: Found 0 places nearby coordinates (18.445, 73.89)
[2026-07-04 05:07:22,573] DEBUG [weekendr.api] [google_places_service.py:52]: Calling Google Places Nearby Search. LatLng: (18.445, 73.89), Radius: 1000, Type: zoo
[2026-07-04 05:07:22,966] INFO [weekendr.api] [google_places_service.py:68]: Found 0 places nearby coordinates (18.445, 73.89)
[2026-07-04 05:07:22,966] DEBUG [weekendr.api] [google_places_service.py:52]: Calling Google Places Nearby Search. LatLng: (18.445, 73.89), Radius: 1000, Type: aquarium
[2026-07-04 05:07:23,360] INFO [weekendr.api] [google_places_service.py:68]: Found 0 places nearby coordinates (18.445, 73.89)
[2026-07-04 05:07:23,361] DEBUG [weekendr.api] [google_places_service.py:52]: Calling Google Places Nearby Search. LatLng: (18.445, 73.89), Radius: 1000, Type: shopping_mall
[2026-07-04 05:07:23,749] INFO [weekendr.api] [google_places_service.py:68]: Found 0 places nearby coordinates (18.445, 73.89)
[2026-07-04 05:07:23,750] DEBUG [weekendr.api] [google_places_service.py:52]: Calling Google Places Nearby Search. LatLng: (18.445, 73.89), Radius: 1000, Type: clothing_store
[2026-07-04 05:07:24,156] INFO [weekendr.api] [google_places_service.py:68]: Found 0 places nearby coordinates (18.445, 73.89)
[2026-07-04 05:07:24,157] DEBUG [weekendr.api] [google_places_service.py:52]: Calling Google Places Nearby Search. LatLng: (18.445, 73.89), Radius: 1000, Type: book_store
[2026-07-04 05:07:24,581] INFO [weekendr.api] [google_places_service.py:68]: Found 0 places nearby coordinates (18.445, 73.89)
[2026-07-04 05:07:24,582] DEBUG [weekendr.api] [google_places_service.py:52]: Calling Google Places Nearby Search. LatLng: (18.445, 73.89), Radius: 1000, Type: department_store
[2026-07-04 05:07:24,679] INFO [weekendr.api] [google_places_service.py:68]: Found 0 places nearby coordinates (18.445, 73.89)
[2026-07-04 05:07:24,679] DEBUG [weekendr.api] [google_places_service.py:52]: Calling Google Places Nearby Search. LatLng: (18.445, 73.89), Radius: 1000, Type: shoe_store
[2026-07-04 05:07:25,081] INFO [weekendr.api] [google_places_service.py:68]: Found 0 places nearby coordinates (18.445, 73.89)
[2026-07-04 05:07:25,081] DEBUG [weekendr.api] [google_places_service.py:52]: Calling Google Places Nearby Search. LatLng: (18.445, 73.905), Radius: 1000, Type: cafe
[2026-07-04 05:07:25,479] INFO [weekendr.api] [google_places_service.py:68]: Found 0 places nearby coordinates (18.445, 73.905)
[2026-07-04 05:07:25,479] DEBUG [weekendr.api] [google_places_service.py:52]: Calling Google Places Nearby Search. LatLng: (18.445, 73.905), Radius: 1000, Type: coffee_shop
[2026-07-04 05:07:25,893] INFO [weekendr.api] [google_places_service.py:68]: Found 0 places nearby coordinates (18.445, 73.905)
[2026-07-04 05:07:25,894] DEBUG [weekendr.api] [google_places_service.py:52]: Calling Google Places Nearby Search. LatLng: (18.445, 73.905), Radius: 1000, Type: bakery
[2026-07-04 05:07:26,291] INFO [weekendr.api] [google_places_service.py:68]: Found 0 places nearby coordinates (18.445, 73.905)
[2026-07-04 05:07:26,291] DEBUG [weekendr.api] [google_places_service.py:52]: Calling Google Places Nearby Search. LatLng: (18.445, 73.905), Radius: 1000, Type: confectionery
[2026-07-04 05:07:26,715] INFO [weekendr.api] [google_places_service.py:68]: Found 0 places nearby coordinates (18.445, 73.905)
[2026-07-04 05:07:26,716] DEBUG [weekendr.api] [google_places_service.py:52]: Calling Google Places Nearby Search. LatLng: (18.445, 73.905), Radius: 1000, Type: ice_cream_shop
[2026-07-04 05:07:26,828] INFO [weekendr.api] [google_places_service.py:68]: Found 0 places nearby coordinates (18.445, 73.905)
[2026-07-04 05:07:26,829] DEBUG [weekendr.api] [google_places_service.py:52]: Calling Google Places Nearby Search. LatLng: (18.445, 73.905), Radius: 1000, Type: restaurant
[2026-07-04 05:07:27,241] INFO [weekendr.api] [google_places_service.py:68]: Found 0 places nearby coordinates (18.445, 73.905)
[2026-07-04 05:07:27,242] DEBUG [weekendr.api] [google_places_service.py:52]: Calling Google Places Nearby Search. LatLng: (18.445, 73.905), Radius: 1000, Type: meal_takeaway
[2026-07-04 05:07:27,635] INFO [weekendr.api] [google_places_service.py:68]: Found 0 places nearby coordinates (18.445, 73.905)
[2026-07-04 05:07:27,635] DEBUG [weekendr.api] [google_places_service.py:52]: Calling Google Places Nearby Search. LatLng: (18.445, 73.905), Radius: 1000, Type: meal_delivery
[2026-07-04 05:07:28,034] INFO [weekendr.api] [google_places_service.py:68]: Found 0 places nearby coordinates (18.445, 73.905)
[2026-07-04 05:07:28,035] DEBUG [weekendr.api] [google_places_service.py:52]: Calling Google Places Nearby Search. LatLng: (18.445, 73.905), Radius: 1000, Type: bar
[2026-07-04 05:07:28,429] INFO [weekendr.api] [google_places_service.py:68]: Found 0 places nearby coordinates (18.445, 73.905)
[2026-07-04 05:07:28,430] DEBUG [weekendr.api] [google_places_service.py:52]: Calling Google Places Nearby Search. LatLng: (18.445, 73.905), Radius: 1000, Type: night_club
[2026-07-04 05:07:28,823] INFO [weekendr.api] [google_places_service.py:68]: Found 0 places nearby coordinates (18.445, 73.905)
[2026-07-04 05:07:28,823] DEBUG [weekendr.api] [google_places_service.py:52]: Calling Google Places Nearby Search. LatLng: (18.445, 73.905), Radius: 1000, Type: pub
[2026-07-04 05:07:28,925] INFO [weekendr.api] [google_places_service.py:68]: Found 0 places nearby coordinates (18.445, 73.905)
[2026-07-04 05:07:28,925] DEBUG [weekendr.api] [google_places_service.py:52]: Calling Google Places Nearby Search. LatLng: (18.445, 73.905), Radius: 1000, Type: amusement_park
[2026-07-04 05:07:29,034] INFO [weekendr.api] [google_places_service.py:68]: Found 0 places nearby coordinates (18.445, 73.905)
[2026-07-04 05:07:29,035] DEBUG [weekendr.api] [google_places_service.py:52]: Calling Google Places Nearby Search. LatLng: (18.445, 73.905), Radius: 1000, Type: bowling_alley
[2026-07-04 05:07:29,431] INFO [weekendr.api] [google_places_service.py:68]: Found 0 places nearby coordinates (18.445, 73.905)
[2026-07-04 05:07:29,432] DEBUG [weekendr.api] [google_places_service.py:52]: Calling Google Places Nearby Search. LatLng: (18.445, 73.905), Radius: 1000, Type: movie_theater
[2026-07-04 05:07:29,841] INFO [weekendr.api] [google_places_service.py:68]: Found 0 places nearby coordinates (18.445, 73.905)
[2026-07-04 05:07:29,842] DEBUG [weekendr.api] [google_places_service.py:52]: Calling Google Places Nearby Search. LatLng: (18.445, 73.905), Radius: 1000, Type: casino
[2026-07-04 05:07:29,935] INFO [weekendr.api] [google_places_service.py:68]: Found 0 places nearby coordinates (18.445, 73.905)
[2026-07-04 05:07:29,935] DEBUG [weekendr.api] [google_places_service.py:52]: Calling Google Places Nearby Search. LatLng: (18.445, 73.905), Radius: 1000, Type: tourist_attraction
[2026-07-04 05:07:30,091] INFO [weekendr.api] [google_places_service.py:68]: Found 0 places nearby coordinates (18.445, 73.905)
[2026-07-04 05:07:30,091] DEBUG [weekendr.api] [google_places_service.py:52]: Calling Google Places Nearby Search. LatLng: (18.445, 73.905), Radius: 1000, Type: museum
[2026-07-04 05:07:30,482] INFO [weekendr.api] [google_places_service.py:68]: Found 0 places nearby coordinates (18.445, 73.905)
[2026-07-04 05:07:30,483] DEBUG [weekendr.api] [google_places_service.py:52]: Calling Google Places Nearby Search. LatLng: (18.445, 73.905), Radius: 1000, Type: art_gallery
[2026-07-04 05:07:30,871] INFO [weekendr.api] [google_places_service.py:68]: Found 0 places nearby coordinates (18.445, 73.905)
[2026-07-04 05:07:30,873] DEBUG [weekendr.api] [google_places_service.py:52]: Calling Google Places Nearby Search. LatLng: (18.445, 73.905), Radius: 1000, Type: park
[2026-07-04 05:07:31,267] INFO [weekendr.api] [google_places_service.py:68]: Found 0 places nearby coordinates (18.445, 73.905)
[2026-07-04 05:07:31,268] DEBUG [weekendr.api] [google_places_service.py:52]: Calling Google Places Nearby Search. LatLng: (18.445, 73.905), Radius: 1000, Type: campground
[2026-07-04 05:07:31,664] INFO [weekendr.api] [google_places_service.py:68]: Found 0 places nearby coordinates (18.445, 73.905)
[2026-07-04 05:07:31,665] DEBUG [weekendr.api] [google_places_service.py:52]: Calling Google Places Nearby Search. LatLng: (18.445, 73.905), Radius: 1000, Type: zoo
[2026-07-04 05:07:31,758] INFO [weekendr.api] [google_places_service.py:68]: Found 0 places nearby coordinates (18.445, 73.905)
[2026-07-04 05:07:31,758] DEBUG [weekendr.api] [google_places_service.py:52]: Calling Google Places Nearby Search. LatLng: (18.445, 73.905), Radius: 1000, Type: aquarium
[2026-07-04 05:07:32,154] INFO [weekendr.api] [google_places_service.py:68]: Found 0 places nearby coordinates (18.445, 73.905)
[2026-07-04 05:07:32,155] DEBUG [weekendr.api] [google_places_service.py:52]: Calling Google Places Nearby Search. LatLng: (18.445, 73.905), Radius: 1000, Type: shopping_mall
[2026-07-04 05:07:32,556] INFO [weekendr.api] [google_places_service.py:68]: Found 0 places nearby coordinates (18.445, 73.905)
[2026-07-04 05:07:32,557] DEBUG [weekendr.api] [google_places_service.py:52]: Calling Google Places Nearby Search. LatLng: (18.445, 73.905), Radius: 1000, Type: clothing_store
[2026-07-04 05:07:32,952] INFO [weekendr.api] [google_places_service.py:68]: Found 0 places nearby coordinates (18.445, 73.905)
[2026-07-04 05:07:32,953] DEBUG [weekendr.api] [google_places_service.py:52]: Calling Google Places Nearby Search. LatLng: (18.445, 73.905), Radius: 1000, Type: book_store
[2026-07-04 05:07:33,349] INFO [weekendr.api] [google_places_service.py:68]: Found 0 places nearby coordinates (18.445, 73.905)
[2026-07-04 05:07:33,349] DEBUG [weekendr.api] [google_places_service.py:52]: Calling Google Places Nearby Search. LatLng: (18.445, 73.905), Radius: 1000, Type: department_store
[2026-07-04 05:07:33,742] INFO [weekendr.api] [google_places_service.py:68]: Found 0 places nearby coordinates (18.445, 73.905)
[2026-07-04 05:07:33,743] DEBUG [weekendr.api] [google_places_service.py:52]: Calling Google Places Nearby Search. LatLng: (18.445, 73.905), Radius: 1000, Type: shoe_store
[2026-07-04 05:07:34,154] INFO [weekendr.api] [google_places_service.py:68]: Found 0 places nearby coordinates (18.445, 73.905)
[2026-07-04 05:07:34,155] DEBUG [weekendr.api] [google_places_service.py:52]: Calling Google Places Nearby Search. LatLng: (18.445, 73.92), Radius: 1000, Type: cafe
[2026-07-04 05:07:34,551] INFO [weekendr.api] [google_places_service.py:68]: Found 0 places nearby coordinates (18.445, 73.92)
[2026-07-04 05:07:34,551] DEBUG [weekendr.api] [google_places_service.py:52]: Calling Google Places Nearby Search. LatLng: (18.445, 73.92), Radius: 1000, Type: coffee_shop
[2026-07-04 05:07:34,964] INFO [weekendr.api] [google_places_service.py:68]: Found 0 places nearby coordinates (18.445, 73.92)
[2026-07-04 05:07:34,965] DEBUG [weekendr.api] [google_places_service.py:52]: Calling Google Places Nearby Search. LatLng: (18.445, 73.92), Radius: 1000, Type: bakery
[2026-07-04 05:07:35,357] INFO [weekendr.api] [google_places_service.py:68]: Found 0 places nearby coordinates (18.445, 73.92)
[2026-07-04 05:07:35,358] DEBUG [weekendr.api] [google_places_service.py:52]: Calling Google Places Nearby Search. LatLng: (18.445, 73.92), Radius: 1000, Type: confectionery
[2026-07-04 05:07:35,770] INFO [weekendr.api] [google_places_service.py:68]: Found 0 places nearby coordinates (18.445, 73.92)
[2026-07-04 05:07:35,771] DEBUG [weekendr.api] [google_places_service.py:52]: Calling Google Places Nearby Search. LatLng: (18.445, 73.92), Radius: 1000, Type: ice_cream_shop
[2026-07-04 05:07:36,216] INFO [weekendr.api] [google_places_service.py:68]: Found 0 places nearby coordinates (18.445, 73.92)
[2026-07-04 05:07:36,216] DEBUG [weekendr.api] [google_places_service.py:52]: Calling Google Places Nearby Search. LatLng: (18.445, 73.92), Radius: 1000, Type: restaurant
[2026-07-04 05:07:36,616] INFO [weekendr.api] [google_places_service.py:68]: Found 0 places nearby coordinates (18.445, 73.92)
[2026-07-04 05:07:36,617] DEBUG [weekendr.api] [google_places_service.py:52]: Calling Google Places Nearby Search. LatLng: (18.445, 73.92), Radius: 1000, Type: meal_takeaway
[2026-07-04 05:07:37,007] INFO [weekendr.api] [google_places_service.py:68]: Found 0 places nearby coordinates (18.445, 73.92)
[2026-07-04 05:07:37,007] DEBUG [weekendr.api] [google_places_service.py:52]: Calling Google Places Nearby Search. LatLng: (18.445, 73.92), Radius: 1000, Type: meal_delivery
[2026-07-04 05:07:37,214] INFO [weekendr.api] [google_places_service.py:68]: Found 0 places nearby coordinates (18.445, 73.92)
[2026-07-04 05:07:37,214] DEBUG [weekendr.api] [google_places_service.py:52]: Calling Google Places Nearby Search. LatLng: (18.445, 73.92), Radius: 1000, Type: bar
[2026-07-04 05:07:37,305] INFO [weekendr.api] [google_places_service.py:68]: Found 0 places nearby coordinates (18.445, 73.92)
[2026-07-04 05:07:37,305] DEBUG [weekendr.api] [google_places_service.py:52]: Calling Google Places Nearby Search. LatLng: (18.445, 73.92), Radius: 1000, Type: night_club
[2026-07-04 05:07:37,744] INFO [weekendr.api] [google_places_service.py:68]: Found 0 places nearby coordinates (18.445, 73.92)
[2026-07-04 05:07:37,744] DEBUG [weekendr.api] [google_places_service.py:52]: Calling Google Places Nearby Search. LatLng: (18.445, 73.92), Radius: 1000, Type: pub
[2026-07-04 05:07:38,159] INFO [weekendr.api] [google_places_service.py:68]: Found 0 places nearby coordinates (18.445, 73.92)
[2026-07-04 05:07:38,160] DEBUG [weekendr.api] [google_places_service.py:52]: Calling Google Places Nearby Search. LatLng: (18.445, 73.92), Radius: 1000, Type: amusement_park
[2026-07-04 05:07:38,607] INFO [weekendr.api] [google_places_service.py:68]: Found 0 places nearby coordinates (18.445, 73.92)
[2026-07-04 05:07:38,608] DEBUG [weekendr.api] [google_places_service.py:52]: Calling Google Places Nearby Search. LatLng: (18.445, 73.92), Radius: 1000, Type: bowling_alley
[2026-07-04 05:07:38,720] INFO [weekendr.api] [google_places_service.py:68]: Found 0 places nearby coordinates (18.445, 73.92)
[2026-07-04 05:07:38,720] DEBUG [weekendr.api] [google_places_service.py:52]: Calling Google Places Nearby Search. LatLng: (18.445, 73.92), Radius: 1000, Type: movie_theater
[2026-07-04 05:07:39,155] INFO [weekendr.api] [google_places_service.py:68]: Found 0 places nearby coordinates (18.445, 73.92)
[2026-07-04 05:07:39,156] DEBUG [weekendr.api] [google_places_service.py:52]: Calling Google Places Nearby Search. LatLng: (18.445, 73.92), Radius: 1000, Type: casino
[2026-07-04 05:07:39,599] INFO [weekendr.api] [google_places_service.py:68]: Found 0 places nearby coordinates (18.445, 73.92)
[2026-07-04 05:07:39,600] DEBUG [weekendr.api] [google_places_service.py:52]: Calling Google Places Nearby Search. LatLng: (18.445, 73.92), Radius: 1000, Type: tourist_attraction
[2026-07-04 05:07:40,055] INFO [weekendr.api] [google_places_service.py:68]: Found 0 places nearby coordinates (18.445, 73.92)
[2026-07-04 05:07:40,056] DEBUG [weekendr.api] [google_places_service.py:52]: Calling Google Places Nearby Search. LatLng: (18.445, 73.92), Radius: 1000, Type: museum
[2026-07-04 05:07:40,448] INFO [weekendr.api] [google_places_service.py:68]: Found 0 places nearby coordinates (18.445, 73.92)
[2026-07-04 05:07:40,449] DEBUG [weekendr.api] [google_places_service.py:52]: Calling Google Places Nearby Search. LatLng: (18.445, 73.92), Radius: 1000, Type: art_gallery
[2026-07-04 05:07:40,550] INFO [weekendr.api] [google_places_service.py:68]: Found 0 places nearby coordinates (18.445, 73.92)
[2026-07-04 05:07:40,550] DEBUG [weekendr.api] [google_places_service.py:52]: Calling Google Places Nearby Search. LatLng: (18.445, 73.92), Radius: 1000, Type: park
[2026-07-04 05:07:40,955] INFO [weekendr.api] [google_places_service.py:68]: Found 0 places nearby coordinates (18.445, 73.92)
[2026-07-04 05:07:40,955] DEBUG [weekendr.api] [google_places_service.py:52]: Calling Google Places Nearby Search. LatLng: (18.445, 73.92), Radius: 1000, Type: campground
[2026-07-04 05:07:41,402] INFO [weekendr.api] [google_places_service.py:68]: Found 0 places nearby coordinates (18.445, 73.92)
[2026-07-04 05:07:41,403] DEBUG [weekendr.api] [google_places_service.py:52]: Calling Google Places Nearby Search. LatLng: (18.445, 73.92), Radius: 1000, Type: zoo
[2026-07-04 05:07:41,842] INFO [weekendr.api] [google_places_service.py:68]: Found 0 places nearby coordinates (18.445, 73.92)
[2026-07-04 05:07:41,843] DEBUG [weekendr.api] [google_places_service.py:52]: Calling Google Places Nearby Search. LatLng: (18.445, 73.92), Radius: 1000, Type: aquarium
[2026-07-04 05:07:41,956] INFO [weekendr.api] [google_places_service.py:68]: Found 0 places nearby coordinates (18.445, 73.92)
[2026-07-04 05:07:41,956] DEBUG [weekendr.api] [google_places_service.py:52]: Calling Google Places Nearby Search. LatLng: (18.445, 73.92), Radius: 1000, Type: shopping_mall
[2026-07-04 05:07:42,354] INFO [weekendr.api] [google_places_service.py:68]: Found 0 places nearby coordinates (18.445, 73.92)
[2026-07-04 05:07:42,355] DEBUG [weekendr.api] [google_places_service.py:52]: Calling Google Places Nearby Search. LatLng: (18.445, 73.92), Radius: 1000, Type: clothing_store
[2026-07-04 05:07:42,757] INFO [weekendr.api] [google_places_service.py:68]: Found 0 places nearby coordinates (18.445, 73.92)
[2026-07-04 05:07:42,758] DEBUG [weekendr.api] [google_places_service.py:52]: Calling Google Places Nearby Search. LatLng: (18.445, 73.92), Radius: 1000, Type: book_store
[2026-07-04 05:07:43,157] INFO [weekendr.api] [google_places_service.py:68]: Found 0 places nearby coordinates (18.445, 73.92)
[2026-07-04 05:07:43,158] DEBUG [weekendr.api] [google_places_service.py:52]: Calling Google Places Nearby Search. LatLng: (18.445, 73.92), Radius: 1000, Type: department_store
[2026-07-04 05:07:43,254] INFO [weekendr.api] [google_places_service.py:68]: Found 0 places nearby coordinates (18.445, 73.92)
[2026-07-04 05:07:43,254] DEBUG [weekendr.api] [google_places_service.py:52]: Calling Google Places Nearby Search. LatLng: (18.445, 73.92), Radius: 1000, Type: shoe_store
[2026-07-04 05:07:43,657] INFO [weekendr.api] [google_places_service.py:68]: Found 0 places nearby coordinates (18.445, 73.92)
[2026-07-04 05:07:43,658] DEBUG [weekendr.api] [google_places_service.py:52]: Calling Google Places Nearby Search. LatLng: (18.445, 73.935), Radius: 1000, Type: cafe
[2026-07-04 05:07:44,081] INFO [weekendr.api] [google_places_service.py:68]: Found 0 places nearby coordinates (18.445, 73.935)
[2026-07-04 05:07:44,081] DEBUG [weekendr.api] [google_places_service.py:52]: Calling Google Places Nearby Search. LatLng: (18.445, 73.935), Radius: 1000, Type: coffee_shop
[2026-07-04 05:07:44,475] INFO [weekendr.api] [google_places_service.py:68]: Found 0 places nearby coordinates (18.445, 73.935)
[2026-07-04 05:07:44,476] DEBUG [weekendr.api] [google_places_service.py:52]: Calling Google Places Nearby Search. LatLng: (18.445, 73.935), Radius: 1000, Type: bakery
[2026-07-04 05:07:44,572] INFO [weekendr.api] [google_places_service.py:68]: Found 0 places nearby coordinates (18.445, 73.935)
[2026-07-04 05:07:44,572] DEBUG [weekendr.api] [google_places_service.py:52]: Calling Google Places Nearby Search. LatLng: (18.445, 73.935), Radius: 1000, Type: confectionery
[2026-07-04 05:07:44,966] INFO [weekendr.api] [google_places_service.py:68]: Found 0 places nearby coordinates (18.445, 73.935)
[2026-07-04 05:07:44,967] DEBUG [weekendr.api] [google_places_service.py:52]: Calling Google Places Nearby Search. LatLng: (18.445, 73.935), Radius: 1000, Type: ice_cream_shop
[2026-07-04 05:07:45,064] INFO [weekendr.api] [google_places_service.py:68]: Found 0 places nearby coordinates (18.445, 73.935)
[2026-07-04 05:07:45,065] DEBUG [weekendr.api] [google_places_service.py:52]: Calling Google Places Nearby Search. LatLng: (18.445, 73.935), Radius: 1000, Type: restaurant
[2026-07-04 05:07:45,485] INFO [weekendr.api] [google_places_service.py:68]: Found 0 places nearby coordinates (18.445, 73.935)
[2026-07-04 05:07:45,485] DEBUG [weekendr.api] [google_places_service.py:52]: Calling Google Places Nearby Search. LatLng: (18.445, 73.935), Radius: 1000, Type: meal_takeaway
[2026-07-04 05:07:45,909] INFO [weekendr.api] [google_places_service.py:68]: Found 0 places nearby coordinates (18.445, 73.935)
[2026-07-04 05:07:45,910] DEBUG [weekendr.api] [google_places_service.py:52]: Calling Google Places Nearby Search. LatLng: (18.445, 73.935), Radius: 1000, Type: meal_delivery
[2026-07-04 05:07:46,316] INFO [weekendr.api] [google_places_service.py:68]: Found 0 places nearby coordinates (18.445, 73.935)
[2026-07-04 05:07:46,317] DEBUG [weekendr.api] [google_places_service.py:52]: Calling Google Places Nearby Search. LatLng: (18.445, 73.935), Radius: 1000, Type: bar
[2026-07-04 05:07:46,710] INFO [weekendr.api] [google_places_service.py:68]: Found 0 places nearby coordinates (18.445, 73.935)
[2026-07-04 05:07:46,711] DEBUG [weekendr.api] [google_places_service.py:52]: Calling Google Places Nearby Search. LatLng: (18.445, 73.935), Radius: 1000, Type: night_club
[2026-07-04 05:07:47,106] INFO [weekendr.api] [google_places_service.py:68]: Found 0 places nearby coordinates (18.445, 73.935)
[2026-07-04 05:07:47,106] DEBUG [weekendr.api] [google_places_service.py:52]: Calling Google Places Nearby Search. LatLng: (18.445, 73.935), Radius: 1000, Type: pub
[2026-07-04 05:07:47,519] INFO [weekendr.api] [google_places_service.py:68]: Found 0 places nearby coordinates (18.445, 73.935)
[2026-07-04 05:07:47,520] DEBUG [weekendr.api] [google_places_service.py:52]: Calling Google Places Nearby Search. LatLng: (18.445, 73.935), Radius: 1000, Type: amusement_park
[2026-07-04 05:07:47,911] INFO [weekendr.api] [google_places_service.py:68]: Found 0 places nearby coordinates (18.445, 73.935)
[2026-07-04 05:07:47,911] DEBUG [weekendr.api] [google_places_service.py:52]: Calling Google Places Nearby Search. LatLng: (18.445, 73.935), Radius: 1000, Type: bowling_alley
[2026-07-04 05:07:48,327] INFO [weekendr.api] [google_places_service.py:68]: Found 0 places nearby coordinates (18.445, 73.935)
[2026-07-04 05:07:48,327] DEBUG [weekendr.api] [google_places_service.py:52]: Calling Google Places Nearby Search. LatLng: (18.445, 73.935), Radius: 1000, Type: movie_theater
[2026-07-04 05:07:48,717] INFO [weekendr.api] [google_places_service.py:68]: Found 0 places nearby coordinates (18.445, 73.935)
[2026-07-04 05:07:48,717] DEBUG [weekendr.api] [google_places_service.py:52]: Calling Google Places Nearby Search. LatLng: (18.445, 73.935), Radius: 1000, Type: casino
[2026-07-04 05:07:49,112] INFO [weekendr.api] [google_places_service.py:68]: Found 0 places nearby coordinates (18.445, 73.935)
[2026-07-04 05:07:49,113] DEBUG [weekendr.api] [google_places_service.py:52]: Calling Google Places Nearby Search. LatLng: (18.445, 73.935), Radius: 1000, Type: tourist_attraction
[2026-07-04 05:07:49,504] INFO [weekendr.api] [google_places_service.py:68]: Found 0 places nearby coordinates (18.445, 73.935)
[2026-07-04 05:07:49,505] DEBUG [weekendr.api] [google_places_service.py:52]: Calling Google Places Nearby Search. LatLng: (18.445, 73.935), Radius: 1000, Type: museum
[2026-07-04 05:07:49,911] INFO [weekendr.api] [google_places_service.py:68]: Found 0 places nearby coordinates (18.445, 73.935)
[2026-07-04 05:07:49,912] DEBUG [weekendr.api] [google_places_service.py:52]: Calling Google Places Nearby Search. LatLng: (18.445, 73.935), Radius: 1000, Type: art_gallery
[2026-07-04 05:07:50,309] INFO [weekendr.api] [google_places_service.py:68]: Found 0 places nearby coordinates (18.445, 73.935)
[2026-07-04 05:07:50,310] DEBUG [weekendr.api] [google_places_service.py:52]: Calling Google Places Nearby Search. LatLng: (18.445, 73.935), Radius: 1000, Type: park
[2026-07-04 05:07:50,725] INFO [weekendr.api] [google_places_service.py:68]: Found 0 places nearby coordinates (18.445, 73.935)
[2026-07-04 05:07:50,726] DEBUG [weekendr.api] [google_places_service.py:52]: Calling Google Places Nearby Search. LatLng: (18.445, 73.935), Radius: 1000, Type: campground
[2026-07-04 05:07:51,118] INFO [weekendr.api] [google_places_service.py:68]: Found 0 places nearby coordinates (18.445, 73.935)
[2026-07-04 05:07:51,119] DEBUG [weekendr.api] [google_places_service.py:52]: Calling Google Places Nearby Search. LatLng: (18.445, 73.935), Radius: 1000, Type: zoo
[2026-07-04 05:07:51,517] INFO [weekendr.api] [google_places_service.py:68]: Found 0 places nearby coordinates (18.445, 73.935)
[2026-07-04 05:07:51,517] DEBUG [weekendr.api] [google_places_service.py:52]: Calling Google Places Nearby Search. LatLng: (18.445, 73.935), Radius: 1000, Type: aquarium
[2026-07-04 05:07:51,917] INFO [weekendr.api] [google_places_service.py:68]: Found 0 places nearby coordinates (18.445, 73.935)
[2026-07-04 05:07:51,918] DEBUG [weekendr.api] [google_places_service.py:52]: Calling Google Places Nearby Search. LatLng: (18.445, 73.935), Radius: 1000, Type: shopping_mall
[2026-07-04 05:07:52,328] INFO [weekendr.api] [google_places_service.py:68]: Found 0 places nearby coordinates (18.445, 73.935)
[2026-07-04 05:07:52,329] DEBUG [weekendr.api] [google_places_service.py:52]: Calling Google Places Nearby Search. LatLng: (18.445, 73.935), Radius: 1000, Type: clothing_store
[2026-07-04 05:07:52,719] INFO [weekendr.api] [google_places_service.py:68]: Found 0 places nearby coordinates (18.445, 73.935)
[2026-07-04 05:07:52,720] DEBUG [weekendr.api] [google_places_service.py:52]: Calling Google Places Nearby Search. LatLng: (18.445, 73.935), Radius: 1000, Type: book_store
[2026-07-04 05:07:52,815] INFO [weekendr.api] [google_places_service.py:68]: Found 0 places nearby coordinates (18.445, 73.935)
[2026-07-04 05:07:52,815] DEBUG [weekendr.api] [google_places_service.py:52]: Calling Google Places Nearby Search. LatLng: (18.445, 73.935), Radius: 1000, Type: department_store
[2026-07-04 05:07:53,202] INFO [weekendr.api] [google_places_service.py:68]: Found 0 places nearby coordinates (18.445, 73.935)
[2026-07-04 05:07:53,202] DEBUG [weekendr.api] [google_places_service.py:52]: Calling Google Places Nearby Search. LatLng: (18.445, 73.935), Radius: 1000, Type: shoe_store
[2026-07-04 05:07:53,292] INFO [weekendr.api] [google_places_service.py:68]: Found 0 places nearby coordinates (18.445, 73.935)
[2026-07-04 05:07:53,293] DEBUG [weekendr.api] [google_places_service.py:52]: Calling Google Places Nearby Search. LatLng: (18.445, 73.95), Radius: 1000, Type: cafe
[2026-07-04 05:07:53,684] INFO [weekendr.api] [google_places_service.py:68]: Found 0 places nearby coordinates (18.445, 73.95)
[2026-07-04 05:07:53,684] DEBUG [weekendr.api] [google_places_service.py:52]: Calling Google Places Nearby Search. LatLng: (18.445, 73.95), Radius: 1000, Type: coffee_shop
[2026-07-04 05:07:54,087] INFO [weekendr.api] [google_places_service.py:68]: Found 0 places nearby coordinates (18.445, 73.95)
[2026-07-04 05:07:54,087] DEBUG [weekendr.api] [google_places_service.py:52]: Calling Google Places Nearby Search. LatLng: (18.445, 73.95), Radius: 1000, Type: bakery
[2026-07-04 05:07:54,480] INFO [weekendr.api] [google_places_service.py:68]: Found 0 places nearby coordinates (18.445, 73.95)
[2026-07-04 05:07:54,480] DEBUG [weekendr.api] [google_places_service.py:52]: Calling Google Places Nearby Search. LatLng: (18.445, 73.95), Radius: 1000, Type: confectionery
[2026-07-04 05:07:54,874] INFO [weekendr.api] [google_places_service.py:68]: Found 0 places nearby coordinates (18.445, 73.95)
[2026-07-04 05:07:54,875] DEBUG [weekendr.api] [google_places_service.py:52]: Calling Google Places Nearby Search. LatLng: (18.445, 73.95), Radius: 1000, Type: ice_cream_shop
[2026-07-04 05:07:55,274] INFO [weekendr.api] [google_places_service.py:68]: Found 0 places nearby coordinates (18.445, 73.95)
[2026-07-04 05:07:55,274] DEBUG [weekendr.api] [google_places_service.py:52]: Calling Google Places Nearby Search. LatLng: (18.445, 73.95), Radius: 1000, Type: restaurant
[2026-07-04 05:07:55,664] INFO [weekendr.api] [google_places_service.py:68]: Found 0 places nearby coordinates (18.445, 73.95)
[2026-07-04 05:07:55,664] DEBUG [weekendr.api] [google_places_service.py:52]: Calling Google Places Nearby Search. LatLng: (18.445, 73.95), Radius: 1000, Type: meal_takeaway
[2026-07-04 05:07:56,068] INFO [weekendr.api] [google_places_service.py:68]: Found 0 places nearby coordinates (18.445, 73.95)
[2026-07-04 05:07:56,069] DEBUG [weekendr.api] [google_places_service.py:52]: Calling Google Places Nearby Search. LatLng: (18.445, 73.95), Radius: 1000, Type: meal_delivery
[2026-07-04 05:07:56,470] INFO [weekendr.api] [google_places_service.py:68]: Found 0 places nearby coordinates (18.445, 73.95)
[2026-07-04 05:07:56,471] DEBUG [weekendr.api] [google_places_service.py:52]: Calling Google Places Nearby Search. LatLng: (18.445, 73.95), Radius: 1000, Type: bar
[2026-07-04 05:07:56,874] INFO [weekendr.api] [google_places_service.py:68]: Found 0 places nearby coordinates (18.445, 73.95)
[2026-07-04 05:07:56,875] DEBUG [weekendr.api] [google_places_service.py:52]: Calling Google Places Nearby Search. LatLng: (18.445, 73.95), Radius: 1000, Type: night_club
[2026-07-04 05:07:57,266] INFO [weekendr.api] [google_places_service.py:68]: Found 0 places nearby coordinates (18.445, 73.95)
[2026-07-04 05:07:57,267] DEBUG [weekendr.api] [google_places_service.py:52]: Calling Google Places Nearby Search. LatLng: (18.445, 73.95), Radius: 1000, Type: pub
[2026-07-04 05:07:57,677] INFO [weekendr.api] [google_places_service.py:68]: Found 0 places nearby coordinates (18.445, 73.95)
[2026-07-04 05:07:57,678] DEBUG [weekendr.api] [google_places_service.py:52]: Calling Google Places Nearby Search. LatLng: (18.445, 73.95), Radius: 1000, Type: amusement_park
[2026-07-04 05:07:58,074] INFO [weekendr.api] [google_places_service.py:68]: Found 0 places nearby coordinates (18.445, 73.95)
[2026-07-04 05:07:58,075] DEBUG [weekendr.api] [google_places_service.py:52]: Calling Google Places Nearby Search. LatLng: (18.445, 73.95), Radius: 1000, Type: bowling_alley
[2026-07-04 05:07:58,458] INFO [weekendr.api] [google_places_service.py:68]: Found 0 places nearby coordinates (18.445, 73.95)
[2026-07-04 05:07:58,459] DEBUG [weekendr.api] [google_places_service.py:52]: Calling Google Places Nearby Search. LatLng: (18.445, 73.95), Radius: 1000, Type: movie_theater
[2026-07-04 05:07:58,872] INFO [weekendr.api] [google_places_service.py:68]: Found 0 places nearby coordinates (18.445, 73.95)
[2026-07-04 05:07:58,872] DEBUG [weekendr.api] [google_places_service.py:52]: Calling Google Places Nearby Search. LatLng: (18.445, 73.95), Radius: 1000, Type: casino
[2026-07-04 05:07:59,270] INFO [weekendr.api] [google_places_service.py:68]: Found 0 places nearby coordinates (18.445, 73.95)
[2026-07-04 05:07:59,271] DEBUG [weekendr.api] [google_places_service.py:52]: Calling Google Places Nearby Search. LatLng: (18.445, 73.95), Radius: 1000, Type: tourist_attraction
[2026-07-04 05:07:59,669] INFO [weekendr.api] [google_places_service.py:68]: Found 0 places nearby coordinates (18.445, 73.95)
[2026-07-04 05:07:59,669] DEBUG [weekendr.api] [google_places_service.py:52]: Calling Google Places Nearby Search. LatLng: (18.445, 73.95), Radius: 1000, Type: museum
[2026-07-04 05:08:00,061] INFO [weekendr.api] [google_places_service.py:68]: Found 0 places nearby coordinates (18.445, 73.95)
[2026-07-04 05:08:00,062] DEBUG [weekendr.api] [google_places_service.py:52]: Calling Google Places Nearby Search. LatLng: (18.445, 73.95), Radius: 1000, Type: art_gallery
[2026-07-04 05:08:00,461] INFO [weekendr.api] [google_places_service.py:68]: Found 0 places nearby coordinates (18.445, 73.95)
[2026-07-04 05:08:00,461] DEBUG [weekendr.api] [google_places_service.py:52]: Calling Google Places Nearby Search. LatLng: (18.445, 73.95), Radius: 1000, Type: park
[2026-07-04 05:08:00,857] INFO [weekendr.api] [google_places_service.py:68]: Found 0 places nearby coordinates (18.445, 73.95)
[2026-07-04 05:08:00,858] DEBUG [weekendr.api] [google_places_service.py:52]: Calling Google Places Nearby Search. LatLng: (18.445, 73.95), Radius: 1000, Type: campground
[2026-07-04 05:08:00,954] INFO [weekendr.api] [google_places_service.py:68]: Found 0 places nearby coordinates (18.445, 73.95)
[2026-07-04 05:08:00,954] DEBUG [weekendr.api] [google_places_service.py:52]: Calling Google Places Nearby Search. LatLng: (18.445, 73.95), Radius: 1000, Type: zoo
[2026-07-04 05:08:01,353] INFO [weekendr.api] [google_places_service.py:68]: Found 0 places nearby coordinates (18.445, 73.95)
[2026-07-04 05:08:01,353] DEBUG [weekendr.api] [google_places_service.py:52]: Calling Google Places Nearby Search. LatLng: (18.445, 73.95), Radius: 1000, Type: aquarium
[2026-07-04 05:08:01,747] INFO [weekendr.api] [google_places_service.py:68]: Found 0 places nearby coordinates (18.445, 73.95)
[2026-07-04 05:08:01,747] DEBUG [weekendr.api] [google_places_service.py:52]: Calling Google Places Nearby Search. LatLng: (18.445, 73.95), Radius: 1000, Type: shopping_mall
[2026-07-04 05:08:02,147] INFO [weekendr.api] [google_places_service.py:68]: Found 0 places nearby coordinates (18.445, 73.95)
[2026-07-04 05:08:02,148] DEBUG [weekendr.api] [google_places_service.py:52]: Calling Google Places Nearby Search. LatLng: (18.445, 73.95), Radius: 1000, Type: clothing_store
[2026-07-04 05:08:02,567] INFO [weekendr.api] [google_places_service.py:68]: Found 0 places nearby coordinates (18.445, 73.95)
[2026-07-04 05:08:02,568] DEBUG [weekendr.api] [google_places_service.py:52]: Calling Google Places Nearby Search. LatLng: (18.445, 73.95), Radius: 1000, Type: book_store
[2026-07-04 05:08:02,968] INFO [weekendr.api] [google_places_service.py:68]: Found 0 places nearby coordinates (18.445, 73.95)
[2026-07-04 05:08:02,968] DEBUG [weekendr.api] [google_places_service.py:52]: Calling Google Places Nearby Search. LatLng: (18.445, 73.95), Radius: 1000, Type: department_store
[2026-07-04 05:08:03,367] INFO [weekendr.api] [google_places_service.py:68]: Found 0 places nearby coordinates (18.445, 73.95)
[2026-07-04 05:08:03,368] DEBUG [weekendr.api] [google_places_service.py:52]: Calling Google Places Nearby Search. LatLng: (18.445, 73.95), Radius: 1000, Type: shoe_store
[2026-07-04 05:08:03,759] INFO [weekendr.api] [google_places_service.py:68]: Found 0 places nearby coordinates (18.445, 73.95)
[2026-07-04 05:08:03,760] DEBUG [weekendr.api] [google_places_service.py:52]: Calling Google Places Nearby Search. LatLng: (18.46, 73.74), Radius: 1000, Type: cafe
[2026-07-04 05:08:04,155] INFO [weekendr.api] [google_places_service.py:68]: Found 0 places nearby coordinates (18.46, 73.74)
[2026-07-04 05:08:04,155] DEBUG [weekendr.api] [google_places_service.py:52]: Calling Google Places Nearby Search. LatLng: (18.46, 73.74), Radius: 1000, Type: coffee_shop
[2026-07-04 05:08:04,552] INFO [weekendr.api] [google_places_service.py:68]: Found 0 places nearby coordinates (18.46, 73.74)
[2026-07-04 05:08:04,553] DEBUG [weekendr.api] [google_places_service.py:52]: Calling Google Places Nearby Search. LatLng: (18.46, 73.74), Radius: 1000, Type: bakery
[2026-07-04 05:08:04,945] INFO [weekendr.api] [google_places_service.py:68]: Found 0 places nearby coordinates (18.46, 73.74)
[2026-07-04 05:08:04,946] DEBUG [weekendr.api] [google_places_service.py:52]: Calling Google Places Nearby Search. LatLng: (18.46, 73.74), Radius: 1000, Type: confectionery
[2026-07-04 05:08:05,343] INFO [weekendr.api] [google_places_service.py:68]: Found 0 places nearby coordinates (18.46, 73.74)
[2026-07-04 05:08:05,343] DEBUG [weekendr.api] [google_places_service.py:52]: Calling Google Places Nearby Search. LatLng: (18.46, 73.74), Radius: 1000, Type: ice_cream_shop
[2026-07-04 05:08:05,733] INFO [weekendr.api] [google_places_service.py:68]: Found 0 places nearby coordinates (18.46, 73.74)
[2026-07-04 05:08:05,734] DEBUG [weekendr.api] [google_places_service.py:52]: Calling Google Places Nearby Search. LatLng: (18.46, 73.74), Radius: 1000, Type: restaurant
[2026-07-04 05:08:06,140] INFO [weekendr.api] [google_places_service.py:68]: Found 0 places nearby coordinates (18.46, 73.74)
[2026-07-04 05:08:06,140] DEBUG [weekendr.api] [google_places_service.py:52]: Calling Google Places Nearby Search. LatLng: (18.46, 73.74), Radius: 1000, Type: meal_takeaway
[2026-07-04 05:08:06,537] INFO [weekendr.api] [google_places_service.py:68]: Found 0 places nearby coordinates (18.46, 73.74)
[2026-07-04 05:08:06,538] DEBUG [weekendr.api] [google_places_service.py:52]: Calling Google Places Nearby Search. LatLng: (18.46, 73.74), Radius: 1000, Type: meal_delivery
[2026-07-04 05:08:06,974] INFO [weekendr.api] [google_places_service.py:68]: Found 0 places nearby coordinates (18.46, 73.74)
[2026-07-04 05:08:06,974] DEBUG [weekendr.api] [google_places_service.py:52]: Calling Google Places Nearby Search. LatLng: (18.46, 73.74), Radius: 1000, Type: bar
[2026-07-04 05:08:07,364] INFO [weekendr.api] [google_places_service.py:68]: Found 0 places nearby coordinates (18.46, 73.74)
[2026-07-04 05:08:07,365] DEBUG [weekendr.api] [google_places_service.py:52]: Calling Google Places Nearby Search. LatLng: (18.46, 73.74), Radius: 1000, Type: night_club
[2026-07-04 05:08:07,777] INFO [weekendr.api] [google_places_service.py:68]: Found 0 places nearby coordinates (18.46, 73.74)
[2026-07-04 05:08:07,778] DEBUG [weekendr.api] [google_places_service.py:52]: Calling Google Places Nearby Search. LatLng: (18.46, 73.74), Radius: 1000, Type: pub
[2026-07-04 05:08:07,867] INFO [weekendr.api] [google_places_service.py:68]: Found 0 places nearby coordinates (18.46, 73.74)
[2026-07-04 05:08:07,867] DEBUG [weekendr.api] [google_places_service.py:52]: Calling Google Places Nearby Search. LatLng: (18.46, 73.74), Radius: 1000, Type: amusement_park
[2026-07-04 05:08:07,992] INFO [weekendr.api] [google_places_service.py:68]: Found 0 places nearby coordinates (18.46, 73.74)
[2026-07-04 05:08:07,992] DEBUG [weekendr.api] [google_places_service.py:52]: Calling Google Places Nearby Search. LatLng: (18.46, 73.74), Radius: 1000, Type: bowling_alley
[2026-07-04 05:08:08,382] INFO [weekendr.api] [google_places_service.py:68]: Found 0 places nearby coordinates (18.46, 73.74)
[2026-07-04 05:08:08,382] DEBUG [weekendr.api] [google_places_service.py:52]: Calling Google Places Nearby Search. LatLng: (18.46, 73.74), Radius: 1000, Type: movie_theater
[2026-07-04 05:08:08,772] INFO [weekendr.api] [google_places_service.py:68]: Found 0 places nearby coordinates (18.46, 73.74)
[2026-07-04 05:08:08,772] DEBUG [weekendr.api] [google_places_service.py:52]: Calling Google Places Nearby Search. LatLng: (18.46, 73.74), Radius: 1000, Type: casino
[2026-07-04 05:08:09,163] INFO [weekendr.api] [google_places_service.py:68]: Found 0 places nearby coordinates (18.46, 73.74)
[2026-07-04 05:08:09,164] DEBUG [weekendr.api] [google_places_service.py:52]: Calling Google Places Nearby Search. LatLng: (18.46, 73.74), Radius: 1000, Type: tourist_attraction
[2026-07-04 05:08:09,568] INFO [weekendr.api] [google_places_service.py:68]: Found 0 places nearby coordinates (18.46, 73.74)
[2026-07-04 05:08:09,568] DEBUG [weekendr.api] [google_places_service.py:52]: Calling Google Places Nearby Search. LatLng: (18.46, 73.74), Radius: 1000, Type: museum
[2026-07-04 05:08:09,975] INFO [weekendr.api] [google_places_service.py:68]: Found 0 places nearby coordinates (18.46, 73.74)
[2026-07-04 05:08:09,976] DEBUG [weekendr.api] [google_places_service.py:52]: Calling Google Places Nearby Search. LatLng: (18.46, 73.74), Radius: 1000, Type: art_gallery
[2026-07-04 05:08:10,139] INFO [weekendr.api] [google_places_service.py:68]: Found 0 places nearby coordinates (18.46, 73.74)
[2026-07-04 05:08:10,139] DEBUG [weekendr.api] [google_places_service.py:52]: Calling Google Places Nearby Search. LatLng: (18.46, 73.74), Radius: 1000, Type: park
[2026-07-04 05:08:10,231] INFO [weekendr.api] [google_places_service.py:68]: Found 0 places nearby coordinates (18.46, 73.74)
[2026-07-04 05:08:10,231] DEBUG [weekendr.api] [google_places_service.py:52]: Calling Google Places Nearby Search. LatLng: (18.46, 73.74), Radius: 1000, Type: campground
[2026-07-04 05:08:10,628] INFO [weekendr.api] [google_places_service.py:68]: Found 0 places nearby coordinates (18.46, 73.74)
[2026-07-04 05:08:10,629] DEBUG [weekendr.api] [google_places_service.py:52]: Calling Google Places Nearby Search. LatLng: (18.46, 73.74), Radius: 1000, Type: zoo
[2026-07-04 05:08:11,025] INFO [weekendr.api] [google_places_service.py:68]: Found 0 places nearby coordinates (18.46, 73.74)
[2026-07-04 05:08:11,026] DEBUG [weekendr.api] [google_places_service.py:52]: Calling Google Places Nearby Search. LatLng: (18.46, 73.74), Radius: 1000, Type: aquarium
[2026-07-04 05:08:11,422] INFO [weekendr.api] [google_places_service.py:68]: Found 0 places nearby coordinates (18.46, 73.74)
[2026-07-04 05:08:11,422] DEBUG [weekendr.api] [google_places_service.py:52]: Calling Google Places Nearby Search. LatLng: (18.46, 73.74), Radius: 1000, Type: shopping_mall
[2026-07-04 05:08:11,822] INFO [weekendr.api] [google_places_service.py:68]: Found 0 places nearby coordinates (18.46, 73.74)
[2026-07-04 05:08:11,822] DEBUG [weekendr.api] [google_places_service.py:52]: Calling Google Places Nearby Search. LatLng: (18.46, 73.74), Radius: 1000, Type: clothing_store
[2026-07-04 05:08:12,255] INFO [weekendr.api] [google_places_service.py:68]: Found 0 places nearby coordinates (18.46, 73.74)
[2026-07-04 05:08:12,255] DEBUG [weekendr.api] [google_places_service.py:52]: Calling Google Places Nearby Search. LatLng: (18.46, 73.74), Radius: 1000, Type: book_store
[2026-07-04 05:08:12,679] INFO [weekendr.api] [google_places_service.py:68]: Found 0 places nearby coordinates (18.46, 73.74)
[2026-07-04 05:08:12,680] DEBUG [weekendr.api] [google_places_service.py:52]: Calling Google Places Nearby Search. LatLng: (18.46, 73.74), Radius: 1000, Type: department_store
[2026-07-04 05:08:13,074] INFO [weekendr.api] [google_places_service.py:68]: Found 0 places nearby coordinates (18.46, 73.74)
[2026-07-04 05:08:13,074] DEBUG [weekendr.api] [google_places_service.py:52]: Calling Google Places Nearby Search. LatLng: (18.46, 73.74), Radius: 1000, Type: shoe_store
[2026-07-04 05:08:13,465] INFO [weekendr.api] [google_places_service.py:68]: Found 0 places nearby coordinates (18.46, 73.74)
[2026-07-04 05:08:13,466] DEBUG [weekendr.api] [google_places_service.py:52]: Calling Google Places Nearby Search. LatLng: (18.46, 73.755), Radius: 1000, Type: cafe
[2026-07-04 05:08:13,871] INFO [weekendr.api] [google_places_service.py:68]: Found 0 places nearby coordinates (18.46, 73.755)
[2026-07-04 05:08:13,872] DEBUG [weekendr.api] [google_places_service.py:52]: Calling Google Places Nearby Search. LatLng: (18.46, 73.755), Radius: 1000, Type: coffee_shop
[2026-07-04 05:08:14,269] INFO [weekendr.api] [google_places_service.py:68]: Found 0 places nearby coordinates (18.46, 73.755)
[2026-07-04 05:08:14,270] DEBUG [weekendr.api] [google_places_service.py:52]: Calling Google Places Nearby Search. LatLng: (18.46, 73.755), Radius: 1000, Type: bakery
[2026-07-04 05:08:14,661] INFO [weekendr.api] [google_places_service.py:68]: Found 0 places nearby coordinates (18.46, 73.755)
[2026-07-04 05:08:14,662] DEBUG [weekendr.api] [google_places_service.py:52]: Calling Google Places Nearby Search. LatLng: (18.46, 73.755), Radius: 1000, Type: confectionery
[2026-07-04 05:08:15,054] INFO [weekendr.api] [google_places_service.py:68]: Found 0 places nearby coordinates (18.46, 73.755)
[2026-07-04 05:08:15,054] DEBUG [weekendr.api] [google_places_service.py:52]: Calling Google Places Nearby Search. LatLng: (18.46, 73.755), Radius: 1000, Type: ice_cream_shop
[2026-07-04 05:08:15,439] INFO [weekendr.api] [google_places_service.py:68]: Found 0 places nearby coordinates (18.46, 73.755)
[2026-07-04 05:08:15,440] DEBUG [weekendr.api] [google_places_service.py:52]: Calling Google Places Nearby Search. LatLng: (18.46, 73.755), Radius: 1000, Type: restaurant
[2026-07-04 05:08:15,832] INFO [weekendr.api] [google_places_service.py:68]: Found 0 places nearby coordinates (18.46, 73.755)
[2026-07-04 05:08:15,832] DEBUG [weekendr.api] [google_places_service.py:52]: Calling Google Places Nearby Search. LatLng: (18.46, 73.755), Radius: 1000, Type: meal_takeaway
[2026-07-04 05:08:16,217] INFO [weekendr.api] [google_places_service.py:68]: Found 0 places nearby coordinates (18.46, 73.755)
[2026-07-04 05:08:16,218] DEBUG [weekendr.api] [google_places_service.py:52]: Calling Google Places Nearby Search. LatLng: (18.46, 73.755), Radius: 1000, Type: meal_delivery
[2026-07-04 05:08:16,611] INFO [weekendr.api] [google_places_service.py:68]: Found 0 places nearby coordinates (18.46, 73.755)
[2026-07-04 05:08:16,611] DEBUG [weekendr.api] [google_places_service.py:52]: Calling Google Places Nearby Search. LatLng: (18.46, 73.755), Radius: 1000, Type: bar
[2026-07-04 05:08:17,000] INFO [weekendr.api] [google_places_service.py:68]: Found 0 places nearby coordinates (18.46, 73.755)
[2026-07-04 05:08:17,001] DEBUG [weekendr.api] [google_places_service.py:52]: Calling Google Places Nearby Search. LatLng: (18.46, 73.755), Radius: 1000, Type: night_club
[2026-07-04 05:08:17,420] INFO [weekendr.api] [google_places_service.py:68]: Found 0 places nearby coordinates (18.46, 73.755)
[2026-07-04 05:08:17,421] DEBUG [weekendr.api] [google_places_service.py:52]: Calling Google Places Nearby Search. LatLng: (18.46, 73.755), Radius: 1000, Type: pub
[2026-07-04 05:08:17,829] INFO [weekendr.api] [google_places_service.py:68]: Found 0 places nearby coordinates (18.46, 73.755)
[2026-07-04 05:08:17,830] DEBUG [weekendr.api] [google_places_service.py:52]: Calling Google Places Nearby Search. LatLng: (18.46, 73.755), Radius: 1000, Type: amusement_park
[2026-07-04 05:08:18,223] INFO [weekendr.api] [google_places_service.py:68]: Found 0 places nearby coordinates (18.46, 73.755)
[2026-07-04 05:08:18,224] DEBUG [weekendr.api] [google_places_service.py:52]: Calling Google Places Nearby Search. LatLng: (18.46, 73.755), Radius: 1000, Type: bowling_alley
[2026-07-04 05:08:18,624] INFO [weekendr.api] [google_places_service.py:68]: Found 0 places nearby coordinates (18.46, 73.755)
[2026-07-04 05:08:18,625] DEBUG [weekendr.api] [google_places_service.py:52]: Calling Google Places Nearby Search. LatLng: (18.46, 73.755), Radius: 1000, Type: movie_theater
[2026-07-04 05:08:19,017] INFO [weekendr.api] [google_places_service.py:68]: Found 0 places nearby coordinates (18.46, 73.755)
[2026-07-04 05:08:19,017] DEBUG [weekendr.api] [google_places_service.py:52]: Calling Google Places Nearby Search. LatLng: (18.46, 73.755), Radius: 1000, Type: casino
[2026-07-04 05:08:19,120] INFO [weekendr.api] [google_places_service.py:68]: Found 0 places nearby coordinates (18.46, 73.755)
[2026-07-04 05:08:19,121] DEBUG [weekendr.api] [google_places_service.py:52]: Calling Google Places Nearby Search. LatLng: (18.46, 73.755), Radius: 1000, Type: tourist_attraction
[2026-07-04 05:08:19,518] INFO [weekendr.api] [google_places_service.py:68]: Found 0 places nearby coordinates (18.46, 73.755)
[2026-07-04 05:08:19,519] DEBUG [weekendr.api] [google_places_service.py:52]: Calling Google Places Nearby Search. LatLng: (18.46, 73.755), Radius: 1000, Type: museum
[2026-07-04 05:08:19,922] INFO [weekendr.api] [google_places_service.py:68]: Found 0 places nearby coordinates (18.46, 73.755)
[2026-07-04 05:08:19,922] DEBUG [weekendr.api] [google_places_service.py:52]: Calling Google Places Nearby Search. LatLng: (18.46, 73.755), Radius: 1000, Type: art_gallery
[2026-07-04 05:08:20,319] INFO [weekendr.api] [google_places_service.py:68]: Found 0 places nearby coordinates (18.46, 73.755)
[2026-07-04 05:08:20,320] DEBUG [weekendr.api] [google_places_service.py:52]: Calling Google Places Nearby Search. LatLng: (18.46, 73.755), Radius: 1000, Type: park
[2026-07-04 05:08:20,732] INFO [weekendr.api] [google_places_service.py:68]: Found 0 places nearby coordinates (18.46, 73.755)
[2026-07-04 05:08:20,733] DEBUG [weekendr.api] [google_places_service.py:52]: Calling Google Places Nearby Search. LatLng: (18.46, 73.755), Radius: 1000, Type: campground
[2026-07-04 05:08:21,134] INFO [weekendr.api] [google_places_service.py:68]: Found 0 places nearby coordinates (18.46, 73.755)
[2026-07-04 05:08:21,134] DEBUG [weekendr.api] [google_places_service.py:52]: Calling Google Places Nearby Search. LatLng: (18.46, 73.755), Radius: 1000, Type: zoo
[2026-07-04 05:08:21,538] INFO [weekendr.api] [google_places_service.py:68]: Found 0 places nearby coordinates (18.46, 73.755)
[2026-07-04 05:08:21,538] DEBUG [weekendr.api] [google_places_service.py:52]: Calling Google Places Nearby Search. LatLng: (18.46, 73.755), Radius: 1000, Type: aquarium
[2026-07-04 05:08:21,935] INFO [weekendr.api] [google_places_service.py:68]: Found 0 places nearby coordinates (18.46, 73.755)
[2026-07-04 05:08:21,937] DEBUG [weekendr.api] [google_places_service.py:52]: Calling Google Places Nearby Search. LatLng: (18.46, 73.755), Radius: 1000, Type: shopping_mall
[2026-07-04 05:08:22,343] INFO [weekendr.api] [google_places_service.py:68]: Found 0 places nearby coordinates (18.46, 73.755)
[2026-07-04 05:08:22,343] DEBUG [weekendr.api] [google_places_service.py:52]: Calling Google Places Nearby Search. LatLng: (18.46, 73.755), Radius: 1000, Type: clothing_store
[2026-07-04 05:08:22,754] INFO [weekendr.api] [google_places_service.py:68]: Found 0 places nearby coordinates (18.46, 73.755)
[2026-07-04 05:08:22,755] DEBUG [weekendr.api] [google_places_service.py:52]: Calling Google Places Nearby Search. LatLng: (18.46, 73.755), Radius: 1000, Type: book_store
[2026-07-04 05:08:23,162] INFO [weekendr.api] [google_places_service.py:68]: Found 0 places nearby coordinates (18.46, 73.755)
[2026-07-04 05:08:23,163] DEBUG [weekendr.api] [google_places_service.py:52]: Calling Google Places Nearby Search. LatLng: (18.46, 73.755), Radius: 1000, Type: department_store
[2026-07-04 05:08:23,573] INFO [weekendr.api] [google_places_service.py:68]: Found 0 places nearby coordinates (18.46, 73.755)
[2026-07-04 05:08:23,573] DEBUG [weekendr.api] [google_places_service.py:52]: Calling Google Places Nearby Search. LatLng: (18.46, 73.755), Radius: 1000, Type: shoe_store
[2026-07-04 05:08:23,677] INFO [weekendr.api] [google_places_service.py:68]: Found 0 places nearby coordinates (18.46, 73.755)
[2026-07-04 05:08:23,677] DEBUG [weekendr.api] [google_places_service.py:52]: Calling Google Places Nearby Search. LatLng: (18.46, 73.77), Radius: 1000, Type: cafe
[2026-07-04 05:08:24,071] INFO [weekendr.api] [google_places_service.py:68]: Found 0 places nearby coordinates (18.46, 73.77)
[2026-07-04 05:08:24,072] DEBUG [weekendr.api] [google_places_service.py:52]: Calling Google Places Nearby Search. LatLng: (18.46, 73.77), Radius: 1000, Type: coffee_shop
[2026-07-04 05:08:24,179] INFO [weekendr.api] [google_places_service.py:68]: Found 0 places nearby coordinates (18.46, 73.77)
[2026-07-04 05:08:24,179] DEBUG [weekendr.api] [google_places_service.py:52]: Calling Google Places Nearby Search. LatLng: (18.46, 73.77), Radius: 1000, Type: bakery
[2026-07-04 05:08:24,581] INFO [weekendr.api] [google_places_service.py:68]: Found 0 places nearby coordinates (18.46, 73.77)
[2026-07-04 05:08:24,582] DEBUG [weekendr.api] [google_places_service.py:52]: Calling Google Places Nearby Search. LatLng: (18.46, 73.77), Radius: 1000, Type: confectionery
[2026-07-04 05:08:24,977] INFO [weekendr.api] [google_places_service.py:68]: Found 0 places nearby coordinates (18.46, 73.77)
[2026-07-04 05:08:24,977] DEBUG [weekendr.api] [google_places_service.py:52]: Calling Google Places Nearby Search. LatLng: (18.46, 73.77), Radius: 1000, Type: ice_cream_shop
[2026-07-04 05:08:25,077] INFO [weekendr.api] [google_places_service.py:68]: Found 0 places nearby coordinates (18.46, 73.77)
[2026-07-04 05:08:25,077] DEBUG [weekendr.api] [google_places_service.py:52]: Calling Google Places Nearby Search. LatLng: (18.46, 73.77), Radius: 1000, Type: restaurant
[2026-07-04 05:08:25,472] INFO [weekendr.api] [google_places_service.py:68]: Found 0 places nearby coordinates (18.46, 73.77)
[2026-07-04 05:08:25,473] DEBUG [weekendr.api] [google_places_service.py:52]: Calling Google Places Nearby Search. LatLng: (18.46, 73.77), Radius: 1000, Type: meal_takeaway
[2026-07-04 05:08:25,868] INFO [weekendr.api] [google_places_service.py:68]: Found 0 places nearby coordinates (18.46, 73.77)
[2026-07-04 05:08:25,869] DEBUG [weekendr.api] [google_places_service.py:52]: Calling Google Places Nearby Search. LatLng: (18.46, 73.77), Radius: 1000, Type: meal_delivery
[2026-07-04 05:08:26,262] INFO [weekendr.api] [google_places_service.py:68]: Found 0 places nearby coordinates (18.46, 73.77)
[2026-07-04 05:08:26,262] DEBUG [weekendr.api] [google_places_service.py:52]: Calling Google Places Nearby Search. LatLng: (18.46, 73.77), Radius: 1000, Type: bar
[2026-07-04 05:08:26,652] INFO [weekendr.api] [google_places_service.py:68]: Found 0 places nearby coordinates (18.46, 73.77)
[2026-07-04 05:08:26,653] DEBUG [weekendr.api] [google_places_service.py:52]: Calling Google Places Nearby Search. LatLng: (18.46, 73.77), Radius: 1000, Type: night_club
[2026-07-04 05:08:27,052] INFO [weekendr.api] [google_places_service.py:68]: Found 0 places nearby coordinates (18.46, 73.77)
[2026-07-04 05:08:27,052] DEBUG [weekendr.api] [google_places_service.py:52]: Calling Google Places Nearby Search. LatLng: (18.46, 73.77), Radius: 1000, Type: pub
[2026-07-04 05:08:27,469] INFO [weekendr.api] [google_places_service.py:68]: Found 0 places nearby coordinates (18.46, 73.77)
[2026-07-04 05:08:27,471] DEBUG [weekendr.api] [google_places_service.py:52]: Calling Google Places Nearby Search. LatLng: (18.46, 73.77), Radius: 1000, Type: amusement_park
[2026-07-04 05:08:27,568] INFO [weekendr.api] [google_places_service.py:68]: Found 0 places nearby coordinates (18.46, 73.77)
[2026-07-04 05:08:27,569] DEBUG [weekendr.api] [google_places_service.py:52]: Calling Google Places Nearby Search. LatLng: (18.46, 73.77), Radius: 1000, Type: bowling_alley
[2026-07-04 05:08:27,969] INFO [weekendr.api] [google_places_service.py:68]: Found 0 places nearby coordinates (18.46, 73.77)
[2026-07-04 05:08:27,969] DEBUG [weekendr.api] [google_places_service.py:52]: Calling Google Places Nearby Search. LatLng: (18.46, 73.77), Radius: 1000, Type: movie_theater
[2026-07-04 05:08:28,078] INFO [weekendr.api] [google_places_service.py:68]: Found 0 places nearby coordinates (18.46, 73.77)
[2026-07-04 05:08:28,078] DEBUG [weekendr.api] [google_places_service.py:52]: Calling Google Places Nearby Search. LatLng: (18.46, 73.77), Radius: 1000, Type: casino
[2026-07-04 05:08:28,167] INFO [weekendr.api] [google_places_service.py:68]: Found 0 places nearby coordinates (18.46, 73.77)
[2026-07-04 05:08:28,168] DEBUG [weekendr.api] [google_places_service.py:52]: Calling Google Places Nearby Search. LatLng: (18.46, 73.77), Radius: 1000, Type: tourist_attraction
[2026-07-04 05:08:28,576] INFO [weekendr.api] [google_places_service.py:68]: Found 0 places nearby coordinates (18.46, 73.77)
[2026-07-04 05:08:28,577] DEBUG [weekendr.api] [google_places_service.py:52]: Calling Google Places Nearby Search. LatLng: (18.46, 73.77), Radius: 1000, Type: museum
[2026-07-04 05:08:28,989] INFO [weekendr.api] [google_places_service.py:68]: Found 0 places nearby coordinates (18.46, 73.77)
[2026-07-04 05:08:28,989] DEBUG [weekendr.api] [google_places_service.py:52]: Calling Google Places Nearby Search. LatLng: (18.46, 73.77), Radius: 1000, Type: art_gallery
[2026-07-04 05:08:29,143] INFO [weekendr.api] [google_places_service.py:68]: Found 0 places nearby coordinates (18.46, 73.77)
[2026-07-04 05:08:29,144] DEBUG [weekendr.api] [google_places_service.py:52]: Calling Google Places Nearby Search. LatLng: (18.46, 73.77), Radius: 1000, Type: park
[2026-07-04 05:08:29,555] INFO [weekendr.api] [google_places_service.py:68]: Found 0 places nearby coordinates (18.46, 73.77)
[2026-07-04 05:08:29,556] DEBUG [weekendr.api] [google_places_service.py:52]: Calling Google Places Nearby Search. LatLng: (18.46, 73.77), Radius: 1000, Type: campground
[2026-07-04 05:08:29,944] INFO [weekendr.api] [google_places_service.py:68]: Found 0 places nearby coordinates (18.46, 73.77)
[2026-07-04 05:08:29,945] DEBUG [weekendr.api] [google_places_service.py:52]: Calling Google Places Nearby Search. LatLng: (18.46, 73.77), Radius: 1000, Type: zoo
[2026-07-04 05:08:30,353] INFO [weekendr.api] [google_places_service.py:68]: Found 0 places nearby coordinates (18.46, 73.77)
[2026-07-04 05:08:30,353] DEBUG [weekendr.api] [google_places_service.py:52]: Calling Google Places Nearby Search. LatLng: (18.46, 73.77), Radius: 1000, Type: aquarium
[2026-07-04 05:08:30,758] INFO [weekendr.api] [google_places_service.py:68]: Found 0 places nearby coordinates (18.46, 73.77)
[2026-07-04 05:08:30,759] DEBUG [weekendr.api] [google_places_service.py:52]: Calling Google Places Nearby Search. LatLng: (18.46, 73.77), Radius: 1000, Type: shopping_mall
[2026-07-04 05:08:31,172] INFO [weekendr.api] [google_places_service.py:68]: Found 0 places nearby coordinates (18.46, 73.77)
[2026-07-04 05:08:31,173] DEBUG [weekendr.api] [google_places_service.py:52]: Calling Google Places Nearby Search. LatLng: (18.46, 73.77), Radius: 1000, Type: clothing_store
[2026-07-04 05:08:31,266] INFO [weekendr.api] [google_places_service.py:68]: Found 0 places nearby coordinates (18.46, 73.77)
[2026-07-04 05:08:31,266] DEBUG [weekendr.api] [google_places_service.py:52]: Calling Google Places Nearby Search. LatLng: (18.46, 73.77), Radius: 1000, Type: book_store
[2026-07-04 05:08:31,376] INFO [weekendr.api] [google_places_service.py:68]: Found 0 places nearby coordinates (18.46, 73.77)
[2026-07-04 05:08:31,376] DEBUG [weekendr.api] [google_places_service.py:52]: Calling Google Places Nearby Search. LatLng: (18.46, 73.77), Radius: 1000, Type: department_store
[2026-07-04 05:08:31,772] INFO [weekendr.api] [google_places_service.py:68]: Found 0 places nearby coordinates (18.46, 73.77)
[2026-07-04 05:08:31,772] DEBUG [weekendr.api] [google_places_service.py:52]: Calling Google Places Nearby Search. LatLng: (18.46, 73.77), Radius: 1000, Type: shoe_store
[2026-07-04 05:08:32,172] INFO [weekendr.api] [google_places_service.py:68]: Found 0 places nearby coordinates (18.46, 73.77)
[2026-07-04 05:08:32,172] DEBUG [weekendr.api] [google_places_service.py:52]: Calling Google Places Nearby Search. LatLng: (18.46, 73.785), Radius: 1000, Type: cafe
[2026-07-04 05:08:32,570] INFO [weekendr.api] [google_places_service.py:68]: Found 0 places nearby coordinates (18.46, 73.785)
[2026-07-04 05:08:32,571] DEBUG [weekendr.api] [google_places_service.py:52]: Calling Google Places Nearby Search. LatLng: (18.46, 73.785), Radius: 1000, Type: coffee_shop
[2026-07-04 05:08:32,956] INFO [weekendr.api] [google_places_service.py:68]: Found 0 places nearby coordinates (18.46, 73.785)
[2026-07-04 05:08:32,957] DEBUG [weekendr.api] [google_places_service.py:52]: Calling Google Places Nearby Search. LatLng: (18.46, 73.785), Radius: 1000, Type: bakery
[2026-07-04 05:08:33,348] INFO [weekendr.api] [google_places_service.py:68]: Found 0 places nearby coordinates (18.46, 73.785)
[2026-07-04 05:08:33,348] DEBUG [weekendr.api] [google_places_service.py:52]: Calling Google Places Nearby Search. LatLng: (18.46, 73.785), Radius: 1000, Type: confectionery
[2026-07-04 05:08:33,747] INFO [weekendr.api] [google_places_service.py:68]: Found 0 places nearby coordinates (18.46, 73.785)
[2026-07-04 05:08:33,748] DEBUG [weekendr.api] [google_places_service.py:52]: Calling Google Places Nearby Search. LatLng: (18.46, 73.785), Radius: 1000, Type: ice_cream_shop
[2026-07-04 05:08:34,173] INFO [weekendr.api] [google_places_service.py:68]: Found 0 places nearby coordinates (18.46, 73.785)
[2026-07-04 05:08:34,174] DEBUG [weekendr.api] [google_places_service.py:52]: Calling Google Places Nearby Search. LatLng: (18.46, 73.785), Radius: 1000, Type: restaurant
[2026-07-04 05:08:34,573] INFO [weekendr.api] [google_places_service.py:68]: Found 0 places nearby coordinates (18.46, 73.785)
[2026-07-04 05:08:34,573] DEBUG [weekendr.api] [google_places_service.py:52]: Calling Google Places Nearby Search. LatLng: (18.46, 73.785), Radius: 1000, Type: meal_takeaway
[2026-07-04 05:08:34,969] INFO [weekendr.api] [google_places_service.py:68]: Found 0 places nearby coordinates (18.46, 73.785)
[2026-07-04 05:08:34,970] DEBUG [weekendr.api] [google_places_service.py:52]: Calling Google Places Nearby Search. LatLng: (18.46, 73.785), Radius: 1000, Type: meal_delivery
[2026-07-04 05:08:35,373] INFO [weekendr.api] [google_places_service.py:68]: Found 0 places nearby coordinates (18.46, 73.785)
[2026-07-04 05:08:35,373] DEBUG [weekendr.api] [google_places_service.py:52]: Calling Google Places Nearby Search. LatLng: (18.46, 73.785), Radius: 1000, Type: bar
[2026-07-04 05:08:35,763] INFO [weekendr.api] [google_places_service.py:68]: Found 0 places nearby coordinates (18.46, 73.785)
[2026-07-04 05:08:35,763] DEBUG [weekendr.api] [google_places_service.py:52]: Calling Google Places Nearby Search. LatLng: (18.46, 73.785), Radius: 1000, Type: night_club
[2026-07-04 05:08:36,154] INFO [weekendr.api] [google_places_service.py:68]: Found 0 places nearby coordinates (18.46, 73.785)
[2026-07-04 05:08:36,155] DEBUG [weekendr.api] [google_places_service.py:52]: Calling Google Places Nearby Search. LatLng: (18.46, 73.785), Radius: 1000, Type: pub
[2026-07-04 05:08:36,562] INFO [weekendr.api] [google_places_service.py:68]: Found 0 places nearby coordinates (18.46, 73.785)
[2026-07-04 05:08:36,562] DEBUG [weekendr.api] [google_places_service.py:52]: Calling Google Places Nearby Search. LatLng: (18.46, 73.785), Radius: 1000, Type: amusement_park
[2026-07-04 05:08:36,654] INFO [weekendr.api] [google_places_service.py:68]: Found 0 places nearby coordinates (18.46, 73.785)
[2026-07-04 05:08:36,655] DEBUG [weekendr.api] [google_places_service.py:52]: Calling Google Places Nearby Search. LatLng: (18.46, 73.785), Radius: 1000, Type: bowling_alley
[2026-07-04 05:08:37,039] INFO [weekendr.api] [google_places_service.py:68]: Found 0 places nearby coordinates (18.46, 73.785)
[2026-07-04 05:08:37,039] DEBUG [weekendr.api] [google_places_service.py:52]: Calling Google Places Nearby Search. LatLng: (18.46, 73.785), Radius: 1000, Type: movie_theater
[2026-07-04 05:08:37,435] INFO [weekendr.api] [google_places_service.py:68]: Found 0 places nearby coordinates (18.46, 73.785)
[2026-07-04 05:08:37,436] DEBUG [weekendr.api] [google_places_service.py:52]: Calling Google Places Nearby Search. LatLng: (18.46, 73.785), Radius: 1000, Type: casino
[2026-07-04 05:08:37,851] INFO [weekendr.api] [google_places_service.py:68]: Found 0 places nearby coordinates (18.46, 73.785)
[2026-07-04 05:08:37,852] DEBUG [weekendr.api] [google_places_service.py:52]: Calling Google Places Nearby Search. LatLng: (18.46, 73.785), Radius: 1000, Type: tourist_attraction
[2026-07-04 05:08:38,233] INFO [weekendr.api] [google_places_service.py:68]: Found 0 places nearby coordinates (18.46, 73.785)
[2026-07-04 05:08:38,233] DEBUG [weekendr.api] [google_places_service.py:52]: Calling Google Places Nearby Search. LatLng: (18.46, 73.785), Radius: 1000, Type: museum
[2026-07-04 05:08:38,629] INFO [weekendr.api] [google_places_service.py:68]: Found 0 places nearby coordinates (18.46, 73.785)
[2026-07-04 05:08:38,630] DEBUG [weekendr.api] [google_places_service.py:52]: Calling Google Places Nearby Search. LatLng: (18.46, 73.785), Radius: 1000, Type: art_gallery
[2026-07-04 05:08:39,031] INFO [weekendr.api] [google_places_service.py:68]: Found 0 places nearby coordinates (18.46, 73.785)
[2026-07-04 05:08:39,031] DEBUG [weekendr.api] [google_places_service.py:52]: Calling Google Places Nearby Search. LatLng: (18.46, 73.785), Radius: 1000, Type: park
[2026-07-04 05:08:39,144] INFO [weekendr.api] [google_places_service.py:68]: Found 0 places nearby coordinates (18.46, 73.785)
[2026-07-04 05:08:39,145] DEBUG [weekendr.api] [google_places_service.py:52]: Calling Google Places Nearby Search. LatLng: (18.46, 73.785), Radius: 1000, Type: campground
[2026-07-04 05:08:39,530] INFO [weekendr.api] [google_places_service.py:68]: Found 0 places nearby coordinates (18.46, 73.785)
[2026-07-04 05:08:39,531] DEBUG [weekendr.api] [google_places_service.py:52]: Calling Google Places Nearby Search. LatLng: (18.46, 73.785), Radius: 1000, Type: zoo
[2026-07-04 05:08:39,938] INFO [weekendr.api] [google_places_service.py:68]: Found 0 places nearby coordinates (18.46, 73.785)
[2026-07-04 05:08:39,938] DEBUG [weekendr.api] [google_places_service.py:52]: Calling Google Places Nearby Search. LatLng: (18.46, 73.785), Radius: 1000, Type: aquarium
[2026-07-04 05:08:40,342] INFO [weekendr.api] [google_places_service.py:68]: Found 0 places nearby coordinates (18.46, 73.785)
[2026-07-04 05:08:40,342] DEBUG [weekendr.api] [google_places_service.py:52]: Calling Google Places Nearby Search. LatLng: (18.46, 73.785), Radius: 1000, Type: shopping_mall
[2026-07-04 05:08:40,751] INFO [weekendr.api] [google_places_service.py:68]: Found 0 places nearby coordinates (18.46, 73.785)
[2026-07-04 05:08:40,752] DEBUG [weekendr.api] [google_places_service.py:52]: Calling Google Places Nearby Search. LatLng: (18.46, 73.785), Radius: 1000, Type: clothing_store
[2026-07-04 05:08:41,162] INFO [weekendr.api] [google_places_service.py:68]: Found 0 places nearby coordinates (18.46, 73.785)
[2026-07-04 05:08:41,163] DEBUG [weekendr.api] [google_places_service.py:52]: Calling Google Places Nearby Search. LatLng: (18.46, 73.785), Radius: 1000, Type: book_store
[2026-07-04 05:08:41,568] INFO [weekendr.api] [google_places_service.py:68]: Found 0 places nearby coordinates (18.46, 73.785)
[2026-07-04 05:08:41,568] DEBUG [weekendr.api] [google_places_service.py:52]: Calling Google Places Nearby Search. LatLng: (18.46, 73.785), Radius: 1000, Type: department_store
[2026-07-04 05:08:41,965] INFO [weekendr.api] [google_places_service.py:68]: Found 0 places nearby coordinates (18.46, 73.785)
[2026-07-04 05:08:41,965] DEBUG [weekendr.api] [google_places_service.py:52]: Calling Google Places Nearby Search. LatLng: (18.46, 73.785), Radius: 1000, Type: shoe_store
[2026-07-04 05:08:42,368] INFO [weekendr.api] [google_places_service.py:68]: Found 0 places nearby coordinates (18.46, 73.785)
[2026-07-04 05:08:42,368] DEBUG [weekendr.api] [google_places_service.py:52]: Calling Google Places Nearby Search. LatLng: (18.46, 73.8), Radius: 1000, Type: cafe
[2026-07-04 05:08:42,761] INFO [weekendr.api] [google_places_service.py:68]: Found 0 places nearby coordinates (18.46, 73.8)
[2026-07-04 05:08:42,761] DEBUG [weekendr.api] [google_places_service.py:52]: Calling Google Places Nearby Search. LatLng: (18.46, 73.8), Radius: 1000, Type: coffee_shop
[2026-07-04 05:08:43,169] INFO [weekendr.api] [google_places_service.py:68]: Found 0 places nearby coordinates (18.46, 73.8)
[2026-07-04 05:08:43,169] DEBUG [weekendr.api] [google_places_service.py:52]: Calling Google Places Nearby Search. LatLng: (18.46, 73.8), Radius: 1000, Type: bakery
[2026-07-04 05:08:43,579] INFO [weekendr.api] [google_places_service.py:68]: Found 0 places nearby coordinates (18.46, 73.8)
[2026-07-04 05:08:43,580] DEBUG [weekendr.api] [google_places_service.py:52]: Calling Google Places Nearby Search. LatLng: (18.46, 73.8), Radius: 1000, Type: confectionery
[2026-07-04 05:08:43,978] INFO [weekendr.api] [google_places_service.py:68]: Found 0 places nearby coordinates (18.46, 73.8)
[2026-07-04 05:08:43,978] DEBUG [weekendr.api] [google_places_service.py:52]: Calling Google Places Nearby Search. LatLng: (18.46, 73.8), Radius: 1000, Type: ice_cream_shop
[2026-07-04 05:08:44,371] INFO [weekendr.api] [google_places_service.py:68]: Found 0 places nearby coordinates (18.46, 73.8)
[2026-07-04 05:08:44,372] DEBUG [weekendr.api] [google_places_service.py:52]: Calling Google Places Nearby Search. LatLng: (18.46, 73.8), Radius: 1000, Type: restaurant
[2026-07-04 05:08:44,763] INFO [weekendr.api] [google_places_service.py:68]: Found 0 places nearby coordinates (18.46, 73.8)
[2026-07-04 05:08:44,764] DEBUG [weekendr.api] [google_places_service.py:52]: Calling Google Places Nearby Search. LatLng: (18.46, 73.8), Radius: 1000, Type: meal_takeaway
[2026-07-04 05:08:45,176] INFO [weekendr.api] [google_places_service.py:68]: Found 0 places nearby coordinates (18.46, 73.8)
[2026-07-04 05:08:45,177] DEBUG [weekendr.api] [google_places_service.py:52]: Calling Google Places Nearby Search. LatLng: (18.46, 73.8), Radius: 1000, Type: meal_delivery
[2026-07-04 05:08:45,598] INFO [weekendr.api] [google_places_service.py:68]: Found 0 places nearby coordinates (18.46, 73.8)
[2026-07-04 05:08:45,598] DEBUG [weekendr.api] [google_places_service.py:52]: Calling Google Places Nearby Search. LatLng: (18.46, 73.8), Radius: 1000, Type: bar
[2026-07-04 05:08:45,699] INFO [weekendr.api] [google_places_service.py:68]: Found 0 places nearby coordinates (18.46, 73.8)
[2026-07-04 05:08:45,700] DEBUG [weekendr.api] [google_places_service.py:52]: Calling Google Places Nearby Search. LatLng: (18.46, 73.8), Radius: 1000, Type: night_club
[2026-07-04 05:08:46,112] INFO [weekendr.api] [google_places_service.py:68]: Found 0 places nearby coordinates (18.46, 73.8)
[2026-07-04 05:08:46,112] DEBUG [weekendr.api] [google_places_service.py:52]: Calling Google Places Nearby Search. LatLng: (18.46, 73.8), Radius: 1000, Type: pub
[2026-07-04 05:08:46,211] INFO [weekendr.api] [google_places_service.py:68]: Found 0 places nearby coordinates (18.46, 73.8)
[2026-07-04 05:08:46,211] DEBUG [weekendr.api] [google_places_service.py:52]: Calling Google Places Nearby Search. LatLng: (18.46, 73.8), Radius: 1000, Type: amusement_park
[2026-07-04 05:08:46,303] INFO [weekendr.api] [google_places_service.py:68]: Found 0 places nearby coordinates (18.46, 73.8)
[2026-07-04 05:08:46,304] DEBUG [weekendr.api] [google_places_service.py:52]: Calling Google Places Nearby Search. LatLng: (18.46, 73.8), Radius: 1000, Type: bowling_alley
[2026-07-04 05:08:46,717] INFO [weekendr.api] [google_places_service.py:68]: Found 0 places nearby coordinates (18.46, 73.8)
[2026-07-04 05:08:46,718] DEBUG [weekendr.api] [google_places_service.py:52]: Calling Google Places Nearby Search. LatLng: (18.46, 73.8), Radius: 1000, Type: movie_theater
[2026-07-04 05:08:46,812] INFO [weekendr.api] [google_places_service.py:68]: Found 0 places nearby coordinates (18.46, 73.8)
[2026-07-04 05:08:46,812] DEBUG [weekendr.api] [google_places_service.py:52]: Calling Google Places Nearby Search. LatLng: (18.46, 73.8), Radius: 1000, Type: casino
[2026-07-04 05:08:47,196] INFO [weekendr.api] [google_places_service.py:68]: Found 0 places nearby coordinates (18.46, 73.8)
[2026-07-04 05:08:47,196] DEBUG [weekendr.api] [google_places_service.py:52]: Calling Google Places Nearby Search. LatLng: (18.46, 73.8), Radius: 1000, Type: tourist_attraction
[2026-07-04 05:08:47,288] INFO [weekendr.api] [google_places_service.py:68]: Found 0 places nearby coordinates (18.46, 73.8)
[2026-07-04 05:08:47,288] DEBUG [weekendr.api] [google_places_service.py:52]: Calling Google Places Nearby Search. LatLng: (18.46, 73.8), Radius: 1000, Type: museum
[2026-07-04 05:08:47,425] INFO [weekendr.api] [google_places_service.py:68]: Found 0 places nearby coordinates (18.46, 73.8)
[2026-07-04 05:08:47,425] DEBUG [weekendr.api] [google_places_service.py:52]: Calling Google Places Nearby Search. LatLng: (18.46, 73.8), Radius: 1000, Type: art_gallery
[2026-07-04 05:08:47,829] INFO [weekendr.api] [google_places_service.py:68]: Found 0 places nearby coordinates (18.46, 73.8)
[2026-07-04 05:08:47,830] DEBUG [weekendr.api] [google_places_service.py:52]: Calling Google Places Nearby Search. LatLng: (18.46, 73.8), Radius: 1000, Type: park
[2026-07-04 05:08:48,227] INFO [weekendr.api] [google_places_service.py:68]: Found 0 places nearby coordinates (18.46, 73.8)
[2026-07-04 05:08:48,227] DEBUG [weekendr.api] [google_places_service.py:52]: Calling Google Places Nearby Search. LatLng: (18.46, 73.8), Radius: 1000, Type: campground
[2026-07-04 05:08:48,624] INFO [weekendr.api] [google_places_service.py:68]: Found 0 places nearby coordinates (18.46, 73.8)
[2026-07-04 05:08:48,625] DEBUG [weekendr.api] [google_places_service.py:52]: Calling Google Places Nearby Search. LatLng: (18.46, 73.8), Radius: 1000, Type: zoo
[2026-07-04 05:08:49,041] INFO [weekendr.api] [google_places_service.py:68]: Found 0 places nearby coordinates (18.46, 73.8)
[2026-07-04 05:08:49,042] DEBUG [weekendr.api] [google_places_service.py:52]: Calling Google Places Nearby Search. LatLng: (18.46, 73.8), Radius: 1000, Type: aquarium
[2026-07-04 05:08:49,446] INFO [weekendr.api] [google_places_service.py:68]: Found 0 places nearby coordinates (18.46, 73.8)
[2026-07-04 05:08:49,446] DEBUG [weekendr.api] [google_places_service.py:52]: Calling Google Places Nearby Search. LatLng: (18.46, 73.8), Radius: 1000, Type: shopping_mall
[2026-07-04 05:08:49,842] INFO [weekendr.api] [google_places_service.py:68]: Found 0 places nearby coordinates (18.46, 73.8)
[2026-07-04 05:08:49,843] DEBUG [weekendr.api] [google_places_service.py:52]: Calling Google Places Nearby Search. LatLng: (18.46, 73.8), Radius: 1000, Type: clothing_store
[2026-07-04 05:08:50,240] INFO [weekendr.api] [google_places_service.py:68]: Found 0 places nearby coordinates (18.46, 73.8)
[2026-07-04 05:08:50,240] DEBUG [weekendr.api] [google_places_service.py:52]: Calling Google Places Nearby Search. LatLng: (18.46, 73.8), Radius: 1000, Type: book_store
[2026-07-04 05:08:50,643] INFO [weekendr.api] [google_places_service.py:68]: Found 0 places nearby coordinates (18.46, 73.8)
[2026-07-04 05:08:50,643] DEBUG [weekendr.api] [google_places_service.py:52]: Calling Google Places Nearby Search. LatLng: (18.46, 73.8), Radius: 1000, Type: department_store
[2026-07-04 05:08:51,067] INFO [weekendr.api] [google_places_service.py:68]: Found 0 places nearby coordinates (18.46, 73.8)
[2026-07-04 05:08:51,068] DEBUG [weekendr.api] [google_places_service.py:52]: Calling Google Places Nearby Search. LatLng: (18.46, 73.8), Radius: 1000, Type: shoe_store
[2026-07-04 05:08:51,461] INFO [weekendr.api] [google_places_service.py:68]: Found 0 places nearby coordinates (18.46, 73.8)
[2026-07-04 05:08:51,462] DEBUG [weekendr.api] [google_places_service.py:52]: Calling Google Places Nearby Search. LatLng: (18.46, 73.815), Radius: 1000, Type: cafe
[2026-07-04 05:08:51,857] INFO [weekendr.api] [google_places_service.py:68]: Found 0 places nearby coordinates (18.46, 73.815)
[2026-07-04 05:08:51,857] DEBUG [weekendr.api] [google_places_service.py:52]: Calling Google Places Nearby Search. LatLng: (18.46, 73.815), Radius: 1000, Type: coffee_shop
[2026-07-04 05:08:52,269] INFO [weekendr.api] [google_places_service.py:68]: Found 0 places nearby coordinates (18.46, 73.815)
[2026-07-04 05:08:52,269] DEBUG [weekendr.api] [google_places_service.py:52]: Calling Google Places Nearby Search. LatLng: (18.46, 73.815), Radius: 1000, Type: bakery
[2026-07-04 05:08:52,682] INFO [weekendr.api] [google_places_service.py:68]: Found 0 places nearby coordinates (18.46, 73.815)
[2026-07-04 05:08:52,683] DEBUG [weekendr.api] [google_places_service.py:52]: Calling Google Places Nearby Search. LatLng: (18.46, 73.815), Radius: 1000, Type: confectionery
[2026-07-04 05:08:53,094] INFO [weekendr.api] [google_places_service.py:68]: Found 0 places nearby coordinates (18.46, 73.815)
[2026-07-04 05:08:53,095] DEBUG [weekendr.api] [google_places_service.py:52]: Calling Google Places Nearby Search. LatLng: (18.46, 73.815), Radius: 1000, Type: ice_cream_shop
[2026-07-04 05:08:53,502] INFO [weekendr.api] [google_places_service.py:68]: Found 0 places nearby coordinates (18.46, 73.815)
[2026-07-04 05:08:53,502] DEBUG [weekendr.api] [google_places_service.py:52]: Calling Google Places Nearby Search. LatLng: (18.46, 73.815), Radius: 1000, Type: restaurant
[2026-07-04 05:08:53,904] INFO [weekendr.api] [google_places_service.py:68]: Found 0 places nearby coordinates (18.46, 73.815)
[2026-07-04 05:08:53,904] DEBUG [weekendr.api] [google_places_service.py:52]: Calling Google Places Nearby Search. LatLng: (18.46, 73.815), Radius: 1000, Type: meal_takeaway
[2026-07-04 05:08:54,301] INFO [weekendr.api] [google_places_service.py:68]: Found 0 places nearby coordinates (18.46, 73.815)
[2026-07-04 05:08:54,302] DEBUG [weekendr.api] [google_places_service.py:52]: Calling Google Places Nearby Search. LatLng: (18.46, 73.815), Radius: 1000, Type: meal_delivery
[2026-07-04 05:08:54,696] INFO [weekendr.api] [google_places_service.py:68]: Found 0 places nearby coordinates (18.46, 73.815)
[2026-07-04 05:08:54,696] DEBUG [weekendr.api] [google_places_service.py:52]: Calling Google Places Nearby Search. LatLng: (18.46, 73.815), Radius: 1000, Type: bar
[2026-07-04 05:08:55,091] INFO [weekendr.api] [google_places_service.py:68]: Found 0 places nearby coordinates (18.46, 73.815)
[2026-07-04 05:08:55,092] DEBUG [weekendr.api] [google_places_service.py:52]: Calling Google Places Nearby Search. LatLng: (18.46, 73.815), Radius: 1000, Type: night_club
[2026-07-04 05:08:55,498] INFO [weekendr.api] [google_places_service.py:68]: Found 0 places nearby coordinates (18.46, 73.815)
[2026-07-04 05:08:55,498] DEBUG [weekendr.api] [google_places_service.py:52]: Calling Google Places Nearby Search. LatLng: (18.46, 73.815), Radius: 1000, Type: pub
[2026-07-04 05:08:55,890] INFO [weekendr.api] [google_places_service.py:68]: Found 0 places nearby coordinates (18.46, 73.815)
[2026-07-04 05:08:55,891] DEBUG [weekendr.api] [google_places_service.py:52]: Calling Google Places Nearby Search. LatLng: (18.46, 73.815), Radius: 1000, Type: amusement_park
[2026-07-04 05:08:56,297] INFO [weekendr.api] [google_places_service.py:68]: Found 0 places nearby coordinates (18.46, 73.815)
[2026-07-04 05:08:56,298] DEBUG [weekendr.api] [google_places_service.py:52]: Calling Google Places Nearby Search. LatLng: (18.46, 73.815), Radius: 1000, Type: bowling_alley
[2026-07-04 05:08:56,712] INFO [weekendr.api] [google_places_service.py:68]: Found 0 places nearby coordinates (18.46, 73.815)
[2026-07-04 05:08:56,712] DEBUG [weekendr.api] [google_places_service.py:52]: Calling Google Places Nearby Search. LatLng: (18.46, 73.815), Radius: 1000, Type: movie_theater
[2026-07-04 05:08:57,119] INFO [weekendr.api] [google_places_service.py:68]: Found 0 places nearby coordinates (18.46, 73.815)
[2026-07-04 05:08:57,120] DEBUG [weekendr.api] [google_places_service.py:52]: Calling Google Places Nearby Search. LatLng: (18.46, 73.815), Radius: 1000, Type: casino
[2026-07-04 05:08:57,524] INFO [weekendr.api] [google_places_service.py:68]: Found 0 places nearby coordinates (18.46, 73.815)
[2026-07-04 05:08:57,524] DEBUG [weekendr.api] [google_places_service.py:52]: Calling Google Places Nearby Search. LatLng: (18.46, 73.815), Radius: 1000, Type: tourist_attraction
[2026-07-04 05:08:57,934] INFO [weekendr.api] [google_places_service.py:68]: Found 0 places nearby coordinates (18.46, 73.815)
[2026-07-04 05:08:57,934] DEBUG [weekendr.api] [google_places_service.py:52]: Calling Google Places Nearby Search. LatLng: (18.46, 73.815), Radius: 1000, Type: museum
[2026-07-04 05:08:58,336] INFO [weekendr.api] [google_places_service.py:68]: Found 0 places nearby coordinates (18.46, 73.815)
[2026-07-04 05:08:58,337] DEBUG [weekendr.api] [google_places_service.py:52]: Calling Google Places Nearby Search. LatLng: (18.46, 73.815), Radius: 1000, Type: art_gallery
[2026-07-04 05:08:58,734] INFO [weekendr.api] [google_places_service.py:68]: Found 0 places nearby coordinates (18.46, 73.815)
[2026-07-04 05:08:58,735] DEBUG [weekendr.api] [google_places_service.py:52]: Calling Google Places Nearby Search. LatLng: (18.46, 73.815), Radius: 1000, Type: park
[2026-07-04 05:08:58,899] INFO [weekendr.api] [google_places_service.py:68]: Found 0 places nearby coordinates (18.46, 73.815)
[2026-07-04 05:08:58,899] DEBUG [weekendr.api] [google_places_service.py:52]: Calling Google Places Nearby Search. LatLng: (18.46, 73.815), Radius: 1000, Type: campground
[2026-07-04 05:08:59,304] INFO [weekendr.api] [google_places_service.py:68]: Found 0 places nearby coordinates (18.46, 73.815)
[2026-07-04 05:08:59,305] DEBUG [weekendr.api] [google_places_service.py:52]: Calling Google Places Nearby Search. LatLng: (18.46, 73.815), Radius: 1000, Type: zoo
[2026-07-04 05:08:59,701] INFO [weekendr.api] [google_places_service.py:68]: Found 0 places nearby coordinates (18.46, 73.815)
[2026-07-04 05:08:59,701] DEBUG [weekendr.api] [google_places_service.py:52]: Calling Google Places Nearby Search. LatLng: (18.46, 73.815), Radius: 1000, Type: aquarium
[2026-07-04 05:09:00,100] INFO [weekendr.api] [google_places_service.py:68]: Found 0 places nearby coordinates (18.46, 73.815)
[2026-07-04 05:09:00,100] DEBUG [weekendr.api] [google_places_service.py:52]: Calling Google Places Nearby Search. LatLng: (18.46, 73.815), Radius: 1000, Type: shopping_mall
[2026-07-04 05:09:00,494] INFO [weekendr.api] [google_places_service.py:68]: Found 0 places nearby coordinates (18.46, 73.815)
[2026-07-04 05:09:00,494] DEBUG [weekendr.api] [google_places_service.py:52]: Calling Google Places Nearby Search. LatLng: (18.46, 73.815), Radius: 1000, Type: clothing_store
[2026-07-04 05:09:00,903] INFO [weekendr.api] [google_places_service.py:68]: Found 0 places nearby coordinates (18.46, 73.815)
[2026-07-04 05:09:00,903] DEBUG [weekendr.api] [google_places_service.py:52]: Calling Google Places Nearby Search. LatLng: (18.46, 73.815), Radius: 1000, Type: book_store
[2026-07-04 05:09:01,304] INFO [weekendr.api] [google_places_service.py:68]: Found 0 places nearby coordinates (18.46, 73.815)
[2026-07-04 05:09:01,305] DEBUG [weekendr.api] [google_places_service.py:52]: Calling Google Places Nearby Search. LatLng: (18.46, 73.815), Radius: 1000, Type: department_store
[2026-07-04 05:09:01,698] INFO [weekendr.api] [google_places_service.py:68]: Found 0 places nearby coordinates (18.46, 73.815)
[2026-07-04 05:09:01,699] DEBUG [weekendr.api] [google_places_service.py:52]: Calling Google Places Nearby Search. LatLng: (18.46, 73.815), Radius: 1000, Type: shoe_store
[2026-07-04 05:09:02,118] INFO [weekendr.api] [google_places_service.py:68]: Found 0 places nearby coordinates (18.46, 73.815)
[2026-07-04 05:09:02,119] DEBUG [weekendr.api] [google_places_service.py:52]: Calling Google Places Nearby Search. LatLng: (18.46, 73.83), Radius: 1000, Type: cafe
[2026-07-04 05:09:02,523] INFO [weekendr.api] [google_places_service.py:68]: Found 0 places nearby coordinates (18.46, 73.83)
[2026-07-04 05:09:02,523] DEBUG [weekendr.api] [google_places_service.py:52]: Calling Google Places Nearby Search. LatLng: (18.46, 73.83), Radius: 1000, Type: coffee_shop
[2026-07-04 05:09:02,918] INFO [weekendr.api] [google_places_service.py:68]: Found 0 places nearby coordinates (18.46, 73.83)
[2026-07-04 05:09:02,918] DEBUG [weekendr.api] [google_places_service.py:52]: Calling Google Places Nearby Search. LatLng: (18.46, 73.83), Radius: 1000, Type: bakery
[2026-07-04 05:09:03,301] INFO [weekendr.api] [google_places_service.py:68]: Found 0 places nearby coordinates (18.46, 73.83)
[2026-07-04 05:09:03,302] DEBUG [weekendr.api] [google_places_service.py:52]: Calling Google Places Nearby Search. LatLng: (18.46, 73.83), Radius: 1000, Type: confectionery
[2026-07-04 05:09:03,720] INFO [weekendr.api] [google_places_service.py:68]: Found 0 places nearby coordinates (18.46, 73.83)
[2026-07-04 05:09:03,721] DEBUG [weekendr.api] [google_places_service.py:52]: Calling Google Places Nearby Search. LatLng: (18.46, 73.83), Radius: 1000, Type: ice_cream_shop
[2026-07-04 05:09:04,121] INFO [weekendr.api] [google_places_service.py:68]: Found 0 places nearby coordinates (18.46, 73.83)
[2026-07-04 05:09:04,122] DEBUG [weekendr.api] [google_places_service.py:52]: Calling Google Places Nearby Search. LatLng: (18.46, 73.83), Radius: 1000, Type: restaurant
[2026-07-04 05:09:04,540] INFO [weekendr.api] [google_places_service.py:68]: Found 0 places nearby coordinates (18.46, 73.83)
[2026-07-04 05:09:04,540] DEBUG [weekendr.api] [google_places_service.py:52]: Calling Google Places Nearby Search. LatLng: (18.46, 73.83), Radius: 1000, Type: meal_takeaway
[2026-07-04 05:09:04,936] INFO [weekendr.api] [google_places_service.py:68]: Found 0 places nearby coordinates (18.46, 73.83)
[2026-07-04 05:09:04,936] DEBUG [weekendr.api] [google_places_service.py:52]: Calling Google Places Nearby Search. LatLng: (18.46, 73.83), Radius: 1000, Type: meal_delivery
[2026-07-04 05:09:05,334] INFO [weekendr.api] [google_places_service.py:68]: Found 0 places nearby coordinates (18.46, 73.83)
[2026-07-04 05:09:05,334] DEBUG [weekendr.api] [google_places_service.py:52]: Calling Google Places Nearby Search. LatLng: (18.46, 73.83), Radius: 1000, Type: bar
[2026-07-04 05:09:05,441] INFO [weekendr.api] [google_places_service.py:68]: Found 0 places nearby coordinates (18.46, 73.83)
[2026-07-04 05:09:05,441] DEBUG [weekendr.api] [google_places_service.py:52]: Calling Google Places Nearby Search. LatLng: (18.46, 73.83), Radius: 1000, Type: night_club
[2026-07-04 05:09:05,834] INFO [weekendr.api] [google_places_service.py:68]: Found 0 places nearby coordinates (18.46, 73.83)
[2026-07-04 05:09:05,835] DEBUG [weekendr.api] [google_places_service.py:52]: Calling Google Places Nearby Search. LatLng: (18.46, 73.83), Radius: 1000, Type: pub
[2026-07-04 05:09:06,234] INFO [weekendr.api] [google_places_service.py:68]: Found 0 places nearby coordinates (18.46, 73.83)
[2026-07-04 05:09:06,234] DEBUG [weekendr.api] [google_places_service.py:52]: Calling Google Places Nearby Search. LatLng: (18.46, 73.83), Radius: 1000, Type: amusement_park
[2026-07-04 05:09:06,633] INFO [weekendr.api] [google_places_service.py:68]: Found 0 places nearby coordinates (18.46, 73.83)
[2026-07-04 05:09:06,633] DEBUG [weekendr.api] [google_places_service.py:52]: Calling Google Places Nearby Search. LatLng: (18.46, 73.83), Radius: 1000, Type: bowling_alley
[2026-07-04 05:09:07,029] INFO [weekendr.api] [google_places_service.py:68]: Found 0 places nearby coordinates (18.46, 73.83)
[2026-07-04 05:09:07,030] DEBUG [weekendr.api] [google_places_service.py:52]: Calling Google Places Nearby Search. LatLng: (18.46, 73.83), Radius: 1000, Type: movie_theater
[2026-07-04 05:09:07,430] INFO [weekendr.api] [google_places_service.py:68]: Found 0 places nearby coordinates (18.46, 73.83)
[2026-07-04 05:09:07,430] DEBUG [weekendr.api] [google_places_service.py:52]: Calling Google Places Nearby Search. LatLng: (18.46, 73.83), Radius: 1000, Type: casino
[2026-07-04 05:09:07,834] INFO [weekendr.api] [google_places_service.py:68]: Found 0 places nearby coordinates (18.46, 73.83)
[2026-07-04 05:09:07,834] DEBUG [weekendr.api] [google_places_service.py:52]: Calling Google Places Nearby Search. LatLng: (18.46, 73.83), Radius: 1000, Type: tourist_attraction
[2026-07-04 05:09:08,246] INFO [weekendr.api] [google_places_service.py:68]: Found 0 places nearby coordinates (18.46, 73.83)
[2026-07-04 05:09:08,246] DEBUG [weekendr.api] [google_places_service.py:52]: Calling Google Places Nearby Search. LatLng: (18.46, 73.83), Radius: 1000, Type: museum
[2026-07-04 05:09:08,651] INFO [weekendr.api] [google_places_service.py:68]: Found 0 places nearby coordinates (18.46, 73.83)
[2026-07-04 05:09:08,651] DEBUG [weekendr.api] [google_places_service.py:52]: Calling Google Places Nearby Search. LatLng: (18.46, 73.83), Radius: 1000, Type: art_gallery
[2026-07-04 05:09:08,819] INFO [weekendr.api] [google_places_service.py:68]: Found 0 places nearby coordinates (18.46, 73.83)
[2026-07-04 05:09:08,820] DEBUG [weekendr.api] [google_places_service.py:52]: Calling Google Places Nearby Search. LatLng: (18.46, 73.83), Radius: 1000, Type: park
[2026-07-04 05:09:09,232] INFO [weekendr.api] [google_places_service.py:68]: Found 0 places nearby coordinates (18.46, 73.83)
[2026-07-04 05:09:09,232] DEBUG [weekendr.api] [google_places_service.py:52]: Calling Google Places Nearby Search. LatLng: (18.46, 73.83), Radius: 1000, Type: campground
[2026-07-04 05:09:09,644] INFO [weekendr.api] [google_places_service.py:68]: Found 0 places nearby coordinates (18.46, 73.83)
[2026-07-04 05:09:09,644] DEBUG [weekendr.api] [google_places_service.py:52]: Calling Google Places Nearby Search. LatLng: (18.46, 73.83), Radius: 1000, Type: zoo
[2026-07-04 05:09:09,766] INFO [weekendr.api] [google_places_service.py:68]: Found 0 places nearby coordinates (18.46, 73.83)
[2026-07-04 05:09:09,766] DEBUG [weekendr.api] [google_places_service.py:52]: Calling Google Places Nearby Search. LatLng: (18.46, 73.83), Radius: 1000, Type: aquarium
[2026-07-04 05:09:10,161] INFO [weekendr.api] [google_places_service.py:68]: Found 0 places nearby coordinates (18.46, 73.83)
[2026-07-04 05:09:10,162] DEBUG [weekendr.api] [google_places_service.py:52]: Calling Google Places Nearby Search. LatLng: (18.46, 73.83), Radius: 1000, Type: shopping_mall
[2026-07-04 05:09:10,612] INFO [weekendr.api] [google_places_service.py:68]: Found 0 places nearby coordinates (18.46, 73.83)
[2026-07-04 05:09:10,612] DEBUG [weekendr.api] [google_places_service.py:52]: Calling Google Places Nearby Search. LatLng: (18.46, 73.83), Radius: 1000, Type: clothing_store
[2026-07-04 05:09:11,031] INFO [weekendr.api] [google_places_service.py:68]: Found 0 places nearby coordinates (18.46, 73.83)
[2026-07-04 05:09:11,031] DEBUG [weekendr.api] [google_places_service.py:52]: Calling Google Places Nearby Search. LatLng: (18.46, 73.83), Radius: 1000, Type: book_store
[2026-07-04 05:09:11,417] INFO [weekendr.api] [google_places_service.py:68]: Found 0 places nearby coordinates (18.46, 73.83)
[2026-07-04 05:09:11,417] DEBUG [weekendr.api] [google_places_service.py:52]: Calling Google Places Nearby Search. LatLng: (18.46, 73.83), Radius: 1000, Type: department_store
[2026-07-04 05:09:11,533] INFO [weekendr.api] [google_places_service.py:68]: Found 0 places nearby coordinates (18.46, 73.83)
[2026-07-04 05:09:11,533] DEBUG [weekendr.api] [google_places_service.py:52]: Calling Google Places Nearby Search. LatLng: (18.46, 73.83), Radius: 1000, Type: shoe_store
[2026-07-04 05:09:11,672] INFO [weekendr.api] [google_places_service.py:68]: Found 0 places nearby coordinates (18.46, 73.83)
[2026-07-04 05:09:11,672] DEBUG [weekendr.api] [google_places_service.py:52]: Calling Google Places Nearby Search. LatLng: (18.46, 73.845), Radius: 1000, Type: cafe
[2026-07-04 05:09:12,093] INFO [weekendr.api] [google_places_service.py:68]: Found 0 places nearby coordinates (18.46, 73.845)
[2026-07-04 05:09:12,093] DEBUG [weekendr.api] [google_places_service.py:52]: Calling Google Places Nearby Search. LatLng: (18.46, 73.845), Radius: 1000, Type: coffee_shop
[2026-07-04 05:09:12,483] INFO [weekendr.api] [google_places_service.py:68]: Found 0 places nearby coordinates (18.46, 73.845)
[2026-07-04 05:09:12,483] DEBUG [weekendr.api] [google_places_service.py:52]: Calling Google Places Nearby Search. LatLng: (18.46, 73.845), Radius: 1000, Type: bakery
[2026-07-04 05:09:12,881] INFO [weekendr.api] [google_places_service.py:68]: Found 0 places nearby coordinates (18.46, 73.845)
[2026-07-04 05:09:12,881] DEBUG [weekendr.api] [google_places_service.py:52]: Calling Google Places Nearby Search. LatLng: (18.46, 73.845), Radius: 1000, Type: confectionery
[2026-07-04 05:09:13,299] INFO [weekendr.api] [google_places_service.py:68]: Found 0 places nearby coordinates (18.46, 73.845)
[2026-07-04 05:09:13,300] DEBUG [weekendr.api] [google_places_service.py:52]: Calling Google Places Nearby Search. LatLng: (18.46, 73.845), Radius: 1000, Type: ice_cream_shop
[2026-07-04 05:09:13,483] INFO [weekendr.api] [google_places_service.py:68]: Found 0 places nearby coordinates (18.46, 73.845)
[2026-07-04 05:09:13,483] DEBUG [weekendr.api] [google_places_service.py:52]: Calling Google Places Nearby Search. LatLng: (18.46, 73.845), Radius: 1000, Type: restaurant
[2026-07-04 05:09:13,601] INFO [weekendr.api] [google_places_service.py:68]: Found 0 places nearby coordinates (18.46, 73.845)
[2026-07-04 05:09:13,601] DEBUG [weekendr.api] [google_places_service.py:52]: Calling Google Places Nearby Search. LatLng: (18.46, 73.845), Radius: 1000, Type: meal_takeaway
[2026-07-04 05:09:14,002] INFO [weekendr.api] [google_places_service.py:68]: Found 0 places nearby coordinates (18.46, 73.845)
[2026-07-04 05:09:14,002] DEBUG [weekendr.api] [google_places_service.py:52]: Calling Google Places Nearby Search. LatLng: (18.46, 73.845), Radius: 1000, Type: meal_delivery
[2026-07-04 05:09:14,393] INFO [weekendr.api] [google_places_service.py:68]: Found 0 places nearby coordinates (18.46, 73.845)
[2026-07-04 05:09:14,393] DEBUG [weekendr.api] [google_places_service.py:52]: Calling Google Places Nearby Search. LatLng: (18.46, 73.845), Radius: 1000, Type: bar
[2026-07-04 05:09:14,786] INFO [weekendr.api] [google_places_service.py:68]: Found 0 places nearby coordinates (18.46, 73.845)
[2026-07-04 05:09:14,787] DEBUG [weekendr.api] [google_places_service.py:52]: Calling Google Places Nearby Search. LatLng: (18.46, 73.845), Radius: 1000, Type: night_club
[2026-07-04 05:09:14,899] INFO [weekendr.api] [google_places_service.py:68]: Found 0 places nearby coordinates (18.46, 73.845)
[2026-07-04 05:09:14,900] DEBUG [weekendr.api] [google_places_service.py:52]: Calling Google Places Nearby Search. LatLng: (18.46, 73.845), Radius: 1000, Type: pub
[2026-07-04 05:09:15,325] INFO [weekendr.api] [google_places_service.py:68]: Found 0 places nearby coordinates (18.46, 73.845)
[2026-07-04 05:09:15,325] DEBUG [weekendr.api] [google_places_service.py:52]: Calling Google Places Nearby Search. LatLng: (18.46, 73.845), Radius: 1000, Type: amusement_park
[2026-07-04 05:09:15,412] INFO [weekendr.api] [google_places_service.py:68]: Found 0 places nearby coordinates (18.46, 73.845)
[2026-07-04 05:09:15,412] DEBUG [weekendr.api] [google_places_service.py:52]: Calling Google Places Nearby Search. LatLng: (18.46, 73.845), Radius: 1000, Type: bowling_alley
[2026-07-04 05:09:15,806] INFO [weekendr.api] [google_places_service.py:68]: Found 0 places nearby coordinates (18.46, 73.845)
[2026-07-04 05:09:15,807] DEBUG [weekendr.api] [google_places_service.py:52]: Calling Google Places Nearby Search. LatLng: (18.46, 73.845), Radius: 1000, Type: movie_theater
[2026-07-04 05:09:16,212] INFO [weekendr.api] [google_places_service.py:68]: Found 0 places nearby coordinates (18.46, 73.845)
[2026-07-04 05:09:16,212] DEBUG [weekendr.api] [google_places_service.py:52]: Calling Google Places Nearby Search. LatLng: (18.46, 73.845), Radius: 1000, Type: casino
[2026-07-04 05:09:16,616] INFO [weekendr.api] [google_places_service.py:68]: Found 0 places nearby coordinates (18.46, 73.845)
[2026-07-04 05:09:16,617] DEBUG [weekendr.api] [google_places_service.py:52]: Calling Google Places Nearby Search. LatLng: (18.46, 73.845), Radius: 1000, Type: tourist_attraction
[2026-07-04 05:09:17,022] INFO [weekendr.api] [google_places_service.py:68]: Found 0 places nearby coordinates (18.46, 73.845)
[2026-07-04 05:09:17,022] DEBUG [weekendr.api] [google_places_service.py:52]: Calling Google Places Nearby Search. LatLng: (18.46, 73.845), Radius: 1000, Type: museum
[2026-07-04 05:09:17,425] INFO [weekendr.api] [google_places_service.py:68]: Found 0 places nearby coordinates (18.46, 73.845)
[2026-07-04 05:09:17,425] DEBUG [weekendr.api] [google_places_service.py:52]: Calling Google Places Nearby Search. LatLng: (18.46, 73.845), Radius: 1000, Type: art_gallery
[2026-07-04 05:09:17,842] INFO [weekendr.api] [google_places_service.py:68]: Found 0 places nearby coordinates (18.46, 73.845)
[2026-07-04 05:09:17,843] DEBUG [weekendr.api] [google_places_service.py:52]: Calling Google Places Nearby Search. LatLng: (18.46, 73.845), Radius: 1000, Type: park
[2026-07-04 05:09:17,933] INFO [weekendr.api] [google_places_service.py:68]: Found 0 places nearby coordinates (18.46, 73.845)
[2026-07-04 05:09:17,933] DEBUG [weekendr.api] [google_places_service.py:52]: Calling Google Places Nearby Search. LatLng: (18.46, 73.845), Radius: 1000, Type: campground
[2026-07-04 05:09:18,339] INFO [weekendr.api] [google_places_service.py:68]: Found 0 places nearby coordinates (18.46, 73.845)
[2026-07-04 05:09:18,339] DEBUG [weekendr.api] [google_places_service.py:52]: Calling Google Places Nearby Search. LatLng: (18.46, 73.845), Radius: 1000, Type: zoo
[2026-07-04 05:09:18,739] INFO [weekendr.api] [google_places_service.py:68]: Found 0 places nearby coordinates (18.46, 73.845)
[2026-07-04 05:09:18,739] DEBUG [weekendr.api] [google_places_service.py:52]: Calling Google Places Nearby Search. LatLng: (18.46, 73.845), Radius: 1000, Type: aquarium
[2026-07-04 05:09:19,129] INFO [weekendr.api] [google_places_service.py:68]: Found 0 places nearby coordinates (18.46, 73.845)
[2026-07-04 05:09:19,129] DEBUG [weekendr.api] [google_places_service.py:52]: Calling Google Places Nearby Search. LatLng: (18.46, 73.845), Radius: 1000, Type: shopping_mall
[2026-07-04 05:09:19,518] INFO [weekendr.api] [google_places_service.py:68]: Found 0 places nearby coordinates (18.46, 73.845)
[2026-07-04 05:09:19,519] DEBUG [weekendr.api] [google_places_service.py:52]: Calling Google Places Nearby Search. LatLng: (18.46, 73.845), Radius: 1000, Type: clothing_store
[2026-07-04 05:09:19,608] INFO [weekendr.api] [google_places_service.py:68]: Found 0 places nearby coordinates (18.46, 73.845)
[2026-07-04 05:09:19,609] DEBUG [weekendr.api] [google_places_service.py:52]: Calling Google Places Nearby Search. LatLng: (18.46, 73.845), Radius: 1000, Type: book_store
[2026-07-04 05:09:19,766] INFO [weekendr.api] [google_places_service.py:68]: Found 0 places nearby coordinates (18.46, 73.845)
[2026-07-04 05:09:19,766] DEBUG [weekendr.api] [google_places_service.py:52]: Calling Google Places Nearby Search. LatLng: (18.46, 73.845), Radius: 1000, Type: department_store
[2026-07-04 05:09:20,159] INFO [weekendr.api] [google_places_service.py:68]: Found 0 places nearby coordinates (18.46, 73.845)
[2026-07-04 05:09:20,160] DEBUG [weekendr.api] [google_places_service.py:52]: Calling Google Places Nearby Search. LatLng: (18.46, 73.845), Radius: 1000, Type: shoe_store
[2026-07-04 05:09:20,583] INFO [weekendr.api] [google_places_service.py:68]: Found 0 places nearby coordinates (18.46, 73.845)
[2026-07-04 05:09:20,584] DEBUG [weekendr.api] [google_places_service.py:52]: Calling Google Places Nearby Search. LatLng: (18.46, 73.86), Radius: 1000, Type: cafe
[2026-07-04 05:09:20,968] INFO [weekendr.api] [google_places_service.py:68]: Found 0 places nearby coordinates (18.46, 73.86)
[2026-07-04 05:09:20,968] DEBUG [weekendr.api] [google_places_service.py:52]: Calling Google Places Nearby Search. LatLng: (18.46, 73.86), Radius: 1000, Type: coffee_shop
[2026-07-04 05:09:21,376] INFO [weekendr.api] [google_places_service.py:68]: Found 0 places nearby coordinates (18.46, 73.86)
[2026-07-04 05:09:21,377] DEBUG [weekendr.api] [google_places_service.py:52]: Calling Google Places Nearby Search. LatLng: (18.46, 73.86), Radius: 1000, Type: bakery
[2026-07-04 05:09:21,494] INFO [weekendr.api] [google_places_service.py:68]: Found 0 places nearby coordinates (18.46, 73.86)
[2026-07-04 05:09:21,494] DEBUG [weekendr.api] [google_places_service.py:52]: Calling Google Places Nearby Search. LatLng: (18.46, 73.86), Radius: 1000, Type: confectionery
[2026-07-04 05:09:21,898] INFO [weekendr.api] [google_places_service.py:68]: Found 0 places nearby coordinates (18.46, 73.86)
[2026-07-04 05:09:21,898] DEBUG [weekendr.api] [google_places_service.py:52]: Calling Google Places Nearby Search. LatLng: (18.46, 73.86), Radius: 1000, Type: ice_cream_shop
[2026-07-04 05:09:22,305] INFO [weekendr.api] [google_places_service.py:68]: Found 0 places nearby coordinates (18.46, 73.86)
[2026-07-04 05:09:22,306] DEBUG [weekendr.api] [google_places_service.py:52]: Calling Google Places Nearby Search. LatLng: (18.46, 73.86), Radius: 1000, Type: restaurant
[2026-07-04 05:09:22,691] INFO [weekendr.api] [google_places_service.py:68]: Found 0 places nearby coordinates (18.46, 73.86)
[2026-07-04 05:09:22,691] DEBUG [weekendr.api] [google_places_service.py:52]: Calling Google Places Nearby Search. LatLng: (18.46, 73.86), Radius: 1000, Type: meal_takeaway
[2026-07-04 05:09:23,087] INFO [weekendr.api] [google_places_service.py:68]: Found 0 places nearby coordinates (18.46, 73.86)
[2026-07-04 05:09:23,087] DEBUG [weekendr.api] [google_places_service.py:52]: Calling Google Places Nearby Search. LatLng: (18.46, 73.86), Radius: 1000, Type: meal_delivery
[2026-07-04 05:09:23,482] INFO [weekendr.api] [google_places_service.py:68]: Found 0 places nearby coordinates (18.46, 73.86)
[2026-07-04 05:09:23,483] DEBUG [weekendr.api] [google_places_service.py:52]: Calling Google Places Nearby Search. LatLng: (18.46, 73.86), Radius: 1000, Type: bar
[2026-07-04 05:09:23,878] INFO [weekendr.api] [google_places_service.py:68]: Found 0 places nearby coordinates (18.46, 73.86)
[2026-07-04 05:09:23,878] DEBUG [weekendr.api] [google_places_service.py:52]: Calling Google Places Nearby Search. LatLng: (18.46, 73.86), Radius: 1000, Type: night_club
[2026-07-04 05:09:24,270] INFO [weekendr.api] [google_places_service.py:68]: Found 0 places nearby coordinates (18.46, 73.86)
[2026-07-04 05:09:24,270] DEBUG [weekendr.api] [google_places_service.py:52]: Calling Google Places Nearby Search. LatLng: (18.46, 73.86), Radius: 1000, Type: pub
[2026-07-04 05:09:24,655] INFO [weekendr.api] [google_places_service.py:68]: Found 0 places nearby coordinates (18.46, 73.86)
[2026-07-04 05:09:24,655] DEBUG [weekendr.api] [google_places_service.py:52]: Calling Google Places Nearby Search. LatLng: (18.46, 73.86), Radius: 1000, Type: amusement_park
[2026-07-04 05:09:24,745] INFO [weekendr.api] [google_places_service.py:68]: Found 0 places nearby coordinates (18.46, 73.86)
[2026-07-04 05:09:24,746] DEBUG [weekendr.api] [google_places_service.py:52]: Calling Google Places Nearby Search. LatLng: (18.46, 73.86), Radius: 1000, Type: bowling_alley
[2026-07-04 05:09:24,898] INFO [weekendr.api] [google_places_service.py:68]: Found 0 places nearby coordinates (18.46, 73.86)
[2026-07-04 05:09:24,898] DEBUG [weekendr.api] [google_places_service.py:52]: Calling Google Places Nearby Search. LatLng: (18.46, 73.86), Radius: 1000, Type: movie_theater
[2026-07-04 05:09:25,300] INFO [weekendr.api] [google_places_service.py:68]: Found 0 places nearby coordinates (18.46, 73.86)
[2026-07-04 05:09:25,300] DEBUG [weekendr.api] [google_places_service.py:52]: Calling Google Places Nearby Search. LatLng: (18.46, 73.86), Radius: 1000, Type: casino
[2026-07-04 05:09:25,704] INFO [weekendr.api] [google_places_service.py:68]: Found 0 places nearby coordinates (18.46, 73.86)
[2026-07-04 05:09:25,704] DEBUG [weekendr.api] [google_places_service.py:52]: Calling Google Places Nearby Search. LatLng: (18.46, 73.86), Radius: 1000, Type: tourist_attraction
[2026-07-04 05:09:26,092] INFO [weekendr.api] [google_places_service.py:68]: Found 0 places nearby coordinates (18.46, 73.86)
[2026-07-04 05:09:26,092] DEBUG [weekendr.api] [google_places_service.py:52]: Calling Google Places Nearby Search. LatLng: (18.46, 73.86), Radius: 1000, Type: museum
[2026-07-04 05:09:26,485] INFO [weekendr.api] [google_places_service.py:68]: Found 0 places nearby coordinates (18.46, 73.86)
[2026-07-04 05:09:26,486] DEBUG [weekendr.api] [google_places_service.py:52]: Calling Google Places Nearby Search. LatLng: (18.46, 73.86), Radius: 1000, Type: art_gallery
[2026-07-04 05:09:26,897] INFO [weekendr.api] [google_places_service.py:68]: Found 0 places nearby coordinates (18.46, 73.86)
[2026-07-04 05:09:26,898] DEBUG [weekendr.api] [google_places_service.py:52]: Calling Google Places Nearby Search. LatLng: (18.46, 73.86), Radius: 1000, Type: park
[2026-07-04 05:09:27,295] INFO [weekendr.api] [google_places_service.py:68]: Found 0 places nearby coordinates (18.46, 73.86)
[2026-07-04 05:09:27,295] DEBUG [weekendr.api] [google_places_service.py:52]: Calling Google Places Nearby Search. LatLng: (18.46, 73.86), Radius: 1000, Type: campground
[2026-07-04 05:09:27,692] INFO [weekendr.api] [google_places_service.py:68]: Found 0 places nearby coordinates (18.46, 73.86)
[2026-07-04 05:09:27,692] DEBUG [weekendr.api] [google_places_service.py:52]: Calling Google Places Nearby Search. LatLng: (18.46, 73.86), Radius: 1000, Type: zoo
[2026-07-04 05:09:28,098] INFO [weekendr.api] [google_places_service.py:68]: Found 0 places nearby coordinates (18.46, 73.86)
[2026-07-04 05:09:28,099] DEBUG [weekendr.api] [google_places_service.py:52]: Calling Google Places Nearby Search. LatLng: (18.46, 73.86), Radius: 1000, Type: aquarium
[2026-07-04 05:09:28,506] INFO [weekendr.api] [google_places_service.py:68]: Found 0 places nearby coordinates (18.46, 73.86)
[2026-07-04 05:09:28,506] DEBUG [weekendr.api] [google_places_service.py:52]: Calling Google Places Nearby Search. LatLng: (18.46, 73.86), Radius: 1000, Type: shopping_mall
[2026-07-04 05:09:28,900] INFO [weekendr.api] [google_places_service.py:68]: Found 0 places nearby coordinates (18.46, 73.86)
[2026-07-04 05:09:28,900] DEBUG [weekendr.api] [google_places_service.py:52]: Calling Google Places Nearby Search. LatLng: (18.46, 73.86), Radius: 1000, Type: clothing_store
[2026-07-04 05:09:29,013] INFO [weekendr.api] [google_places_service.py:68]: Found 0 places nearby coordinates (18.46, 73.86)
[2026-07-04 05:09:29,014] DEBUG [weekendr.api] [google_places_service.py:52]: Calling Google Places Nearby Search. LatLng: (18.46, 73.86), Radius: 1000, Type: book_store
[2026-07-04 05:09:29,417] INFO [weekendr.api] [google_places_service.py:68]: Found 0 places nearby coordinates (18.46, 73.86)
[2026-07-04 05:09:29,417] DEBUG [weekendr.api] [google_places_service.py:52]: Calling Google Places Nearby Search. LatLng: (18.46, 73.86), Radius: 1000, Type: department_store
[2026-07-04 05:09:29,823] INFO [weekendr.api] [google_places_service.py:68]: Found 0 places nearby coordinates (18.46, 73.86)
[2026-07-04 05:09:29,823] DEBUG [weekendr.api] [google_places_service.py:52]: Calling Google Places Nearby Search. LatLng: (18.46, 73.86), Radius: 1000, Type: shoe_store
[2026-07-04 05:09:30,211] INFO [weekendr.api] [google_places_service.py:68]: Found 0 places nearby coordinates (18.46, 73.86)
[2026-07-04 05:09:30,211] DEBUG [weekendr.api] [google_places_service.py:52]: Calling Google Places Nearby Search. LatLng: (18.46, 73.875), Radius: 1000, Type: cafe
[2026-07-04 05:09:30,312] INFO [weekendr.api] [google_places_service.py:68]: Found 0 places nearby coordinates (18.46, 73.875)
[2026-07-04 05:09:30,313] DEBUG [weekendr.api] [google_places_service.py:52]: Calling Google Places Nearby Search. LatLng: (18.46, 73.875), Radius: 1000, Type: coffee_shop
[2026-07-04 05:09:30,721] INFO [weekendr.api] [google_places_service.py:68]: Found 0 places nearby coordinates (18.46, 73.875)
[2026-07-04 05:09:30,722] DEBUG [weekendr.api] [google_places_service.py:52]: Calling Google Places Nearby Search. LatLng: (18.46, 73.875), Radius: 1000, Type: bakery
[2026-07-04 05:09:31,131] INFO [weekendr.api] [google_places_service.py:68]: Found 0 places nearby coordinates (18.46, 73.875)
[2026-07-04 05:09:31,131] DEBUG [weekendr.api] [google_places_service.py:52]: Calling Google Places Nearby Search. LatLng: (18.46, 73.875), Radius: 1000, Type: confectionery
[2026-07-04 05:09:31,529] INFO [weekendr.api] [google_places_service.py:68]: Found 0 places nearby coordinates (18.46, 73.875)
[2026-07-04 05:09:31,530] DEBUG [weekendr.api] [google_places_service.py:52]: Calling Google Places Nearby Search. LatLng: (18.46, 73.875), Radius: 1000, Type: ice_cream_shop
[2026-07-04 05:09:31,932] INFO [weekendr.api] [google_places_service.py:68]: Found 0 places nearby coordinates (18.46, 73.875)
[2026-07-04 05:09:31,932] DEBUG [weekendr.api] [google_places_service.py:52]: Calling Google Places Nearby Search. LatLng: (18.46, 73.875), Radius: 1000, Type: restaurant
[2026-07-04 05:09:32,021] INFO [weekendr.api] [google_places_service.py:68]: Found 0 places nearby coordinates (18.46, 73.875)
[2026-07-04 05:09:32,021] DEBUG [weekendr.api] [google_places_service.py:52]: Calling Google Places Nearby Search. LatLng: (18.46, 73.875), Radius: 1000, Type: meal_takeaway
[2026-07-04 05:09:32,412] INFO [weekendr.api] [google_places_service.py:68]: Found 0 places nearby coordinates (18.46, 73.875)
[2026-07-04 05:09:32,412] DEBUG [weekendr.api] [google_places_service.py:52]: Calling Google Places Nearby Search. LatLng: (18.46, 73.875), Radius: 1000, Type: meal_delivery
[2026-07-04 05:09:32,815] INFO [weekendr.api] [google_places_service.py:68]: Found 0 places nearby coordinates (18.46, 73.875)
[2026-07-04 05:09:32,815] DEBUG [weekendr.api] [google_places_service.py:52]: Calling Google Places Nearby Search. LatLng: (18.46, 73.875), Radius: 1000, Type: bar
[2026-07-04 05:09:33,213] INFO [weekendr.api] [google_places_service.py:68]: Found 0 places nearby coordinates (18.46, 73.875)
[2026-07-04 05:09:33,213] DEBUG [weekendr.api] [google_places_service.py:52]: Calling Google Places Nearby Search. LatLng: (18.46, 73.875), Radius: 1000, Type: night_club
[2026-07-04 05:09:33,303] INFO [weekendr.api] [google_places_service.py:68]: Found 0 places nearby coordinates (18.46, 73.875)
[2026-07-04 05:09:33,303] DEBUG [weekendr.api] [google_places_service.py:52]: Calling Google Places Nearby Search. LatLng: (18.46, 73.875), Radius: 1000, Type: pub
[2026-07-04 05:09:33,702] INFO [weekendr.api] [google_places_service.py:68]: Found 0 places nearby coordinates (18.46, 73.875)
[2026-07-04 05:09:33,702] DEBUG [weekendr.api] [google_places_service.py:52]: Calling Google Places Nearby Search. LatLng: (18.46, 73.875), Radius: 1000, Type: amusement_park
[2026-07-04 05:09:34,094] INFO [weekendr.api] [google_places_service.py:68]: Found 0 places nearby coordinates (18.46, 73.875)
[2026-07-04 05:09:34,094] DEBUG [weekendr.api] [google_places_service.py:52]: Calling Google Places Nearby Search. LatLng: (18.46, 73.875), Radius: 1000, Type: bowling_alley
[2026-07-04 05:09:34,483] INFO [weekendr.api] [google_places_service.py:68]: Found 0 places nearby coordinates (18.46, 73.875)
[2026-07-04 05:09:34,484] DEBUG [weekendr.api] [google_places_service.py:52]: Calling Google Places Nearby Search. LatLng: (18.46, 73.875), Radius: 1000, Type: movie_theater
[2026-07-04 05:09:34,875] INFO [weekendr.api] [google_places_service.py:68]: Found 0 places nearby coordinates (18.46, 73.875)
[2026-07-04 05:09:34,875] DEBUG [weekendr.api] [google_places_service.py:52]: Calling Google Places Nearby Search. LatLng: (18.46, 73.875), Radius: 1000, Type: casino
[2026-07-04 05:09:35,266] INFO [weekendr.api] [google_places_service.py:68]: Found 0 places nearby coordinates (18.46, 73.875)
[2026-07-04 05:09:35,266] DEBUG [weekendr.api] [google_places_service.py:52]: Calling Google Places Nearby Search. LatLng: (18.46, 73.875), Radius: 1000, Type: tourist_attraction
[2026-07-04 05:09:35,677] INFO [weekendr.api] [google_places_service.py:68]: Found 0 places nearby coordinates (18.46, 73.875)
[2026-07-04 05:09:35,677] DEBUG [weekendr.api] [google_places_service.py:52]: Calling Google Places Nearby Search. LatLng: (18.46, 73.875), Radius: 1000, Type: museum
[2026-07-04 05:09:36,090] INFO [weekendr.api] [google_places_service.py:68]: Found 0 places nearby coordinates (18.46, 73.875)
[2026-07-04 05:09:36,091] DEBUG [weekendr.api] [google_places_service.py:52]: Calling Google Places Nearby Search. LatLng: (18.46, 73.875), Radius: 1000, Type: art_gallery
[2026-07-04 05:09:36,480] INFO [weekendr.api] [google_places_service.py:68]: Found 0 places nearby coordinates (18.46, 73.875)
[2026-07-04 05:09:36,480] DEBUG [weekendr.api] [google_places_service.py:52]: Calling Google Places Nearby Search. LatLng: (18.46, 73.875), Radius: 1000, Type: park
[2026-07-04 05:09:36,880] INFO [weekendr.api] [google_places_service.py:68]: Found 0 places nearby coordinates (18.46, 73.875)
[2026-07-04 05:09:36,881] DEBUG [weekendr.api] [google_places_service.py:52]: Calling Google Places Nearby Search. LatLng: (18.46, 73.875), Radius: 1000, Type: campground
[2026-07-04 05:09:37,292] INFO [weekendr.api] [google_places_service.py:68]: Found 0 places nearby coordinates (18.46, 73.875)
[2026-07-04 05:09:37,292] DEBUG [weekendr.api] [google_places_service.py:52]: Calling Google Places Nearby Search. LatLng: (18.46, 73.875), Radius: 1000, Type: zoo
[2026-07-04 05:09:37,382] INFO [weekendr.api] [google_places_service.py:68]: Found 0 places nearby coordinates (18.46, 73.875)
[2026-07-04 05:09:37,383] DEBUG [weekendr.api] [google_places_service.py:52]: Calling Google Places Nearby Search. LatLng: (18.46, 73.875), Radius: 1000, Type: aquarium
[2026-07-04 05:09:37,786] INFO [weekendr.api] [google_places_service.py:68]: Found 0 places nearby coordinates (18.46, 73.875)
[2026-07-04 05:09:37,786] DEBUG [weekendr.api] [google_places_service.py:52]: Calling Google Places Nearby Search. LatLng: (18.46, 73.875), Radius: 1000, Type: shopping_mall
[2026-07-04 05:09:38,198] INFO [weekendr.api] [google_places_service.py:68]: Found 0 places nearby coordinates (18.46, 73.875)
[2026-07-04 05:09:38,199] DEBUG [weekendr.api] [google_places_service.py:52]: Calling Google Places Nearby Search. LatLng: (18.46, 73.875), Radius: 1000, Type: clothing_store
[2026-07-04 05:09:38,598] INFO [weekendr.api] [google_places_service.py:68]: Found 0 places nearby coordinates (18.46, 73.875)
[2026-07-04 05:09:38,598] DEBUG [weekendr.api] [google_places_service.py:52]: Calling Google Places Nearby Search. LatLng: (18.46, 73.875), Radius: 1000, Type: book_store
[2026-07-04 05:09:39,006] INFO [weekendr.api] [google_places_service.py:68]: Found 0 places nearby coordinates (18.46, 73.875)
[2026-07-04 05:09:39,006] DEBUG [weekendr.api] [google_places_service.py:52]: Calling Google Places Nearby Search. LatLng: (18.46, 73.875), Radius: 1000, Type: department_store
[2026-07-04 05:09:39,410] INFO [weekendr.api] [google_places_service.py:68]: Found 0 places nearby coordinates (18.46, 73.875)
[2026-07-04 05:09:39,410] DEBUG [weekendr.api] [google_places_service.py:52]: Calling Google Places Nearby Search. LatLng: (18.46, 73.875), Radius: 1000, Type: shoe_store
[2026-07-04 05:09:39,503] INFO [weekendr.api] [google_places_service.py:68]: Found 0 places nearby coordinates (18.46, 73.875)
[2026-07-04 05:09:39,504] DEBUG [weekendr.api] [google_places_service.py:52]: Calling Google Places Nearby Search. LatLng: (18.46, 73.89), Radius: 1000, Type: cafe
[2026-07-04 05:09:39,898] INFO [weekendr.api] [google_places_service.py:68]: Found 0 places nearby coordinates (18.46, 73.89)
[2026-07-04 05:09:39,898] DEBUG [weekendr.api] [google_places_service.py:52]: Calling Google Places Nearby Search. LatLng: (18.46, 73.89), Radius: 1000, Type: coffee_shop
[2026-07-04 05:09:40,016] INFO [weekendr.api] [google_places_service.py:68]: Found 0 places nearby coordinates (18.46, 73.89)
[2026-07-04 05:09:40,017] DEBUG [weekendr.api] [google_places_service.py:52]: Calling Google Places Nearby Search. LatLng: (18.46, 73.89), Radius: 1000, Type: bakery
[2026-07-04 05:09:40,473] INFO [weekendr.api] [google_places_service.py:68]: Found 0 places nearby coordinates (18.46, 73.89)
[2026-07-04 05:09:40,474] DEBUG [weekendr.api] [google_places_service.py:52]: Calling Google Places Nearby Search. LatLng: (18.46, 73.89), Radius: 1000, Type: confectionery
[2026-07-04 05:09:40,866] INFO [weekendr.api] [google_places_service.py:68]: Found 0 places nearby coordinates (18.46, 73.89)
[2026-07-04 05:09:40,867] DEBUG [weekendr.api] [google_places_service.py:52]: Calling Google Places Nearby Search. LatLng: (18.46, 73.89), Radius: 1000, Type: ice_cream_shop
[2026-07-04 05:09:41,269] INFO [weekendr.api] [google_places_service.py:68]: Found 0 places nearby coordinates (18.46, 73.89)
[2026-07-04 05:09:41,269] DEBUG [weekendr.api] [google_places_service.py:52]: Calling Google Places Nearby Search. LatLng: (18.46, 73.89), Radius: 1000, Type: restaurant
[2026-07-04 05:09:41,653] INFO [weekendr.api] [google_places_service.py:68]: Found 0 places nearby coordinates (18.46, 73.89)
[2026-07-04 05:09:41,653] DEBUG [weekendr.api] [google_places_service.py:52]: Calling Google Places Nearby Search. LatLng: (18.46, 73.89), Radius: 1000, Type: meal_takeaway
[2026-07-04 05:09:42,039] INFO [weekendr.api] [google_places_service.py:68]: Found 0 places nearby coordinates (18.46, 73.89)
[2026-07-04 05:09:42,039] DEBUG [weekendr.api] [google_places_service.py:52]: Calling Google Places Nearby Search. LatLng: (18.46, 73.89), Radius: 1000, Type: meal_delivery
[2026-07-04 05:09:42,140] INFO [weekendr.api] [google_places_service.py:68]: Found 0 places nearby coordinates (18.46, 73.89)
[2026-07-04 05:09:42,140] DEBUG [weekendr.api] [google_places_service.py:52]: Calling Google Places Nearby Search. LatLng: (18.46, 73.89), Radius: 1000, Type: bar
[2026-07-04 05:09:42,529] INFO [weekendr.api] [google_places_service.py:68]: Found 0 places nearby coordinates (18.46, 73.89)
[2026-07-04 05:09:42,529] DEBUG [weekendr.api] [google_places_service.py:52]: Calling Google Places Nearby Search. LatLng: (18.46, 73.89), Radius: 1000, Type: night_club
[2026-07-04 05:09:42,925] INFO [weekendr.api] [google_places_service.py:68]: Found 0 places nearby coordinates (18.46, 73.89)
[2026-07-04 05:09:42,925] DEBUG [weekendr.api] [google_places_service.py:52]: Calling Google Places Nearby Search. LatLng: (18.46, 73.89), Radius: 1000, Type: pub
[2026-07-04 05:09:43,332] INFO [weekendr.api] [google_places_service.py:68]: Found 0 places nearby coordinates (18.46, 73.89)
[2026-07-04 05:09:43,332] DEBUG [weekendr.api] [google_places_service.py:52]: Calling Google Places Nearby Search. LatLng: (18.46, 73.89), Radius: 1000, Type: amusement_park
[2026-07-04 05:09:43,734] INFO [weekendr.api] [google_places_service.py:68]: Found 0 places nearby coordinates (18.46, 73.89)
[2026-07-04 05:09:43,734] DEBUG [weekendr.api] [google_places_service.py:52]: Calling Google Places Nearby Search. LatLng: (18.46, 73.89), Radius: 1000, Type: bowling_alley
[2026-07-04 05:09:44,133] INFO [weekendr.api] [google_places_service.py:68]: Found 0 places nearby coordinates (18.46, 73.89)
[2026-07-04 05:09:44,133] DEBUG [weekendr.api] [google_places_service.py:52]: Calling Google Places Nearby Search. LatLng: (18.46, 73.89), Radius: 1000, Type: movie_theater
[2026-07-04 05:09:44,524] INFO [weekendr.api] [google_places_service.py:68]: Found 0 places nearby coordinates (18.46, 73.89)
[2026-07-04 05:09:44,524] DEBUG [weekendr.api] [google_places_service.py:52]: Calling Google Places Nearby Search. LatLng: (18.46, 73.89), Radius: 1000, Type: casino
[2026-07-04 05:09:44,915] INFO [weekendr.api] [google_places_service.py:68]: Found 0 places nearby coordinates (18.46, 73.89)
[2026-07-04 05:09:44,915] DEBUG [weekendr.api] [google_places_service.py:52]: Calling Google Places Nearby Search. LatLng: (18.46, 73.89), Radius: 1000, Type: tourist_attraction
[2026-07-04 05:09:45,308] INFO [weekendr.api] [google_places_service.py:68]: Found 0 places nearby coordinates (18.46, 73.89)
[2026-07-04 05:09:45,309] DEBUG [weekendr.api] [google_places_service.py:52]: Calling Google Places Nearby Search. LatLng: (18.46, 73.89), Radius: 1000, Type: museum
[2026-07-04 05:09:45,701] INFO [weekendr.api] [google_places_service.py:68]: Found 0 places nearby coordinates (18.46, 73.89)
[2026-07-04 05:09:45,702] DEBUG [weekendr.api] [google_places_service.py:52]: Calling Google Places Nearby Search. LatLng: (18.46, 73.89), Radius: 1000, Type: art_gallery
[2026-07-04 05:09:46,100] INFO [weekendr.api] [google_places_service.py:68]: Found 0 places nearby coordinates (18.46, 73.89)
[2026-07-04 05:09:46,100] DEBUG [weekendr.api] [google_places_service.py:52]: Calling Google Places Nearby Search. LatLng: (18.46, 73.89), Radius: 1000, Type: park
[2026-07-04 05:09:46,494] INFO [weekendr.api] [google_places_service.py:68]: Found 0 places nearby coordinates (18.46, 73.89)
[2026-07-04 05:09:46,494] DEBUG [weekendr.api] [google_places_service.py:52]: Calling Google Places Nearby Search. LatLng: (18.46, 73.89), Radius: 1000, Type: campground
[2026-07-04 05:09:46,896] INFO [weekendr.api] [google_places_service.py:68]: Found 0 places nearby coordinates (18.46, 73.89)
[2026-07-04 05:09:46,896] DEBUG [weekendr.api] [google_places_service.py:52]: Calling Google Places Nearby Search. LatLng: (18.46, 73.89), Radius: 1000, Type: zoo
[2026-07-04 05:09:47,308] INFO [weekendr.api] [google_places_service.py:68]: Found 0 places nearby coordinates (18.46, 73.89)
[2026-07-04 05:09:47,308] DEBUG [weekendr.api] [google_places_service.py:52]: Calling Google Places Nearby Search. LatLng: (18.46, 73.89), Radius: 1000, Type: aquarium
[2026-07-04 05:09:47,711] INFO [weekendr.api] [google_places_service.py:68]: Found 0 places nearby coordinates (18.46, 73.89)
[2026-07-04 05:09:47,711] DEBUG [weekendr.api] [google_places_service.py:52]: Calling Google Places Nearby Search. LatLng: (18.46, 73.89), Radius: 1000, Type: shopping_mall
[2026-07-04 05:09:48,100] INFO [weekendr.api] [google_places_service.py:68]: Found 0 places nearby coordinates (18.46, 73.89)
[2026-07-04 05:09:48,100] DEBUG [weekendr.api] [google_places_service.py:52]: Calling Google Places Nearby Search. LatLng: (18.46, 73.89), Radius: 1000, Type: clothing_store
[2026-07-04 05:09:48,521] INFO [weekendr.api] [google_places_service.py:68]: Found 0 places nearby coordinates (18.46, 73.89)
[2026-07-04 05:09:48,521] DEBUG [weekendr.api] [google_places_service.py:52]: Calling Google Places Nearby Search. LatLng: (18.46, 73.89), Radius: 1000, Type: book_store
[2026-07-04 05:09:48,925] INFO [weekendr.api] [google_places_service.py:68]: Found 0 places nearby coordinates (18.46, 73.89)
[2026-07-04 05:09:48,925] DEBUG [weekendr.api] [google_places_service.py:52]: Calling Google Places Nearby Search. LatLng: (18.46, 73.89), Radius: 1000, Type: department_store
[2026-07-04 05:09:49,315] INFO [weekendr.api] [google_places_service.py:68]: Found 0 places nearby coordinates (18.46, 73.89)
[2026-07-04 05:09:49,316] DEBUG [weekendr.api] [google_places_service.py:52]: Calling Google Places Nearby Search. LatLng: (18.46, 73.89), Radius: 1000, Type: shoe_store
[2026-07-04 05:09:49,711] INFO [weekendr.api] [google_places_service.py:68]: Found 0 places nearby coordinates (18.46, 73.89)
[2026-07-04 05:09:49,711] DEBUG [weekendr.api] [google_places_service.py:52]: Calling Google Places Nearby Search. LatLng: (18.46, 73.905), Radius: 1000, Type: cafe
[2026-07-04 05:09:50,102] INFO [weekendr.api] [google_places_service.py:68]: Found 0 places nearby coordinates (18.46, 73.905)
[2026-07-04 05:09:50,102] DEBUG [weekendr.api] [google_places_service.py:52]: Calling Google Places Nearby Search. LatLng: (18.46, 73.905), Radius: 1000, Type: coffee_shop
[2026-07-04 05:09:50,503] INFO [weekendr.api] [google_places_service.py:68]: Found 0 places nearby coordinates (18.46, 73.905)
[2026-07-04 05:09:50,503] DEBUG [weekendr.api] [google_places_service.py:52]: Calling Google Places Nearby Search. LatLng: (18.46, 73.905), Radius: 1000, Type: bakery
[2026-07-04 05:09:50,915] INFO [weekendr.api] [google_places_service.py:68]: Found 0 places nearby coordinates (18.46, 73.905)
[2026-07-04 05:09:50,915] DEBUG [weekendr.api] [google_places_service.py:52]: Calling Google Places Nearby Search. LatLng: (18.46, 73.905), Radius: 1000, Type: confectionery
[2026-07-04 05:09:51,322] INFO [weekendr.api] [google_places_service.py:68]: Found 0 places nearby coordinates (18.46, 73.905)
[2026-07-04 05:09:51,322] DEBUG [weekendr.api] [google_places_service.py:52]: Calling Google Places Nearby Search. LatLng: (18.46, 73.905), Radius: 1000, Type: ice_cream_shop
[2026-07-04 05:09:51,709] INFO [weekendr.api] [google_places_service.py:68]: Found 0 places nearby coordinates (18.46, 73.905)
[2026-07-04 05:09:51,710] DEBUG [weekendr.api] [google_places_service.py:52]: Calling Google Places Nearby Search. LatLng: (18.46, 73.905), Radius: 1000, Type: restaurant
[2026-07-04 05:09:52,108] INFO [weekendr.api] [google_places_service.py:68]: Found 0 places nearby coordinates (18.46, 73.905)
[2026-07-04 05:09:52,108] DEBUG [weekendr.api] [google_places_service.py:52]: Calling Google Places Nearby Search. LatLng: (18.46, 73.905), Radius: 1000, Type: meal_takeaway
[2026-07-04 05:09:52,540] INFO [weekendr.api] [google_places_service.py:68]: Found 0 places nearby coordinates (18.46, 73.905)
[2026-07-04 05:09:52,540] DEBUG [weekendr.api] [google_places_service.py:52]: Calling Google Places Nearby Search. LatLng: (18.46, 73.905), Radius: 1000, Type: meal_delivery
[2026-07-04 05:09:52,945] INFO [weekendr.api] [google_places_service.py:68]: Found 0 places nearby coordinates (18.46, 73.905)
[2026-07-04 05:09:52,945] DEBUG [weekendr.api] [google_places_service.py:52]: Calling Google Places Nearby Search. LatLng: (18.46, 73.905), Radius: 1000, Type: bar
[2026-07-04 05:09:53,342] INFO [weekendr.api] [google_places_service.py:68]: Found 0 places nearby coordinates (18.46, 73.905)
[2026-07-04 05:09:53,342] DEBUG [weekendr.api] [google_places_service.py:52]: Calling Google Places Nearby Search. LatLng: (18.46, 73.905), Radius: 1000, Type: night_club
[2026-07-04 05:09:53,739] INFO [weekendr.api] [google_places_service.py:68]: Found 0 places nearby coordinates (18.46, 73.905)
[2026-07-04 05:09:53,739] DEBUG [weekendr.api] [google_places_service.py:52]: Calling Google Places Nearby Search. LatLng: (18.46, 73.905), Radius: 1000, Type: pub
[2026-07-04 05:09:54,151] INFO [weekendr.api] [google_places_service.py:68]: Found 0 places nearby coordinates (18.46, 73.905)
[2026-07-04 05:09:54,151] DEBUG [weekendr.api] [google_places_service.py:52]: Calling Google Places Nearby Search. LatLng: (18.46, 73.905), Radius: 1000, Type: amusement_park
[2026-07-04 05:09:54,544] INFO [weekendr.api] [google_places_service.py:68]: Found 0 places nearby coordinates (18.46, 73.905)
[2026-07-04 05:09:54,545] DEBUG [weekendr.api] [google_places_service.py:52]: Calling Google Places Nearby Search. LatLng: (18.46, 73.905), Radius: 1000, Type: bowling_alley
[2026-07-04 05:09:54,953] INFO [weekendr.api] [google_places_service.py:68]: Found 0 places nearby coordinates (18.46, 73.905)
[2026-07-04 05:09:54,953] DEBUG [weekendr.api] [google_places_service.py:52]: Calling Google Places Nearby Search. LatLng: (18.46, 73.905), Radius: 1000, Type: movie_theater
[2026-07-04 05:09:55,368] INFO [weekendr.api] [google_places_service.py:68]: Found 0 places nearby coordinates (18.46, 73.905)
[2026-07-04 05:09:55,368] DEBUG [weekendr.api] [google_places_service.py:52]: Calling Google Places Nearby Search. LatLng: (18.46, 73.905), Radius: 1000, Type: casino
[2026-07-04 05:09:55,761] INFO [weekendr.api] [google_places_service.py:68]: Found 0 places nearby coordinates (18.46, 73.905)
[2026-07-04 05:09:55,762] DEBUG [weekendr.api] [google_places_service.py:52]: Calling Google Places Nearby Search. LatLng: (18.46, 73.905), Radius: 1000, Type: tourist_attraction
[2026-07-04 05:09:56,166] INFO [weekendr.api] [google_places_service.py:68]: Found 0 places nearby coordinates (18.46, 73.905)
[2026-07-04 05:09:56,166] DEBUG [weekendr.api] [google_places_service.py:52]: Calling Google Places Nearby Search. LatLng: (18.46, 73.905), Radius: 1000, Type: museum
[2026-07-04 05:09:56,256] INFO [weekendr.api] [google_places_service.py:68]: Found 0 places nearby coordinates (18.46, 73.905)
[2026-07-04 05:09:56,257] DEBUG [weekendr.api] [google_places_service.py:52]: Calling Google Places Nearby Search. LatLng: (18.46, 73.905), Radius: 1000, Type: art_gallery
[2026-07-04 05:09:56,356] INFO [weekendr.api] [google_places_service.py:68]: Found 0 places nearby coordinates (18.46, 73.905)
[2026-07-04 05:09:56,356] DEBUG [weekendr.api] [google_places_service.py:52]: Calling Google Places Nearby Search. LatLng: (18.46, 73.905), Radius: 1000, Type: park
[2026-07-04 05:09:56,762] INFO [weekendr.api] [google_places_service.py:68]: Found 0 places nearby coordinates (18.46, 73.905)
[2026-07-04 05:09:56,762] DEBUG [weekendr.api] [google_places_service.py:52]: Calling Google Places Nearby Search. LatLng: (18.46, 73.905), Radius: 1000, Type: campground
[2026-07-04 05:09:57,163] INFO [weekendr.api] [google_places_service.py:68]: Found 0 places nearby coordinates (18.46, 73.905)
[2026-07-04 05:09:57,163] DEBUG [weekendr.api] [google_places_service.py:52]: Calling Google Places Nearby Search. LatLng: (18.46, 73.905), Radius: 1000, Type: zoo
[2026-07-04 05:09:57,553] INFO [weekendr.api] [google_places_service.py:68]: Found 0 places nearby coordinates (18.46, 73.905)
[2026-07-04 05:09:57,554] DEBUG [weekendr.api] [google_places_service.py:52]: Calling Google Places Nearby Search. LatLng: (18.46, 73.905), Radius: 1000, Type: aquarium
[2026-07-04 05:09:57,715] INFO [weekendr.api] [google_places_service.py:68]: Found 0 places nearby coordinates (18.46, 73.905)
[2026-07-04 05:09:57,715] DEBUG [weekendr.api] [google_places_service.py:52]: Calling Google Places Nearby Search. LatLng: (18.46, 73.905), Radius: 1000, Type: shopping_mall
[2026-07-04 05:09:57,811] INFO [weekendr.api] [google_places_service.py:68]: Found 0 places nearby coordinates (18.46, 73.905)
[2026-07-04 05:09:57,811] DEBUG [weekendr.api] [google_places_service.py:52]: Calling Google Places Nearby Search. LatLng: (18.46, 73.905), Radius: 1000, Type: clothing_store
[2026-07-04 05:09:58,208] INFO [weekendr.api] [google_places_service.py:68]: Found 0 places nearby coordinates (18.46, 73.905)
[2026-07-04 05:09:58,208] DEBUG [weekendr.api] [google_places_service.py:52]: Calling Google Places Nearby Search. LatLng: (18.46, 73.905), Radius: 1000, Type: book_store
[2026-07-04 05:09:58,597] INFO [weekendr.api] [google_places_service.py:68]: Found 0 places nearby coordinates (18.46, 73.905)
[2026-07-04 05:09:58,597] DEBUG [weekendr.api] [google_places_service.py:52]: Calling Google Places Nearby Search. LatLng: (18.46, 73.905), Radius: 1000, Type: department_store
[2026-07-04 05:09:58,692] INFO [weekendr.api] [google_places_service.py:68]: Found 0 places nearby coordinates (18.46, 73.905)
[2026-07-04 05:09:58,692] DEBUG [weekendr.api] [google_places_service.py:52]: Calling Google Places Nearby Search. LatLng: (18.46, 73.905), Radius: 1000, Type: shoe_store
[2026-07-04 05:09:58,782] INFO [weekendr.api] [google_places_service.py:68]: Found 0 places nearby coordinates (18.46, 73.905)
[2026-07-04 05:09:58,782] DEBUG [weekendr.api] [google_places_service.py:52]: Calling Google Places Nearby Search. LatLng: (18.46, 73.92), Radius: 1000, Type: cafe
[2026-07-04 05:09:59,190] INFO [weekendr.api] [google_places_service.py:68]: Found 0 places nearby coordinates (18.46, 73.92)
[2026-07-04 05:09:59,191] DEBUG [weekendr.api] [google_places_service.py:52]: Calling Google Places Nearby Search. LatLng: (18.46, 73.92), Radius: 1000, Type: coffee_shop
[2026-07-04 05:09:59,293] INFO [weekendr.api] [google_places_service.py:68]: Found 0 places nearby coordinates (18.46, 73.92)
[2026-07-04 05:09:59,293] DEBUG [weekendr.api] [google_places_service.py:52]: Calling Google Places Nearby Search. LatLng: (18.46, 73.92), Radius: 1000, Type: bakery
[2026-07-04 05:09:59,688] INFO [weekendr.api] [google_places_service.py:68]: Found 0 places nearby coordinates (18.46, 73.92)
[2026-07-04 05:09:59,689] DEBUG [weekendr.api] [google_places_service.py:52]: Calling Google Places Nearby Search. LatLng: (18.46, 73.92), Radius: 1000, Type: confectionery
[2026-07-04 05:10:00,109] INFO [weekendr.api] [google_places_service.py:68]: Found 0 places nearby coordinates (18.46, 73.92)
[2026-07-04 05:10:00,109] DEBUG [weekendr.api] [google_places_service.py:52]: Calling Google Places Nearby Search. LatLng: (18.46, 73.92), Radius: 1000, Type: ice_cream_shop
[2026-07-04 05:10:00,521] INFO [weekendr.api] [google_places_service.py:68]: Found 0 places nearby coordinates (18.46, 73.92)
[2026-07-04 05:10:00,522] DEBUG [weekendr.api] [google_places_service.py:52]: Calling Google Places Nearby Search. LatLng: (18.46, 73.92), Radius: 1000, Type: restaurant
[2026-07-04 05:10:00,920] INFO [weekendr.api] [google_places_service.py:68]: Found 0 places nearby coordinates (18.46, 73.92)
[2026-07-04 05:10:00,921] DEBUG [weekendr.api] [google_places_service.py:52]: Calling Google Places Nearby Search. LatLng: (18.46, 73.92), Radius: 1000, Type: meal_takeaway
[2026-07-04 05:10:01,319] INFO [weekendr.api] [google_places_service.py:68]: Found 0 places nearby coordinates (18.46, 73.92)
[2026-07-04 05:10:01,320] DEBUG [weekendr.api] [google_places_service.py:52]: Calling Google Places Nearby Search. LatLng: (18.46, 73.92), Radius: 1000, Type: meal_delivery
[2026-07-04 05:10:01,717] INFO [weekendr.api] [google_places_service.py:68]: Found 0 places nearby coordinates (18.46, 73.92)
[2026-07-04 05:10:01,717] DEBUG [weekendr.api] [google_places_service.py:52]: Calling Google Places Nearby Search. LatLng: (18.46, 73.92), Radius: 1000, Type: bar
[2026-07-04 05:10:02,120] INFO [weekendr.api] [google_places_service.py:68]: Found 0 places nearby coordinates (18.46, 73.92)
[2026-07-04 05:10:02,120] DEBUG [weekendr.api] [google_places_service.py:52]: Calling Google Places Nearby Search. LatLng: (18.46, 73.92), Radius: 1000, Type: night_club
[2026-07-04 05:10:02,217] INFO [weekendr.api] [google_places_service.py:68]: Found 0 places nearby coordinates (18.46, 73.92)
[2026-07-04 05:10:02,217] DEBUG [weekendr.api] [google_places_service.py:52]: Calling Google Places Nearby Search. LatLng: (18.46, 73.92), Radius: 1000, Type: pub
[2026-07-04 05:10:02,608] INFO [weekendr.api] [google_places_service.py:68]: Found 0 places nearby coordinates (18.46, 73.92)
[2026-07-04 05:10:02,608] DEBUG [weekendr.api] [google_places_service.py:52]: Calling Google Places Nearby Search. LatLng: (18.46, 73.92), Radius: 1000, Type: amusement_park
[2026-07-04 05:10:03,018] INFO [weekendr.api] [google_places_service.py:68]: Found 0 places nearby coordinates (18.46, 73.92)
[2026-07-04 05:10:03,018] DEBUG [weekendr.api] [google_places_service.py:52]: Calling Google Places Nearby Search. LatLng: (18.46, 73.92), Radius: 1000, Type: bowling_alley
[2026-07-04 05:10:03,419] INFO [weekendr.api] [google_places_service.py:68]: Found 0 places nearby coordinates (18.46, 73.92)
[2026-07-04 05:10:03,419] DEBUG [weekendr.api] [google_places_service.py:52]: Calling Google Places Nearby Search. LatLng: (18.46, 73.92), Radius: 1000, Type: movie_theater
[2026-07-04 05:10:03,812] INFO [weekendr.api] [google_places_service.py:68]: Found 0 places nearby coordinates (18.46, 73.92)
[2026-07-04 05:10:03,812] DEBUG [weekendr.api] [google_places_service.py:52]: Calling Google Places Nearby Search. LatLng: (18.46, 73.92), Radius: 1000, Type: casino
[2026-07-04 05:10:04,203] INFO [weekendr.api] [google_places_service.py:68]: Found 0 places nearby coordinates (18.46, 73.92)
[2026-07-04 05:10:04,203] DEBUG [weekendr.api] [google_places_service.py:52]: Calling Google Places Nearby Search. LatLng: (18.46, 73.92), Radius: 1000, Type: tourist_attraction
[2026-07-04 05:10:04,308] INFO [weekendr.api] [google_places_service.py:68]: Found 0 places nearby coordinates (18.46, 73.92)
[2026-07-04 05:10:04,308] DEBUG [weekendr.api] [google_places_service.py:52]: Calling Google Places Nearby Search. LatLng: (18.46, 73.92), Radius: 1000, Type: museum
[2026-07-04 05:10:04,707] INFO [weekendr.api] [google_places_service.py:68]: Found 0 places nearby coordinates (18.46, 73.92)
[2026-07-04 05:10:04,707] DEBUG [weekendr.api] [google_places_service.py:52]: Calling Google Places Nearby Search. LatLng: (18.46, 73.92), Radius: 1000, Type: art_gallery
[2026-07-04 05:10:05,120] INFO [weekendr.api] [google_places_service.py:68]: Found 0 places nearby coordinates (18.46, 73.92)
[2026-07-04 05:10:05,120] DEBUG [weekendr.api] [google_places_service.py:52]: Calling Google Places Nearby Search. LatLng: (18.46, 73.92), Radius: 1000, Type: park
[2026-07-04 05:10:05,518] INFO [weekendr.api] [google_places_service.py:68]: Found 0 places nearby coordinates (18.46, 73.92)
[2026-07-04 05:10:05,519] DEBUG [weekendr.api] [google_places_service.py:52]: Calling Google Places Nearby Search. LatLng: (18.46, 73.92), Radius: 1000, Type: campground
[2026-07-04 05:10:05,946] INFO [weekendr.api] [google_places_service.py:68]: Found 0 places nearby coordinates (18.46, 73.92)
[2026-07-04 05:10:05,946] DEBUG [weekendr.api] [google_places_service.py:52]: Calling Google Places Nearby Search. LatLng: (18.46, 73.92), Radius: 1000, Type: zoo
[2026-07-04 05:10:06,360] INFO [weekendr.api] [google_places_service.py:68]: Found 0 places nearby coordinates (18.46, 73.92)
[2026-07-04 05:10:06,360] DEBUG [weekendr.api] [google_places_service.py:52]: Calling Google Places Nearby Search. LatLng: (18.46, 73.92), Radius: 1000, Type: aquarium
[2026-07-04 05:10:06,752] INFO [weekendr.api] [google_places_service.py:68]: Found 0 places nearby coordinates (18.46, 73.92)
[2026-07-04 05:10:06,752] DEBUG [weekendr.api] [google_places_service.py:52]: Calling Google Places Nearby Search. LatLng: (18.46, 73.92), Radius: 1000, Type: shopping_mall
[2026-07-04 05:10:07,143] INFO [weekendr.api] [google_places_service.py:68]: Found 0 places nearby coordinates (18.46, 73.92)
[2026-07-04 05:10:07,144] DEBUG [weekendr.api] [google_places_service.py:52]: Calling Google Places Nearby Search. LatLng: (18.46, 73.92), Radius: 1000, Type: clothing_store
[2026-07-04 05:10:07,293] INFO [weekendr.api] [google_places_service.py:68]: Found 0 places nearby coordinates (18.46, 73.92)
[2026-07-04 05:10:07,293] DEBUG [weekendr.api] [google_places_service.py:52]: Calling Google Places Nearby Search. LatLng: (18.46, 73.92), Radius: 1000, Type: book_store
[2026-07-04 05:10:07,701] INFO [weekendr.api] [google_places_service.py:68]: Found 0 places nearby coordinates (18.46, 73.92)
[2026-07-04 05:10:07,701] DEBUG [weekendr.api] [google_places_service.py:52]: Calling Google Places Nearby Search. LatLng: (18.46, 73.92), Radius: 1000, Type: department_store
[2026-07-04 05:10:07,856] INFO [weekendr.api] [google_places_service.py:68]: Found 0 places nearby coordinates (18.46, 73.92)
[2026-07-04 05:10:07,856] DEBUG [weekendr.api] [google_places_service.py:52]: Calling Google Places Nearby Search. LatLng: (18.46, 73.92), Radius: 1000, Type: shoe_store
[2026-07-04 05:10:08,243] INFO [weekendr.api] [google_places_service.py:68]: Found 0 places nearby coordinates (18.46, 73.92)
[2026-07-04 05:10:08,243] DEBUG [weekendr.api] [google_places_service.py:52]: Calling Google Places Nearby Search. LatLng: (18.46, 73.935), Radius: 1000, Type: cafe
[2026-07-04 05:10:08,631] INFO [weekendr.api] [google_places_service.py:68]: Found 0 places nearby coordinates (18.46, 73.935)
[2026-07-04 05:10:08,632] DEBUG [weekendr.api] [google_places_service.py:52]: Calling Google Places Nearby Search. LatLng: (18.46, 73.935), Radius: 1000, Type: coffee_shop
[2026-07-04 05:10:09,026] INFO [weekendr.api] [google_places_service.py:68]: Found 0 places nearby coordinates (18.46, 73.935)
[2026-07-04 05:10:09,026] DEBUG [weekendr.api] [google_places_service.py:52]: Calling Google Places Nearby Search. LatLng: (18.46, 73.935), Radius: 1000, Type: bakery
[2026-07-04 05:10:09,427] INFO [weekendr.api] [google_places_service.py:68]: Found 0 places nearby coordinates (18.46, 73.935)
[2026-07-04 05:10:09,427] DEBUG [weekendr.api] [google_places_service.py:52]: Calling Google Places Nearby Search. LatLng: (18.46, 73.935), Radius: 1000, Type: confectionery
[2026-07-04 05:10:09,821] INFO [weekendr.api] [google_places_service.py:68]: Found 0 places nearby coordinates (18.46, 73.935)
[2026-07-04 05:10:09,822] DEBUG [weekendr.api] [google_places_service.py:52]: Calling Google Places Nearby Search. LatLng: (18.46, 73.935), Radius: 1000, Type: ice_cream_shop
[2026-07-04 05:10:10,213] INFO [weekendr.api] [google_places_service.py:68]: Found 0 places nearby coordinates (18.46, 73.935)
[2026-07-04 05:10:10,213] DEBUG [weekendr.api] [google_places_service.py:52]: Calling Google Places Nearby Search. LatLng: (18.46, 73.935), Radius: 1000, Type: restaurant
[2026-07-04 05:10:10,624] INFO [weekendr.api] [google_places_service.py:68]: Found 0 places nearby coordinates (18.46, 73.935)
[2026-07-04 05:10:10,624] DEBUG [weekendr.api] [google_places_service.py:52]: Calling Google Places Nearby Search. LatLng: (18.46, 73.935), Radius: 1000, Type: meal_takeaway
[2026-07-04 05:10:11,020] INFO [weekendr.api] [google_places_service.py:68]: Found 0 places nearby coordinates (18.46, 73.935)
[2026-07-04 05:10:11,021] DEBUG [weekendr.api] [google_places_service.py:52]: Calling Google Places Nearby Search. LatLng: (18.46, 73.935), Radius: 1000, Type: meal_delivery
[2026-07-04 05:10:11,122] INFO [weekendr.api] [google_places_service.py:68]: Found 0 places nearby coordinates (18.46, 73.935)
[2026-07-04 05:10:11,122] DEBUG [weekendr.api] [google_places_service.py:52]: Calling Google Places Nearby Search. LatLng: (18.46, 73.935), Radius: 1000, Type: bar
[2026-07-04 05:10:11,537] INFO [weekendr.api] [google_places_service.py:68]: Found 0 places nearby coordinates (18.46, 73.935)
[2026-07-04 05:10:11,537] DEBUG [weekendr.api] [google_places_service.py:52]: Calling Google Places Nearby Search. LatLng: (18.46, 73.935), Radius: 1000, Type: night_club
[2026-07-04 05:10:12,161] INFO [weekendr.api] [google_places_service.py:68]: Found 0 places nearby coordinates (18.46, 73.935)
[2026-07-04 05:10:12,161] DEBUG [weekendr.api] [google_places_service.py:52]: Calling Google Places Nearby Search. LatLng: (18.46, 73.935), Radius: 1000, Type: pub
[2026-07-04 05:10:12,282] INFO [weekendr.api] [google_places_service.py:68]: Found 0 places nearby coordinates (18.46, 73.935)
[2026-07-04 05:10:12,282] DEBUG [weekendr.api] [google_places_service.py:52]: Calling Google Places Nearby Search. LatLng: (18.46, 73.935), Radius: 1000, Type: amusement_park
[2026-07-04 05:10:12,703] INFO [weekendr.api] [google_places_service.py:68]: Found 0 places nearby coordinates (18.46, 73.935)
[2026-07-04 05:10:12,703] DEBUG [weekendr.api] [google_places_service.py:52]: Calling Google Places Nearby Search. LatLng: (18.46, 73.935), Radius: 1000, Type: bowling_alley
[2026-07-04 05:10:13,097] INFO [weekendr.api] [google_places_service.py:68]: Found 0 places nearby coordinates (18.46, 73.935)
[2026-07-04 05:10:13,098] DEBUG [weekendr.api] [google_places_service.py:52]: Calling Google Places Nearby Search. LatLng: (18.46, 73.935), Radius: 1000, Type: movie_theater
[2026-07-04 05:10:13,491] INFO [weekendr.api] [google_places_service.py:68]: Found 0 places nearby coordinates (18.46, 73.935)
[2026-07-04 05:10:13,492] DEBUG [weekendr.api] [google_places_service.py:52]: Calling Google Places Nearby Search. LatLng: (18.46, 73.935), Radius: 1000, Type: casino
[2026-07-04 05:10:13,877] INFO [weekendr.api] [google_places_service.py:68]: Found 0 places nearby coordinates (18.46, 73.935)
[2026-07-04 05:10:13,877] DEBUG [weekendr.api] [google_places_service.py:52]: Calling Google Places Nearby Search. LatLng: (18.46, 73.935), Radius: 1000, Type: tourist_attraction
[2026-07-04 05:10:14,260] INFO [weekendr.api] [google_places_service.py:68]: Found 0 places nearby coordinates (18.46, 73.935)
[2026-07-04 05:10:14,260] DEBUG [weekendr.api] [google_places_service.py:52]: Calling Google Places Nearby Search. LatLng: (18.46, 73.935), Radius: 1000, Type: museum
[2026-07-04 05:10:14,661] INFO [weekendr.api] [google_places_service.py:68]: Found 0 places nearby coordinates (18.46, 73.935)
[2026-07-04 05:10:14,661] DEBUG [weekendr.api] [google_places_service.py:52]: Calling Google Places Nearby Search. LatLng: (18.46, 73.935), Radius: 1000, Type: art_gallery
[2026-07-04 05:10:15,050] INFO [weekendr.api] [google_places_service.py:68]: Found 0 places nearby coordinates (18.46, 73.935)
[2026-07-04 05:10:15,050] DEBUG [weekendr.api] [google_places_service.py:52]: Calling Google Places Nearby Search. LatLng: (18.46, 73.935), Radius: 1000, Type: park
[2026-07-04 05:10:15,454] INFO [weekendr.api] [google_places_service.py:68]: Found 0 places nearby coordinates (18.46, 73.935)
[2026-07-04 05:10:15,454] DEBUG [weekendr.api] [google_places_service.py:52]: Calling Google Places Nearby Search. LatLng: (18.46, 73.935), Radius: 1000, Type: campground
[2026-07-04 05:10:15,540] INFO [weekendr.api] [google_places_service.py:68]: Found 0 places nearby coordinates (18.46, 73.935)
[2026-07-04 05:10:15,540] DEBUG [weekendr.api] [google_places_service.py:52]: Calling Google Places Nearby Search. LatLng: (18.46, 73.935), Radius: 1000, Type: zoo
[2026-07-04 05:10:15,926] INFO [weekendr.api] [google_places_service.py:68]: Found 0 places nearby coordinates (18.46, 73.935)
[2026-07-04 05:10:15,926] DEBUG [weekendr.api] [google_places_service.py:52]: Calling Google Places Nearby Search. LatLng: (18.46, 73.935), Radius: 1000, Type: aquarium
[2026-07-04 05:10:16,322] INFO [weekendr.api] [google_places_service.py:68]: Found 0 places nearby coordinates (18.46, 73.935)
[2026-07-04 05:10:16,322] DEBUG [weekendr.api] [google_places_service.py:52]: Calling Google Places Nearby Search. LatLng: (18.46, 73.935), Radius: 1000, Type: shopping_mall
[2026-07-04 05:10:16,727] INFO [weekendr.api] [google_places_service.py:68]: Found 0 places nearby coordinates (18.46, 73.935)
[2026-07-04 05:10:16,727] DEBUG [weekendr.api] [google_places_service.py:52]: Calling Google Places Nearby Search. LatLng: (18.46, 73.935), Radius: 1000, Type: clothing_store
[2026-07-04 05:10:17,133] INFO [weekendr.api] [google_places_service.py:68]: Found 0 places nearby coordinates (18.46, 73.935)
[2026-07-04 05:10:17,133] DEBUG [weekendr.api] [google_places_service.py:52]: Calling Google Places Nearby Search. LatLng: (18.46, 73.935), Radius: 1000, Type: book_store
[2026-07-04 05:10:17,562] INFO [weekendr.api] [google_places_service.py:68]: Found 0 places nearby coordinates (18.46, 73.935)
[2026-07-04 05:10:17,562] DEBUG [weekendr.api] [google_places_service.py:52]: Calling Google Places Nearby Search. LatLng: (18.46, 73.935), Radius: 1000, Type: department_store
[2026-07-04 05:10:17,946] INFO [weekendr.api] [google_places_service.py:68]: Found 0 places nearby coordinates (18.46, 73.935)
[2026-07-04 05:10:17,946] DEBUG [weekendr.api] [google_places_service.py:52]: Calling Google Places Nearby Search. LatLng: (18.46, 73.935), Radius: 1000, Type: shoe_store
[2026-07-04 05:10:18,354] INFO [weekendr.api] [google_places_service.py:68]: Found 0 places nearby coordinates (18.46, 73.935)
[2026-07-04 05:10:18,354] DEBUG [weekendr.api] [google_places_service.py:52]: Calling Google Places Nearby Search. LatLng: (18.46, 73.95), Radius: 1000, Type: cafe
[2026-07-04 05:10:18,746] INFO [weekendr.api] [google_places_service.py:68]: Found 0 places nearby coordinates (18.46, 73.95)
[2026-07-04 05:10:18,746] DEBUG [weekendr.api] [google_places_service.py:52]: Calling Google Places Nearby Search. LatLng: (18.46, 73.95), Radius: 1000, Type: coffee_shop
[2026-07-04 05:10:19,135] INFO [weekendr.api] [google_places_service.py:68]: Found 0 places nearby coordinates (18.46, 73.95)
[2026-07-04 05:10:19,135] DEBUG [weekendr.api] [google_places_service.py:52]: Calling Google Places Nearby Search. LatLng: (18.46, 73.95), Radius: 1000, Type: bakery
[2026-07-04 05:10:19,545] INFO [weekendr.api] [google_places_service.py:68]: Found 0 places nearby coordinates (18.46, 73.95)
[2026-07-04 05:10:19,545] DEBUG [weekendr.api] [google_places_service.py:52]: Calling Google Places Nearby Search. LatLng: (18.46, 73.95), Radius: 1000, Type: confectionery
[2026-07-04 05:10:19,958] INFO [weekendr.api] [google_places_service.py:68]: Found 0 places nearby coordinates (18.46, 73.95)
[2026-07-04 05:10:19,958] DEBUG [weekendr.api] [google_places_service.py:52]: Calling Google Places Nearby Search. LatLng: (18.46, 73.95), Radius: 1000, Type: ice_cream_shop
[2026-07-04 05:10:20,351] INFO [weekendr.api] [google_places_service.py:68]: Found 0 places nearby coordinates (18.46, 73.95)
[2026-07-04 05:10:20,351] DEBUG [weekendr.api] [google_places_service.py:52]: Calling Google Places Nearby Search. LatLng: (18.46, 73.95), Radius: 1000, Type: restaurant
[2026-07-04 05:10:20,438] INFO [weekendr.api] [google_places_service.py:68]: Found 0 places nearby coordinates (18.46, 73.95)
[2026-07-04 05:10:20,438] DEBUG [weekendr.api] [google_places_service.py:52]: Calling Google Places Nearby Search. LatLng: (18.46, 73.95), Radius: 1000, Type: meal_takeaway
[2026-07-04 05:10:20,838] INFO [weekendr.api] [google_places_service.py:68]: Found 0 places nearby coordinates (18.46, 73.95)
[2026-07-04 05:10:20,839] DEBUG [weekendr.api] [google_places_service.py:52]: Calling Google Places Nearby Search. LatLng: (18.46, 73.95), Radius: 1000, Type: meal_delivery
[2026-07-04 05:10:21,234] INFO [weekendr.api] [google_places_service.py:68]: Found 0 places nearby coordinates (18.46, 73.95)
[2026-07-04 05:10:21,234] DEBUG [weekendr.api] [google_places_service.py:52]: Calling Google Places Nearby Search. LatLng: (18.46, 73.95), Radius: 1000, Type: bar
[2026-07-04 05:10:21,642] INFO [weekendr.api] [google_places_service.py:68]: Found 0 places nearby coordinates (18.46, 73.95)
[2026-07-04 05:10:21,642] DEBUG [weekendr.api] [google_places_service.py:52]: Calling Google Places Nearby Search. LatLng: (18.46, 73.95), Radius: 1000, Type: night_club
[2026-07-04 05:10:22,046] INFO [weekendr.api] [google_places_service.py:68]: Found 0 places nearby coordinates (18.46, 73.95)
[2026-07-04 05:10:22,047] DEBUG [weekendr.api] [google_places_service.py:52]: Calling Google Places Nearby Search. LatLng: (18.46, 73.95), Radius: 1000, Type: pub
[2026-07-04 05:10:22,443] INFO [weekendr.api] [google_places_service.py:68]: Found 0 places nearby coordinates (18.46, 73.95)
[2026-07-04 05:10:22,443] DEBUG [weekendr.api] [google_places_service.py:52]: Calling Google Places Nearby Search. LatLng: (18.46, 73.95), Radius: 1000, Type: amusement_park
[2026-07-04 05:10:22,830] INFO [weekendr.api] [google_places_service.py:68]: Found 0 places nearby coordinates (18.46, 73.95)
[2026-07-04 05:10:22,831] DEBUG [weekendr.api] [google_places_service.py:52]: Calling Google Places Nearby Search. LatLng: (18.46, 73.95), Radius: 1000, Type: bowling_alley
[2026-07-04 05:10:23,248] INFO [weekendr.api] [google_places_service.py:68]: Found 0 places nearby coordinates (18.46, 73.95)
[2026-07-04 05:10:23,249] DEBUG [weekendr.api] [google_places_service.py:52]: Calling Google Places Nearby Search. LatLng: (18.46, 73.95), Radius: 1000, Type: movie_theater
[2026-07-04 05:10:23,692] INFO [weekendr.api] [google_places_service.py:68]: Found 0 places nearby coordinates (18.46, 73.95)
[2026-07-04 05:10:23,692] DEBUG [weekendr.api] [google_places_service.py:52]: Calling Google Places Nearby Search. LatLng: (18.46, 73.95), Radius: 1000, Type: casino
[2026-07-04 05:10:24,098] INFO [weekendr.api] [google_places_service.py:68]: Found 0 places nearby coordinates (18.46, 73.95)
[2026-07-04 05:10:24,099] DEBUG [weekendr.api] [google_places_service.py:52]: Calling Google Places Nearby Search. LatLng: (18.46, 73.95), Radius: 1000, Type: tourist_attraction
[2026-07-04 05:10:24,512] INFO [weekendr.api] [google_places_service.py:68]: Found 0 places nearby coordinates (18.46, 73.95)
[2026-07-04 05:10:24,513] DEBUG [weekendr.api] [google_places_service.py:52]: Calling Google Places Nearby Search. LatLng: (18.46, 73.95), Radius: 1000, Type: museum
[2026-07-04 05:10:24,905] INFO [weekendr.api] [google_places_service.py:68]: Found 0 places nearby coordinates (18.46, 73.95)
[2026-07-04 05:10:24,905] DEBUG [weekendr.api] [google_places_service.py:52]: Calling Google Places Nearby Search. LatLng: (18.46, 73.95), Radius: 1000, Type: art_gallery
[2026-07-04 05:10:25,321] INFO [weekendr.api] [google_places_service.py:68]: Found 0 places nearby coordinates (18.46, 73.95)
[2026-07-04 05:10:25,321] DEBUG [weekendr.api] [google_places_service.py:52]: Calling Google Places Nearby Search. LatLng: (18.46, 73.95), Radius: 1000, Type: park
[2026-07-04 05:10:25,709] INFO [weekendr.api] [google_places_service.py:68]: Found 0 places nearby coordinates (18.46, 73.95)
[2026-07-04 05:10:25,710] DEBUG [weekendr.api] [google_places_service.py:52]: Calling Google Places Nearby Search. LatLng: (18.46, 73.95), Radius: 1000, Type: campground
[2026-07-04 05:10:26,113] INFO [weekendr.api] [google_places_service.py:68]: Found 0 places nearby coordinates (18.46, 73.95)
[2026-07-04 05:10:26,114] DEBUG [weekendr.api] [google_places_service.py:52]: Calling Google Places Nearby Search. LatLng: (18.46, 73.95), Radius: 1000, Type: zoo
[2026-07-04 05:10:26,510] INFO [weekendr.api] [google_places_service.py:68]: Found 0 places nearby coordinates (18.46, 73.95)
[2026-07-04 05:10:26,510] DEBUG [weekendr.api] [google_places_service.py:52]: Calling Google Places Nearby Search. LatLng: (18.46, 73.95), Radius: 1000, Type: aquarium
[2026-07-04 05:10:26,606] INFO [weekendr.api] [google_places_service.py:68]: Found 0 places nearby coordinates (18.46, 73.95)
[2026-07-04 05:10:26,606] DEBUG [weekendr.api] [google_places_service.py:52]: Calling Google Places Nearby Search. LatLng: (18.46, 73.95), Radius: 1000, Type: shopping_mall
[2026-07-04 05:10:27,002] INFO [weekendr.api] [google_places_service.py:68]: Found 0 places nearby coordinates (18.46, 73.95)
[2026-07-04 05:10:27,002] DEBUG [weekendr.api] [google_places_service.py:52]: Calling Google Places Nearby Search. LatLng: (18.46, 73.95), Radius: 1000, Type: clothing_store
[2026-07-04 05:10:27,394] INFO [weekendr.api] [google_places_service.py:68]: Found 0 places nearby coordinates (18.46, 73.95)
[2026-07-04 05:10:27,394] DEBUG [weekendr.api] [google_places_service.py:52]: Calling Google Places Nearby Search. LatLng: (18.46, 73.95), Radius: 1000, Type: book_store
[2026-07-04 05:10:27,785] INFO [weekendr.api] [google_places_service.py:68]: Found 0 places nearby coordinates (18.46, 73.95)
[2026-07-04 05:10:27,785] DEBUG [weekendr.api] [google_places_service.py:52]: Calling Google Places Nearby Search. LatLng: (18.46, 73.95), Radius: 1000, Type: department_store
[2026-07-04 05:10:28,207] INFO [weekendr.api] [google_places_service.py:68]: Found 0 places nearby coordinates (18.46, 73.95)
[2026-07-04 05:10:28,207] DEBUG [weekendr.api] [google_places_service.py:52]: Calling Google Places Nearby Search. LatLng: (18.46, 73.95), Radius: 1000, Type: shoe_store
[2026-07-04 05:10:28,604] INFO [weekendr.api] [google_places_service.py:68]: Found 0 places nearby coordinates (18.46, 73.95)
[2026-07-04 05:10:28,605] DEBUG [weekendr.api] [google_places_service.py:52]: Calling Google Places Nearby Search. LatLng: (18.475, 73.74), Radius: 1000, Type: cafe
[2026-07-04 05:10:28,992] INFO [weekendr.api] [google_places_service.py:68]: Found 0 places nearby coordinates (18.475, 73.74)
[2026-07-04 05:10:28,992] DEBUG [weekendr.api] [google_places_service.py:52]: Calling Google Places Nearby Search. LatLng: (18.475, 73.74), Radius: 1000, Type: coffee_shop
[2026-07-04 05:10:29,380] INFO [weekendr.api] [google_places_service.py:68]: Found 0 places nearby coordinates (18.475, 73.74)
[2026-07-04 05:10:29,380] DEBUG [weekendr.api] [google_places_service.py:52]: Calling Google Places Nearby Search. LatLng: (18.475, 73.74), Radius: 1000, Type: bakery
[2026-07-04 05:10:29,796] INFO [weekendr.api] [google_places_service.py:68]: Found 0 places nearby coordinates (18.475, 73.74)
[2026-07-04 05:10:29,796] DEBUG [weekendr.api] [google_places_service.py:52]: Calling Google Places Nearby Search. LatLng: (18.475, 73.74), Radius: 1000, Type: confectionery
[2026-07-04 05:10:30,203] INFO [weekendr.api] [google_places_service.py:68]: Found 0 places nearby coordinates (18.475, 73.74)
[2026-07-04 05:10:30,203] DEBUG [weekendr.api] [google_places_service.py:52]: Calling Google Places Nearby Search. LatLng: (18.475, 73.74), Radius: 1000, Type: ice_cream_shop
[2026-07-04 05:10:30,595] INFO [weekendr.api] [google_places_service.py:68]: Found 0 places nearby coordinates (18.475, 73.74)
[2026-07-04 05:10:30,595] DEBUG [weekendr.api] [google_places_service.py:52]: Calling Google Places Nearby Search. LatLng: (18.475, 73.74), Radius: 1000, Type: restaurant
[2026-07-04 05:10:30,993] INFO [weekendr.api] [google_places_service.py:68]: Found 0 places nearby coordinates (18.475, 73.74)
[2026-07-04 05:10:30,993] DEBUG [weekendr.api] [google_places_service.py:52]: Calling Google Places Nearby Search. LatLng: (18.475, 73.74), Radius: 1000, Type: meal_takeaway
[2026-07-04 05:10:31,412] INFO [weekendr.api] [google_places_service.py:68]: Found 0 places nearby coordinates (18.475, 73.74)
[2026-07-04 05:10:31,413] DEBUG [weekendr.api] [google_places_service.py:52]: Calling Google Places Nearby Search. LatLng: (18.475, 73.74), Radius: 1000, Type: meal_delivery
[2026-07-04 05:10:31,812] INFO [weekendr.api] [google_places_service.py:68]: Found 0 places nearby coordinates (18.475, 73.74)
[2026-07-04 05:10:31,812] DEBUG [weekendr.api] [google_places_service.py:52]: Calling Google Places Nearby Search. LatLng: (18.475, 73.74), Radius: 1000, Type: bar
[2026-07-04 05:10:32,204] INFO [weekendr.api] [google_places_service.py:68]: Found 0 places nearby coordinates (18.475, 73.74)
[2026-07-04 05:10:32,205] DEBUG [weekendr.api] [google_places_service.py:52]: Calling Google Places Nearby Search. LatLng: (18.475, 73.74), Radius: 1000, Type: night_club
[2026-07-04 05:10:32,606] INFO [weekendr.api] [google_places_service.py:68]: Found 0 places nearby coordinates (18.475, 73.74)
[2026-07-04 05:10:32,607] DEBUG [weekendr.api] [google_places_service.py:52]: Calling Google Places Nearby Search. LatLng: (18.475, 73.74), Radius: 1000, Type: pub
[2026-07-04 05:10:33,001] INFO [weekendr.api] [google_places_service.py:68]: Found 0 places nearby coordinates (18.475, 73.74)
[2026-07-04 05:10:33,002] DEBUG [weekendr.api] [google_places_service.py:52]: Calling Google Places Nearby Search. LatLng: (18.475, 73.74), Radius: 1000, Type: amusement_park
[2026-07-04 05:10:33,093] INFO [weekendr.api] [google_places_service.py:68]: Found 0 places nearby coordinates (18.475, 73.74)
[2026-07-04 05:10:33,093] DEBUG [weekendr.api] [google_places_service.py:52]: Calling Google Places Nearby Search. LatLng: (18.475, 73.74), Radius: 1000, Type: bowling_alley
[2026-07-04 05:10:33,196] INFO [weekendr.api] [google_places_service.py:68]: Found 0 places nearby coordinates (18.475, 73.74)
[2026-07-04 05:10:33,196] DEBUG [weekendr.api] [google_places_service.py:52]: Calling Google Places Nearby Search. LatLng: (18.475, 73.74), Radius: 1000, Type: movie_theater
[2026-07-04 05:10:33,289] INFO [weekendr.api] [google_places_service.py:68]: Found 0 places nearby coordinates (18.475, 73.74)
[2026-07-04 05:10:33,289] DEBUG [weekendr.api] [google_places_service.py:52]: Calling Google Places Nearby Search. LatLng: (18.475, 73.74), Radius: 1000, Type: casino
[2026-07-04 05:10:33,678] INFO [weekendr.api] [google_places_service.py:68]: Found 0 places nearby coordinates (18.475, 73.74)
[2026-07-04 05:10:33,679] DEBUG [weekendr.api] [google_places_service.py:52]: Calling Google Places Nearby Search. LatLng: (18.475, 73.74), Radius: 1000, Type: tourist_attraction
[2026-07-04 05:10:34,089] INFO [weekendr.api] [google_places_service.py:68]: Found 0 places nearby coordinates (18.475, 73.74)
[2026-07-04 05:10:34,089] DEBUG [weekendr.api] [google_places_service.py:52]: Calling Google Places Nearby Search. LatLng: (18.475, 73.74), Radius: 1000, Type: museum
[2026-07-04 05:10:34,505] INFO [weekendr.api] [google_places_service.py:68]: Found 0 places nearby coordinates (18.475, 73.74)
[2026-07-04 05:10:34,505] DEBUG [weekendr.api] [google_places_service.py:52]: Calling Google Places Nearby Search. LatLng: (18.475, 73.74), Radius: 1000, Type: art_gallery
[2026-07-04 05:10:34,889] INFO [weekendr.api] [google_places_service.py:68]: Found 0 places nearby coordinates (18.475, 73.74)
[2026-07-04 05:10:34,889] DEBUG [weekendr.api] [google_places_service.py:52]: Calling Google Places Nearby Search. LatLng: (18.475, 73.74), Radius: 1000, Type: park
[2026-07-04 05:10:34,980] INFO [weekendr.api] [google_places_service.py:68]: Found 0 places nearby coordinates (18.475, 73.74)
[2026-07-04 05:10:34,980] DEBUG [weekendr.api] [google_places_service.py:52]: Calling Google Places Nearby Search. LatLng: (18.475, 73.74), Radius: 1000, Type: campground
[2026-07-04 05:10:35,396] INFO [weekendr.api] [google_places_service.py:68]: Found 0 places nearby coordinates (18.475, 73.74)
[2026-07-04 05:10:35,396] DEBUG [weekendr.api] [google_places_service.py:52]: Calling Google Places Nearby Search. LatLng: (18.475, 73.74), Radius: 1000, Type: zoo
[2026-07-04 05:10:35,805] INFO [weekendr.api] [google_places_service.py:68]: Found 0 places nearby coordinates (18.475, 73.74)
[2026-07-04 05:10:35,805] DEBUG [weekendr.api] [google_places_service.py:52]: Calling Google Places Nearby Search. LatLng: (18.475, 73.74), Radius: 1000, Type: aquarium
[2026-07-04 05:10:36,201] INFO [weekendr.api] [google_places_service.py:68]: Found 0 places nearby coordinates (18.475, 73.74)
[2026-07-04 05:10:36,202] DEBUG [weekendr.api] [google_places_service.py:52]: Calling Google Places Nearby Search. LatLng: (18.475, 73.74), Radius: 1000, Type: shopping_mall
[2026-07-04 05:10:36,601] INFO [weekendr.api] [google_places_service.py:68]: Found 0 places nearby coordinates (18.475, 73.74)
[2026-07-04 05:10:36,601] DEBUG [weekendr.api] [google_places_service.py:52]: Calling Google Places Nearby Search. LatLng: (18.475, 73.74), Radius: 1000, Type: clothing_store
[2026-07-04 05:10:36,991] INFO [weekendr.api] [google_places_service.py:68]: Found 0 places nearby coordinates (18.475, 73.74)
[2026-07-04 05:10:36,992] DEBUG [weekendr.api] [google_places_service.py:52]: Calling Google Places Nearby Search. LatLng: (18.475, 73.74), Radius: 1000, Type: book_store
[2026-07-04 05:10:37,391] INFO [weekendr.api] [google_places_service.py:68]: Found 0 places nearby coordinates (18.475, 73.74)
[2026-07-04 05:10:37,391] DEBUG [weekendr.api] [google_places_service.py:52]: Calling Google Places Nearby Search. LatLng: (18.475, 73.74), Radius: 1000, Type: department_store
[2026-07-04 05:10:37,795] INFO [weekendr.api] [google_places_service.py:68]: Found 0 places nearby coordinates (18.475, 73.74)
[2026-07-04 05:10:37,796] DEBUG [weekendr.api] [google_places_service.py:52]: Calling Google Places Nearby Search. LatLng: (18.475, 73.74), Radius: 1000, Type: shoe_store
[2026-07-04 05:10:38,196] INFO [weekendr.api] [google_places_service.py:68]: Found 0 places nearby coordinates (18.475, 73.74)
[2026-07-04 05:10:38,197] DEBUG [weekendr.api] [google_places_service.py:52]: Calling Google Places Nearby Search. LatLng: (18.475, 73.755), Radius: 1000, Type: cafe
[2026-07-04 05:10:38,597] INFO [weekendr.api] [google_places_service.py:68]: Found 0 places nearby coordinates (18.475, 73.755)
[2026-07-04 05:10:38,597] DEBUG [weekendr.api] [google_places_service.py:52]: Calling Google Places Nearby Search. LatLng: (18.475, 73.755), Radius: 1000, Type: coffee_shop
[2026-07-04 05:10:38,995] INFO [weekendr.api] [google_places_service.py:68]: Found 0 places nearby coordinates (18.475, 73.755)
[2026-07-04 05:10:38,995] DEBUG [weekendr.api] [google_places_service.py:52]: Calling Google Places Nearby Search. LatLng: (18.475, 73.755), Radius: 1000, Type: bakery
[2026-07-04 05:10:39,422] INFO [weekendr.api] [google_places_service.py:68]: Found 0 places nearby coordinates (18.475, 73.755)
[2026-07-04 05:10:39,422] DEBUG [weekendr.api] [google_places_service.py:52]: Calling Google Places Nearby Search. LatLng: (18.475, 73.755), Radius: 1000, Type: confectionery
[2026-07-04 05:10:39,852] INFO [weekendr.api] [google_places_service.py:68]: Found 0 places nearby coordinates (18.475, 73.755)
[2026-07-04 05:10:39,852] DEBUG [weekendr.api] [google_places_service.py:52]: Calling Google Places Nearby Search. LatLng: (18.475, 73.755), Radius: 1000, Type: ice_cream_shop
[2026-07-04 05:10:40,247] INFO [weekendr.api] [google_places_service.py:68]: Found 0 places nearby coordinates (18.475, 73.755)
[2026-07-04 05:10:40,248] DEBUG [weekendr.api] [google_places_service.py:52]: Calling Google Places Nearby Search. LatLng: (18.475, 73.755), Radius: 1000, Type: restaurant
[2026-07-04 05:10:40,658] INFO [weekendr.api] [google_places_service.py:68]: Found 0 places nearby coordinates (18.475, 73.755)
[2026-07-04 05:10:40,659] DEBUG [weekendr.api] [google_places_service.py:52]: Calling Google Places Nearby Search. LatLng: (18.475, 73.755), Radius: 1000, Type: meal_takeaway
[2026-07-04 05:10:41,049] INFO [weekendr.api] [google_places_service.py:68]: Found 0 places nearby coordinates (18.475, 73.755)
[2026-07-04 05:10:41,050] DEBUG [weekendr.api] [google_places_service.py:52]: Calling Google Places Nearby Search. LatLng: (18.475, 73.755), Radius: 1000, Type: meal_delivery
[2026-07-04 05:10:41,437] INFO [weekendr.api] [google_places_service.py:68]: Found 0 places nearby coordinates (18.475, 73.755)
[2026-07-04 05:10:41,437] DEBUG [weekendr.api] [google_places_service.py:52]: Calling Google Places Nearby Search. LatLng: (18.475, 73.755), Radius: 1000, Type: bar
[2026-07-04 05:10:41,854] INFO [weekendr.api] [google_places_service.py:68]: Found 0 places nearby coordinates (18.475, 73.755)
[2026-07-04 05:10:41,855] DEBUG [weekendr.api] [google_places_service.py:52]: Calling Google Places Nearby Search. LatLng: (18.475, 73.755), Radius: 1000, Type: night_club
[2026-07-04 05:10:42,250] INFO [weekendr.api] [google_places_service.py:68]: Found 0 places nearby coordinates (18.475, 73.755)
[2026-07-04 05:10:42,251] DEBUG [weekendr.api] [google_places_service.py:52]: Calling Google Places Nearby Search. LatLng: (18.475, 73.755), Radius: 1000, Type: pub
[2026-07-04 05:10:42,638] INFO [weekendr.api] [google_places_service.py:68]: Found 0 places nearby coordinates (18.475, 73.755)
[2026-07-04 05:10:42,638] DEBUG [weekendr.api] [google_places_service.py:52]: Calling Google Places Nearby Search. LatLng: (18.475, 73.755), Radius: 1000, Type: amusement_park
[2026-07-04 05:10:43,029] INFO [weekendr.api] [google_places_service.py:68]: Found 0 places nearby coordinates (18.475, 73.755)
[2026-07-04 05:10:43,029] DEBUG [weekendr.api] [google_places_service.py:52]: Calling Google Places Nearby Search. LatLng: (18.475, 73.755), Radius: 1000, Type: bowling_alley
[2026-07-04 05:10:43,438] INFO [weekendr.api] [google_places_service.py:68]: Found 0 places nearby coordinates (18.475, 73.755)
[2026-07-04 05:10:43,438] DEBUG [weekendr.api] [google_places_service.py:52]: Calling Google Places Nearby Search. LatLng: (18.475, 73.755), Radius: 1000, Type: movie_theater
[2026-07-04 05:10:43,820] INFO [weekendr.api] [google_places_service.py:68]: Found 0 places nearby coordinates (18.475, 73.755)
[2026-07-04 05:10:43,821] DEBUG [weekendr.api] [google_places_service.py:52]: Calling Google Places Nearby Search. LatLng: (18.475, 73.755), Radius: 1000, Type: casino
[2026-07-04 05:10:43,910] INFO [weekendr.api] [google_places_service.py:68]: Found 0 places nearby coordinates (18.475, 73.755)
[2026-07-04 05:10:43,910] DEBUG [weekendr.api] [google_places_service.py:52]: Calling Google Places Nearby Search. LatLng: (18.475, 73.755), Radius: 1000, Type: tourist_attraction
[2026-07-04 05:10:44,004] INFO [weekendr.api] [google_places_service.py:68]: Found 0 places nearby coordinates (18.475, 73.755)
[2026-07-04 05:10:44,005] DEBUG [weekendr.api] [google_places_service.py:52]: Calling Google Places Nearby Search. LatLng: (18.475, 73.755), Radius: 1000, Type: museum
[2026-07-04 05:10:44,394] INFO [weekendr.api] [google_places_service.py:68]: Found 0 places nearby coordinates (18.475, 73.755)
[2026-07-04 05:10:44,394] DEBUG [weekendr.api] [google_places_service.py:52]: Calling Google Places Nearby Search. LatLng: (18.475, 73.755), Radius: 1000, Type: art_gallery
[2026-07-04 05:10:44,791] INFO [weekendr.api] [google_places_service.py:68]: Found 0 places nearby coordinates (18.475, 73.755)
[2026-07-04 05:10:44,792] DEBUG [weekendr.api] [google_places_service.py:52]: Calling Google Places Nearby Search. LatLng: (18.475, 73.755), Radius: 1000, Type: park
[2026-07-04 05:10:45,183] INFO [weekendr.api] [google_places_service.py:68]: Found 0 places nearby coordinates (18.475, 73.755)
[2026-07-04 05:10:45,183] DEBUG [weekendr.api] [google_places_service.py:52]: Calling Google Places Nearby Search. LatLng: (18.475, 73.755), Radius: 1000, Type: campground
[2026-07-04 05:10:45,579] INFO [weekendr.api] [google_places_service.py:68]: Found 0 places nearby coordinates (18.475, 73.755)
[2026-07-04 05:10:45,580] DEBUG [weekendr.api] [google_places_service.py:52]: Calling Google Places Nearby Search. LatLng: (18.475, 73.755), Radius: 1000, Type: zoo
[2026-07-04 05:10:45,980] INFO [weekendr.api] [google_places_service.py:68]: Found 0 places nearby coordinates (18.475, 73.755)
[2026-07-04 05:10:45,981] DEBUG [weekendr.api] [google_places_service.py:52]: Calling Google Places Nearby Search. LatLng: (18.475, 73.755), Radius: 1000, Type: aquarium
[2026-07-04 05:10:46,391] INFO [weekendr.api] [google_places_service.py:68]: Found 0 places nearby coordinates (18.475, 73.755)
[2026-07-04 05:10:46,391] DEBUG [weekendr.api] [google_places_service.py:52]: Calling Google Places Nearby Search. LatLng: (18.475, 73.755), Radius: 1000, Type: shopping_mall
[2026-07-04 05:10:46,779] INFO [weekendr.api] [google_places_service.py:68]: Found 0 places nearby coordinates (18.475, 73.755)
[2026-07-04 05:10:46,779] DEBUG [weekendr.api] [google_places_service.py:52]: Calling Google Places Nearby Search. LatLng: (18.475, 73.755), Radius: 1000, Type: clothing_store
[2026-07-04 05:10:46,883] INFO [weekendr.api] [google_places_service.py:68]: Found 0 places nearby coordinates (18.475, 73.755)
[2026-07-04 05:10:46,883] DEBUG [weekendr.api] [google_places_service.py:52]: Calling Google Places Nearby Search. LatLng: (18.475, 73.755), Radius: 1000, Type: book_store
[2026-07-04 05:10:47,275] INFO [weekendr.api] [google_places_service.py:68]: Found 0 places nearby coordinates (18.475, 73.755)
[2026-07-04 05:10:47,275] DEBUG [weekendr.api] [google_places_service.py:52]: Calling Google Places Nearby Search. LatLng: (18.475, 73.755), Radius: 1000, Type: department_store
[2026-07-04 05:10:47,678] INFO [weekendr.api] [google_places_service.py:68]: Found 0 places nearby coordinates (18.475, 73.755)
[2026-07-04 05:10:47,679] DEBUG [weekendr.api] [google_places_service.py:52]: Calling Google Places Nearby Search. LatLng: (18.475, 73.755), Radius: 1000, Type: shoe_store
[2026-07-04 05:10:48,078] INFO [weekendr.api] [google_places_service.py:68]: Found 0 places nearby coordinates (18.475, 73.755)
[2026-07-04 05:10:48,079] DEBUG [weekendr.api] [google_places_service.py:52]: Calling Google Places Nearby Search. LatLng: (18.475, 73.77), Radius: 1000, Type: cafe
[2026-07-04 05:10:48,470] INFO [weekendr.api] [google_places_service.py:68]: Found 0 places nearby coordinates (18.475, 73.77)
[2026-07-04 05:10:48,470] DEBUG [weekendr.api] [google_places_service.py:52]: Calling Google Places Nearby Search. LatLng: (18.475, 73.77), Radius: 1000, Type: coffee_shop
[2026-07-04 05:10:48,571] INFO [weekendr.api] [google_places_service.py:68]: Found 0 places nearby coordinates (18.475, 73.77)
[2026-07-04 05:10:48,571] DEBUG [weekendr.api] [google_places_service.py:52]: Calling Google Places Nearby Search. LatLng: (18.475, 73.77), Radius: 1000, Type: bakery
[2026-07-04 05:10:48,959] INFO [weekendr.api] [google_places_service.py:68]: Found 0 places nearby coordinates (18.475, 73.77)
[2026-07-04 05:10:48,959] DEBUG [weekendr.api] [google_places_service.py:52]: Calling Google Places Nearby Search. LatLng: (18.475, 73.77), Radius: 1000, Type: confectionery
[2026-07-04 05:10:49,069] INFO [weekendr.api] [google_places_service.py:68]: Found 0 places nearby coordinates (18.475, 73.77)
[2026-07-04 05:10:49,070] DEBUG [weekendr.api] [google_places_service.py:52]: Calling Google Places Nearby Search. LatLng: (18.475, 73.77), Radius: 1000, Type: ice_cream_shop
[2026-07-04 05:10:49,452] INFO [weekendr.api] [google_places_service.py:68]: Found 0 places nearby coordinates (18.475, 73.77)
[2026-07-04 05:10:49,452] DEBUG [weekendr.api] [google_places_service.py:52]: Calling Google Places Nearby Search. LatLng: (18.475, 73.77), Radius: 1000, Type: restaurant
[2026-07-04 05:10:49,866] INFO [weekendr.api] [google_places_service.py:68]: Found 0 places nearby coordinates (18.475, 73.77)
[2026-07-04 05:10:49,866] DEBUG [weekendr.api] [google_places_service.py:52]: Calling Google Places Nearby Search. LatLng: (18.475, 73.77), Radius: 1000, Type: meal_takeaway
[2026-07-04 05:10:50,260] INFO [weekendr.api] [google_places_service.py:68]: Found 0 places nearby coordinates (18.475, 73.77)
[2026-07-04 05:10:50,260] DEBUG [weekendr.api] [google_places_service.py:52]: Calling Google Places Nearby Search. LatLng: (18.475, 73.77), Radius: 1000, Type: meal_delivery
[2026-07-04 05:10:50,659] INFO [weekendr.api] [google_places_service.py:68]: Found 0 places nearby coordinates (18.475, 73.77)
[2026-07-04 05:10:50,659] DEBUG [weekendr.api] [google_places_service.py:52]: Calling Google Places Nearby Search. LatLng: (18.475, 73.77), Radius: 1000, Type: bar
[2026-07-04 05:10:51,050] INFO [weekendr.api] [google_places_service.py:68]: Found 0 places nearby coordinates (18.475, 73.77)
[2026-07-04 05:10:51,051] DEBUG [weekendr.api] [google_places_service.py:52]: Calling Google Places Nearby Search. LatLng: (18.475, 73.77), Radius: 1000, Type: night_club
[2026-07-04 05:10:51,464] INFO [weekendr.api] [google_places_service.py:68]: Found 0 places nearby coordinates (18.475, 73.77)
[2026-07-04 05:10:51,464] DEBUG [weekendr.api] [google_places_service.py:52]: Calling Google Places Nearby Search. LatLng: (18.475, 73.77), Radius: 1000, Type: pub
[2026-07-04 05:10:51,863] INFO [weekendr.api] [google_places_service.py:68]: Found 0 places nearby coordinates (18.475, 73.77)
[2026-07-04 05:10:51,863] DEBUG [weekendr.api] [google_places_service.py:52]: Calling Google Places Nearby Search. LatLng: (18.475, 73.77), Radius: 1000, Type: amusement_park
[2026-07-04 05:10:52,254] INFO [weekendr.api] [google_places_service.py:68]: Found 0 places nearby coordinates (18.475, 73.77)
[2026-07-04 05:10:52,254] DEBUG [weekendr.api] [google_places_service.py:52]: Calling Google Places Nearby Search. LatLng: (18.475, 73.77), Radius: 1000, Type: bowling_alley
[2026-07-04 05:10:52,343] INFO [weekendr.api] [google_places_service.py:68]: Found 0 places nearby coordinates (18.475, 73.77)
[2026-07-04 05:10:52,343] DEBUG [weekendr.api] [google_places_service.py:52]: Calling Google Places Nearby Search. LatLng: (18.475, 73.77), Radius: 1000, Type: movie_theater
[2026-07-04 05:10:52,443] INFO [weekendr.api] [google_places_service.py:68]: Found 0 places nearby coordinates (18.475, 73.77)
[2026-07-04 05:10:52,443] DEBUG [weekendr.api] [google_places_service.py:52]: Calling Google Places Nearby Search. LatLng: (18.475, 73.77), Radius: 1000, Type: casino
[2026-07-04 05:10:52,841] INFO [weekendr.api] [google_places_service.py:68]: Found 0 places nearby coordinates (18.475, 73.77)
[2026-07-04 05:10:52,842] DEBUG [weekendr.api] [google_places_service.py:52]: Calling Google Places Nearby Search. LatLng: (18.475, 73.77), Radius: 1000, Type: tourist_attraction
[2026-07-04 05:10:53,241] INFO [weekendr.api] [google_places_service.py:68]: Found 0 places nearby coordinates (18.475, 73.77)
[2026-07-04 05:10:53,242] DEBUG [weekendr.api] [google_places_service.py:52]: Calling Google Places Nearby Search. LatLng: (18.475, 73.77), Radius: 1000, Type: museum
[2026-07-04 05:10:53,641] INFO [weekendr.api] [google_places_service.py:68]: Found 0 places nearby coordinates (18.475, 73.77)
[2026-07-04 05:10:53,641] DEBUG [weekendr.api] [google_places_service.py:52]: Calling Google Places Nearby Search. LatLng: (18.475, 73.77), Radius: 1000, Type: art_gallery
[2026-07-04 05:10:53,769] INFO [weekendr.api] [google_places_service.py:68]: Found 0 places nearby coordinates (18.475, 73.77)
[2026-07-04 05:10:53,769] DEBUG [weekendr.api] [google_places_service.py:52]: Calling Google Places Nearby Search. LatLng: (18.475, 73.77), Radius: 1000, Type: park
[2026-07-04 05:10:54,188] INFO [weekendr.api] [google_places_service.py:68]: Found 0 places nearby coordinates (18.475, 73.77)
[2026-07-04 05:10:54,188] DEBUG [weekendr.api] [google_places_service.py:52]: Calling Google Places Nearby Search. LatLng: (18.475, 73.77), Radius: 1000, Type: campground
[2026-07-04 05:10:54,578] INFO [weekendr.api] [google_places_service.py:68]: Found 0 places nearby coordinates (18.475, 73.77)
[2026-07-04 05:10:54,578] DEBUG [weekendr.api] [google_places_service.py:52]: Calling Google Places Nearby Search. LatLng: (18.475, 73.77), Radius: 1000, Type: zoo
[2026-07-04 05:10:54,979] INFO [weekendr.api] [google_places_service.py:68]: Found 0 places nearby coordinates (18.475, 73.77)
[2026-07-04 05:10:54,979] DEBUG [weekendr.api] [google_places_service.py:52]: Calling Google Places Nearby Search. LatLng: (18.475, 73.77), Radius: 1000, Type: aquarium
[2026-07-04 05:10:55,377] INFO [weekendr.api] [google_places_service.py:68]: Found 0 places nearby coordinates (18.475, 73.77)
[2026-07-04 05:10:55,377] DEBUG [weekendr.api] [google_places_service.py:52]: Calling Google Places Nearby Search. LatLng: (18.475, 73.77), Radius: 1000, Type: shopping_mall
[2026-07-04 05:10:55,781] INFO [weekendr.api] [google_places_service.py:68]: Found 0 places nearby coordinates (18.475, 73.77)
[2026-07-04 05:10:55,781] DEBUG [weekendr.api] [google_places_service.py:52]: Calling Google Places Nearby Search. LatLng: (18.475, 73.77), Radius: 1000, Type: clothing_store
[2026-07-04 05:10:56,179] INFO [weekendr.api] [google_places_service.py:68]: Found 0 places nearby coordinates (18.475, 73.77)
[2026-07-04 05:10:56,179] DEBUG [weekendr.api] [google_places_service.py:52]: Calling Google Places Nearby Search. LatLng: (18.475, 73.77), Radius: 1000, Type: book_store
[2026-07-04 05:10:56,583] INFO [weekendr.api] [google_places_service.py:68]: Found 0 places nearby coordinates (18.475, 73.77)
[2026-07-04 05:10:56,583] DEBUG [weekendr.api] [google_places_service.py:52]: Calling Google Places Nearby Search. LatLng: (18.475, 73.77), Radius: 1000, Type: department_store
[2026-07-04 05:10:56,977] INFO [weekendr.api] [google_places_service.py:68]: Found 0 places nearby coordinates (18.475, 73.77)
[2026-07-04 05:10:56,978] DEBUG [weekendr.api] [google_places_service.py:52]: Calling Google Places Nearby Search. LatLng: (18.475, 73.77), Radius: 1000, Type: shoe_store
[2026-07-04 05:10:57,386] INFO [weekendr.api] [google_places_service.py:68]: Found 0 places nearby coordinates (18.475, 73.77)
[2026-07-04 05:10:57,386] DEBUG [weekendr.api] [google_places_service.py:52]: Calling Google Places Nearby Search. LatLng: (18.475, 73.785), Radius: 1000, Type: cafe
[2026-07-04 05:10:57,484] INFO [weekendr.api] [google_places_service.py:68]: Found 0 places nearby coordinates (18.475, 73.785)
[2026-07-04 05:10:57,485] DEBUG [weekendr.api] [google_places_service.py:52]: Calling Google Places Nearby Search. LatLng: (18.475, 73.785), Radius: 1000, Type: coffee_shop
[2026-07-04 05:10:57,884] INFO [weekendr.api] [google_places_service.py:68]: Found 0 places nearby coordinates (18.475, 73.785)
[2026-07-04 05:10:57,884] DEBUG [weekendr.api] [google_places_service.py:52]: Calling Google Places Nearby Search. LatLng: (18.475, 73.785), Radius: 1000, Type: bakery
[2026-07-04 05:10:58,302] INFO [weekendr.api] [google_places_service.py:68]: Found 0 places nearby coordinates (18.475, 73.785)
[2026-07-04 05:10:58,302] DEBUG [weekendr.api] [google_places_service.py:52]: Calling Google Places Nearby Search. LatLng: (18.475, 73.785), Radius: 1000, Type: confectionery
[2026-07-04 05:10:58,747] INFO [weekendr.api] [google_places_service.py:68]: Found 0 places nearby coordinates (18.475, 73.785)
[2026-07-04 05:10:58,748] DEBUG [weekendr.api] [google_places_service.py:52]: Calling Google Places Nearby Search. LatLng: (18.475, 73.785), Radius: 1000, Type: ice_cream_shop
[2026-07-04 05:10:59,139] INFO [weekendr.api] [google_places_service.py:68]: Found 0 places nearby coordinates (18.475, 73.785)
[2026-07-04 05:10:59,139] DEBUG [weekendr.api] [google_places_service.py:52]: Calling Google Places Nearby Search. LatLng: (18.475, 73.785), Radius: 1000, Type: restaurant
[2026-07-04 05:10:59,562] INFO [weekendr.api] [google_places_service.py:68]: Found 0 places nearby coordinates (18.475, 73.785)
[2026-07-04 05:10:59,562] DEBUG [weekendr.api] [google_places_service.py:52]: Calling Google Places Nearby Search. LatLng: (18.475, 73.785), Radius: 1000, Type: meal_takeaway
[2026-07-04 05:10:59,996] INFO [weekendr.api] [google_places_service.py:68]: Found 0 places nearby coordinates (18.475, 73.785)
[2026-07-04 05:10:59,997] DEBUG [weekendr.api] [google_places_service.py:52]: Calling Google Places Nearby Search. LatLng: (18.475, 73.785), Radius: 1000, Type: meal_delivery
[2026-07-04 05:11:00,448] INFO [weekendr.api] [google_places_service.py:68]: Found 0 places nearby coordinates (18.475, 73.785)
[2026-07-04 05:11:00,449] DEBUG [weekendr.api] [google_places_service.py:52]: Calling Google Places Nearby Search. LatLng: (18.475, 73.785), Radius: 1000, Type: bar
[2026-07-04 05:11:00,547] INFO [weekendr.api] [google_places_service.py:68]: Found 0 places nearby coordinates (18.475, 73.785)
[2026-07-04 05:11:00,547] DEBUG [weekendr.api] [google_places_service.py:52]: Calling Google Places Nearby Search. LatLng: (18.475, 73.785), Radius: 1000, Type: night_club
[2026-07-04 05:11:00,961] INFO [weekendr.api] [google_places_service.py:68]: Found 0 places nearby coordinates (18.475, 73.785)
[2026-07-04 05:11:00,962] DEBUG [weekendr.api] [google_places_service.py:52]: Calling Google Places Nearby Search. LatLng: (18.475, 73.785), Radius: 1000, Type: pub
[2026-07-04 05:11:01,141] INFO [weekendr.api] [google_places_service.py:68]: Found 0 places nearby coordinates (18.475, 73.785)
[2026-07-04 05:11:01,142] DEBUG [weekendr.api] [google_places_service.py:52]: Calling Google Places Nearby Search. LatLng: (18.475, 73.785), Radius: 1000, Type: amusement_park
[2026-07-04 05:11:01,251] INFO [weekendr.api] [google_places_service.py:68]: Found 0 places nearby coordinates (18.475, 73.785)
[2026-07-04 05:11:01,251] DEBUG [weekendr.api] [google_places_service.py:52]: Calling Google Places Nearby Search. LatLng: (18.475, 73.785), Radius: 1000, Type: bowling_alley
[2026-07-04 05:11:01,346] INFO [weekendr.api] [google_places_service.py:68]: Found 0 places nearby coordinates (18.475, 73.785)
[2026-07-04 05:11:01,346] DEBUG [weekendr.api] [google_places_service.py:52]: Calling Google Places Nearby Search. LatLng: (18.475, 73.785), Radius: 1000, Type: movie_theater
[2026-07-04 05:11:01,760] INFO [weekendr.api] [google_places_service.py:68]: Found 0 places nearby coordinates (18.475, 73.785)
[2026-07-04 05:11:01,761] DEBUG [weekendr.api] [google_places_service.py:52]: Calling Google Places Nearby Search. LatLng: (18.475, 73.785), Radius: 1000, Type: casino
[2026-07-04 05:11:01,909] INFO [weekendr.api] [google_places_service.py:68]: Found 0 places nearby coordinates (18.475, 73.785)
[2026-07-04 05:11:01,909] DEBUG [weekendr.api] [google_places_service.py:52]: Calling Google Places Nearby Search. LatLng: (18.475, 73.785), Radius: 1000, Type: tourist_attraction
[2026-07-04 05:11:02,323] INFO [weekendr.api] [google_places_service.py:68]: Found 0 places nearby coordinates (18.475, 73.785)
[2026-07-04 05:11:02,324] DEBUG [weekendr.api] [google_places_service.py:52]: Calling Google Places Nearby Search. LatLng: (18.475, 73.785), Radius: 1000, Type: museum
[2026-07-04 05:11:02,743] INFO [weekendr.api] [google_places_service.py:68]: Found 0 places nearby coordinates (18.475, 73.785)
[2026-07-04 05:11:02,744] DEBUG [weekendr.api] [google_places_service.py:52]: Calling Google Places Nearby Search. LatLng: (18.475, 73.785), Radius: 1000, Type: art_gallery
[2026-07-04 05:11:03,145] INFO [weekendr.api] [google_places_service.py:68]: Found 0 places nearby coordinates (18.475, 73.785)
[2026-07-04 05:11:03,146] DEBUG [weekendr.api] [google_places_service.py:52]: Calling Google Places Nearby Search. LatLng: (18.475, 73.785), Radius: 1000, Type: park
[2026-07-04 05:11:03,262] INFO [weekendr.api] [google_places_service.py:68]: Found 0 places nearby coordinates (18.475, 73.785)
[2026-07-04 05:11:03,262] DEBUG [weekendr.api] [google_places_service.py:52]: Calling Google Places Nearby Search. LatLng: (18.475, 73.785), Radius: 1000, Type: campground
[2026-07-04 05:11:03,676] INFO [weekendr.api] [google_places_service.py:68]: Found 0 places nearby coordinates (18.475, 73.785)
[2026-07-04 05:11:03,676] DEBUG [weekendr.api] [google_places_service.py:52]: Calling Google Places Nearby Search. LatLng: (18.475, 73.785), Radius: 1000, Type: zoo
[2026-07-04 05:11:03,807] INFO [weekendr.api] [google_places_service.py:68]: Found 0 places nearby coordinates (18.475, 73.785)
[2026-07-04 05:11:03,808] DEBUG [weekendr.api] [google_places_service.py:52]: Calling Google Places Nearby Search. LatLng: (18.475, 73.785), Radius: 1000, Type: aquarium
[2026-07-04 05:11:04,245] INFO [weekendr.api] [google_places_service.py:68]: Found 0 places nearby coordinates (18.475, 73.785)
[2026-07-04 05:11:04,245] DEBUG [weekendr.api] [google_places_service.py:52]: Calling Google Places Nearby Search. LatLng: (18.475, 73.785), Radius: 1000, Type: shopping_mall
[2026-07-04 05:11:04,668] INFO [weekendr.api] [google_places_service.py:68]: Found 0 places nearby coordinates (18.475, 73.785)
[2026-07-04 05:11:04,669] DEBUG [weekendr.api] [google_places_service.py:52]: Calling Google Places Nearby Search. LatLng: (18.475, 73.785), Radius: 1000, Type: clothing_store
[2026-07-04 05:11:04,777] INFO [weekendr.api] [google_places_service.py:68]: Found 0 places nearby coordinates (18.475, 73.785)
[2026-07-04 05:11:04,777] DEBUG [weekendr.api] [google_places_service.py:52]: Calling Google Places Nearby Search. LatLng: (18.475, 73.785), Radius: 1000, Type: book_store
[2026-07-04 05:11:05,179] INFO [weekendr.api] [google_places_service.py:68]: Found 0 places nearby coordinates (18.475, 73.785)
[2026-07-04 05:11:05,179] DEBUG [weekendr.api] [google_places_service.py:52]: Calling Google Places Nearby Search. LatLng: (18.475, 73.785), Radius: 1000, Type: department_store
[2026-07-04 05:11:05,591] INFO [weekendr.api] [google_places_service.py:68]: Found 0 places nearby coordinates (18.475, 73.785)
[2026-07-04 05:11:05,591] DEBUG [weekendr.api] [google_places_service.py:52]: Calling Google Places Nearby Search. LatLng: (18.475, 73.785), Radius: 1000, Type: shoe_store
[2026-07-04 05:11:05,976] INFO [weekendr.api] [google_places_service.py:68]: Found 0 places nearby coordinates (18.475, 73.785)
[2026-07-04 05:11:05,976] DEBUG [weekendr.api] [google_places_service.py:52]: Calling Google Places Nearby Search. LatLng: (18.475, 73.8), Radius: 1000, Type: cafe
[2026-07-04 05:11:06,369] INFO [weekendr.api] [google_places_service.py:68]: Found 0 places nearby coordinates (18.475, 73.8)
[2026-07-04 05:11:06,369] DEBUG [weekendr.api] [google_places_service.py:52]: Calling Google Places Nearby Search. LatLng: (18.475, 73.8), Radius: 1000, Type: coffee_shop
[2026-07-04 05:11:06,770] INFO [weekendr.api] [google_places_service.py:68]: Found 0 places nearby coordinates (18.475, 73.8)
[2026-07-04 05:11:06,770] DEBUG [weekendr.api] [google_places_service.py:52]: Calling Google Places Nearby Search. LatLng: (18.475, 73.8), Radius: 1000, Type: bakery
[2026-07-04 05:11:07,173] INFO [weekendr.api] [google_places_service.py:68]: Found 0 places nearby coordinates (18.475, 73.8)
[2026-07-04 05:11:07,173] DEBUG [weekendr.api] [google_places_service.py:52]: Calling Google Places Nearby Search. LatLng: (18.475, 73.8), Radius: 1000, Type: confectionery
[2026-07-04 05:11:07,561] INFO [weekendr.api] [google_places_service.py:68]: Found 0 places nearby coordinates (18.475, 73.8)
[2026-07-04 05:11:07,561] DEBUG [weekendr.api] [google_places_service.py:52]: Calling Google Places Nearby Search. LatLng: (18.475, 73.8), Radius: 1000, Type: ice_cream_shop
[2026-07-04 05:11:07,955] INFO [weekendr.api] [google_places_service.py:68]: Found 0 places nearby coordinates (18.475, 73.8)
[2026-07-04 05:11:07,955] DEBUG [weekendr.api] [google_places_service.py:52]: Calling Google Places Nearby Search. LatLng: (18.475, 73.8), Radius: 1000, Type: restaurant
[2026-07-04 05:11:08,048] INFO [weekendr.api] [google_places_service.py:68]: Found 0 places nearby coordinates (18.475, 73.8)
[2026-07-04 05:11:08,048] DEBUG [weekendr.api] [google_places_service.py:52]: Calling Google Places Nearby Search. LatLng: (18.475, 73.8), Radius: 1000, Type: meal_takeaway
[2026-07-04 05:11:08,452] INFO [weekendr.api] [google_places_service.py:68]: Found 0 places nearby coordinates (18.475, 73.8)
[2026-07-04 05:11:08,452] DEBUG [weekendr.api] [google_places_service.py:52]: Calling Google Places Nearby Search. LatLng: (18.475, 73.8), Radius: 1000, Type: meal_delivery
[2026-07-04 05:11:08,842] INFO [weekendr.api] [google_places_service.py:68]: Found 0 places nearby coordinates (18.475, 73.8)
[2026-07-04 05:11:08,842] DEBUG [weekendr.api] [google_places_service.py:52]: Calling Google Places Nearby Search. LatLng: (18.475, 73.8), Radius: 1000, Type: bar
[2026-07-04 05:11:08,990] INFO [weekendr.api] [google_places_service.py:68]: Found 0 places nearby coordinates (18.475, 73.8)
[2026-07-04 05:11:08,990] DEBUG [weekendr.api] [google_places_service.py:52]: Calling Google Places Nearby Search. LatLng: (18.475, 73.8), Radius: 1000, Type: night_club
[2026-07-04 05:11:09,377] INFO [weekendr.api] [google_places_service.py:68]: Found 0 places nearby coordinates (18.475, 73.8)
[2026-07-04 05:11:09,377] DEBUG [weekendr.api] [google_places_service.py:52]: Calling Google Places Nearby Search. LatLng: (18.475, 73.8), Radius: 1000, Type: pub
[2026-07-04 05:11:09,468] INFO [weekendr.api] [google_places_service.py:68]: Found 0 places nearby coordinates (18.475, 73.8)
[2026-07-04 05:11:09,468] DEBUG [weekendr.api] [google_places_service.py:52]: Calling Google Places Nearby Search. LatLng: (18.475, 73.8), Radius: 1000, Type: amusement_park
[2026-07-04 05:11:09,878] INFO [weekendr.api] [google_places_service.py:68]: Found 0 places nearby coordinates (18.475, 73.8)
[2026-07-04 05:11:09,878] DEBUG [weekendr.api] [google_places_service.py:52]: Calling Google Places Nearby Search. LatLng: (18.475, 73.8), Radius: 1000, Type: bowling_alley
[2026-07-04 05:11:10,264] INFO [weekendr.api] [google_places_service.py:68]: Found 0 places nearby coordinates (18.475, 73.8)
[2026-07-04 05:11:10,264] DEBUG [weekendr.api] [google_places_service.py:52]: Calling Google Places Nearby Search. LatLng: (18.475, 73.8), Radius: 1000, Type: movie_theater
[2026-07-04 05:11:10,359] INFO [weekendr.api] [google_places_service.py:68]: Found 0 places nearby coordinates (18.475, 73.8)
[2026-07-04 05:11:10,359] DEBUG [weekendr.api] [google_places_service.py:52]: Calling Google Places Nearby Search. LatLng: (18.475, 73.8), Radius: 1000, Type: casino
[2026-07-04 05:11:10,756] INFO [weekendr.api] [google_places_service.py:68]: Found 0 places nearby coordinates (18.475, 73.8)
[2026-07-04 05:11:10,757] DEBUG [weekendr.api] [google_places_service.py:52]: Calling Google Places Nearby Search. LatLng: (18.475, 73.8), Radius: 1000, Type: tourist_attraction
[2026-07-04 05:11:11,160] INFO [weekendr.api] [google_places_service.py:68]: Found 0 places nearby coordinates (18.475, 73.8)
[2026-07-04 05:11:11,160] DEBUG [weekendr.api] [google_places_service.py:52]: Calling Google Places Nearby Search. LatLng: (18.475, 73.8), Radius: 1000, Type: museum
[2026-07-04 05:11:11,595] INFO [weekendr.api] [google_places_service.py:68]: Found 0 places nearby coordinates (18.475, 73.8)
[2026-07-04 05:11:11,595] DEBUG [weekendr.api] [google_places_service.py:52]: Calling Google Places Nearby Search. LatLng: (18.475, 73.8), Radius: 1000, Type: art_gallery
[2026-07-04 05:11:11,991] INFO [weekendr.api] [google_places_service.py:68]: Found 0 places nearby coordinates (18.475, 73.8)
[2026-07-04 05:11:11,991] DEBUG [weekendr.api] [google_places_service.py:52]: Calling Google Places Nearby Search. LatLng: (18.475, 73.8), Radius: 1000, Type: park
[2026-07-04 05:11:12,396] INFO [weekendr.api] [google_places_service.py:68]: Found 0 places nearby coordinates (18.475, 73.8)
[2026-07-04 05:11:12,396] DEBUG [weekendr.api] [google_places_service.py:52]: Calling Google Places Nearby Search. LatLng: (18.475, 73.8), Radius: 1000, Type: campground
[2026-07-04 05:11:12,806] INFO [weekendr.api] [google_places_service.py:68]: Found 0 places nearby coordinates (18.475, 73.8)
[2026-07-04 05:11:12,807] DEBUG [weekendr.api] [google_places_service.py:52]: Calling Google Places Nearby Search. LatLng: (18.475, 73.8), Radius: 1000, Type: zoo
[2026-07-04 05:11:12,912] INFO [weekendr.api] [google_places_service.py:68]: Found 0 places nearby coordinates (18.475, 73.8)
[2026-07-04 05:11:12,912] DEBUG [weekendr.api] [google_places_service.py:52]: Calling Google Places Nearby Search. LatLng: (18.475, 73.8), Radius: 1000, Type: aquarium
[2026-07-04 05:11:13,013] INFO [weekendr.api] [google_places_service.py:68]: Found 0 places nearby coordinates (18.475, 73.8)
[2026-07-04 05:11:13,013] DEBUG [weekendr.api] [google_places_service.py:52]: Calling Google Places Nearby Search. LatLng: (18.475, 73.8), Radius: 1000, Type: shopping_mall
[2026-07-04 05:11:13,399] INFO [weekendr.api] [google_places_service.py:68]: Found 0 places nearby coordinates (18.475, 73.8)
[2026-07-04 05:11:13,400] DEBUG [weekendr.api] [google_places_service.py:52]: Calling Google Places Nearby Search. LatLng: (18.475, 73.8), Radius: 1000, Type: clothing_store
[2026-07-04 05:11:13,817] INFO [weekendr.api] [google_places_service.py:68]: Found 0 places nearby coordinates (18.475, 73.8)
[2026-07-04 05:11:13,817] DEBUG [weekendr.api] [google_places_service.py:52]: Calling Google Places Nearby Search. LatLng: (18.475, 73.8), Radius: 1000, Type: book_store
[2026-07-04 05:11:13,913] INFO [weekendr.api] [google_places_service.py:68]: Found 0 places nearby coordinates (18.475, 73.8)
[2026-07-04 05:11:13,913] DEBUG [weekendr.api] [google_places_service.py:52]: Calling Google Places Nearby Search. LatLng: (18.475, 73.8), Radius: 1000, Type: department_store
[2026-07-04 05:11:14,329] INFO [weekendr.api] [google_places_service.py:68]: Found 0 places nearby coordinates (18.475, 73.8)
[2026-07-04 05:11:14,330] DEBUG [weekendr.api] [google_places_service.py:52]: Calling Google Places Nearby Search. LatLng: (18.475, 73.8), Radius: 1000, Type: shoe_store
[2026-07-04 05:11:36,107] INFO [weekendr.api] [google_places_service.py:68]: Found 1 places nearby coordinates (18.5204, 73.8567)
[2026-07-04 05:11:36,108] INFO [weekendr.api] [google_places_service.py:89]: Cache MISS for Google Place ID: mock_place_123. Calling API.
[2026-07-04 05:11:36,110] INFO [weekendr.api] [geocoding_service.py:110]: Reverse Geocode (18.5362, 73.889) -> Area: Koregaon Park, City: Pune
[2026-07-04 05:16:18,618] INFO [weekendr.api] [google_places_service.py:68]: Found 1 places nearby coordinates (18.54814, 73.76733)
[2026-07-04 05:16:20,123] INFO [weekendr.api] [google_places_service.py:89]: Cache MISS for Google Place ID: mock_place_123. Calling API.
[2026-07-04 05:16:53,377] INFO [weekendr.api] [google_places_service.py:68]: Found 1 places nearby coordinates (18.54814, 73.76733)
[2026-07-04 05:16:54,885] INFO [weekendr.api] [google_places_service.py:89]: Cache MISS for Google Place ID: mock_place_123. Calling API.
[2026-07-04 05:17:22,183] INFO [weekendr.api] [google_places_service.py:68]: Found 1 places nearby coordinates (18.5362, 73.889)
[2026-07-04 05:17:23,688] INFO [weekendr.api] [google_places_service.py:89]: Cache MISS for Google Place ID: mock_place_123. Calling API.
[2026-07-04 05:32:03,694] INFO [weekendr.api] [llm_client.py:32]: Calling OpenAI API with model: gpt-4o-mini
[2026-07-04 05:32:04,533] INFO [weekendr.api] [llm_client.py:32]: Calling OpenAI API with model: gpt-4o-mini
[2026-07-04 05:32:16,847] WARNING [weekendr.api] [llm_client.py:21]: OPENAI_API_KEY environment variable is not set or is placeholder. Client will operate in dry-run/mock mode.
[2026-07-04 05:32:16,848] WARNING [weekendr.api] [llm_client.py:27]: [MOCK LLM] Simulating response for: 'User request: "I'm planning a first date in Bandra. Suggest something indoors because it might rain."'
[2026-07-04 05:32:16,859] WARNING [weekendr.api] [llm_client.py:21]: OPENAI_API_KEY environment variable is not set or is placeholder. Client will operate in dry-run/mock mode.
[2026-07-04 05:32:16,859] WARNING [weekendr.api] [llm_client.py:27]: [MOCK LLM] Simulating response for: 'User request: "We're four college friends looking for something fun around Baner under ₹2500."'
[2026-07-04 05:32:29,262] WARNING [weekendr.api] [llm_client.py:21]: OPENAI_API_KEY environment variable is not set or is placeholder. Client will operate in dry-run/mock mode.
[2026-07-04 05:32:29,262] WARNING [weekendr.api] [llm_client.py:27]: [MOCK LLM] Simulating response for: 'User request: "I'm planning a first date in Bandra. Suggest something indoors because it might rain."'
[2026-07-04 05:32:29,275] WARNING [weekendr.api] [llm_client.py:21]: OPENAI_API_KEY environment variable is not set or is placeholder. Client will operate in dry-run/mock mode.
[2026-07-04 05:32:29,275] WARNING [weekendr.api] [llm_client.py:27]: [MOCK LLM] Simulating response for: 'User request: "We're four college friends looking for something fun around Baner under ₹2500."'
[2026-07-04 05:32:40,911] WARNING [weekendr.api] [llm_client.py:21]: OPENAI_API_KEY environment variable is not set or is placeholder. Client will operate in dry-run/mock mode.
[2026-07-04 05:32:40,911] WARNING [weekendr.api] [llm_client.py:27]: [MOCK LLM] Simulating response for: 'User request: "I'm planning a first date in Bandra. Suggest something indoors because it might rain."'
[2026-07-04 05:32:40,919] WARNING [weekendr.api] [llm_client.py:21]: OPENAI_API_KEY environment variable is not set or is placeholder. Client will operate in dry-run/mock mode.
[2026-07-04 05:32:40,919] WARNING [weekendr.api] [llm_client.py:27]: [MOCK LLM] Simulating response for: 'User request: "We're four college friends looking for something fun around Baner under ₹2500."'
