[2026-07-04 05:01:08,334] INFO [weekendr.sync] [logging.py:95]: Separated logging configuration loaded successfully.
[2026-07-04 05:01:08,345] INFO [app] [__init__.py:41]: Registered blueprint auth at /api/auth
[2026-07-04 05:01:08,345] INFO [app] [__init__.py:41]: Registered blueprint users at /api/users
[2026-07-04 05:01:08,346] INFO [app] [__init__.py:41]: Registered blueprint places at /api/places
[2026-07-04 05:01:08,346] INFO [app] [__init__.py:41]: Registered blueprint planner at /api/planner
[2026-07-04 05:01:08,346] INFO [app] [__init__.py:41]: Registered blueprint memories at /api/memories
[2026-07-04 05:01:08,347] INFO [app] [__init__.py:41]: Registered blueprint maps at /api/maps
[2026-07-04 05:01:08,347] INFO [app] [__init__.py:41]: Registered blueprint assistant at /api/assistant
[2026-07-04 05:03:08,016] INFO [weekendr.sync] [logging.py:95]: Separated logging configuration loaded successfully.
[2026-07-04 05:03:08,029] INFO [app] [__init__.py:41]: Registered blueprint auth at /api/auth
[2026-07-04 05:03:08,029] INFO [app] [__init__.py:41]: Registered blueprint users at /api/users
[2026-07-04 05:03:08,029] INFO [app] [__init__.py:41]: Registered blueprint places at /api/places
[2026-07-04 05:03:08,030] INFO [app] [__init__.py:41]: Registered blueprint planner at /api/planner
[2026-07-04 05:03:08,030] INFO [app] [__init__.py:41]: Registered blueprint memories at /api/memories
[2026-07-04 05:03:08,031] INFO [app] [__init__.py:41]: Registered blueprint maps at /api/maps
[2026-07-04 05:03:08,031] INFO [app] [__init__.py:41]: Registered blueprint assistant at /api/assistant
[2026-07-04 05:03:08,032] INFO [weekendr.sync] [place_cleaner.py:20]: Category mapping loaded from config. 27 types mapped.
[2026-07-04 05:03:08,032] INFO [weekendr.sync] [sync_runner.py:65]: ========================================
[2026-07-04 05:03:08,033] INFO [weekendr.sync] [sync_runner.py:66]: WEEKENDR Data Ingestion Sync Started
[2026-07-04 05:03:08,033] INFO [weekendr.sync] [sync_runner.py:67]: Options - Dry-run: True, Limit: 5
[2026-07-04 05:03:08,033] INFO [weekendr.sync] [sync_runner.py:68]: ========================================
[2026-07-04 05:03:08,033] INFO [weekendr.sync] [sync_runner.py:92]: Syncing city: Pune
[2026-07-04 05:03:08,033] INFO [weekendr.sync] [sync_runner.py:113]: Generated grid of 195 coordinate points for Pune.
[2026-07-04 05:03:08,033] INFO [weekendr.sync] [sync_runner.py:128]: Checking Grid Coordinate: (18.43, 73.74)
[2026-07-04 05:03:17,890] INFO [weekendr.sync] [sync_runner.py:128]: Checking Grid Coordinate: (18.43, 73.755)
[2026-07-04 05:03:27,540] INFO [weekendr.sync] [sync_runner.py:128]: Checking Grid Coordinate: (18.43, 73.77)
[2026-07-04 05:03:37,160] INFO [weekendr.sync] [sync_runner.py:128]: Checking Grid Coordinate: (18.43, 73.785)
[2026-07-04 05:03:46,440] INFO [weekendr.sync] [sync_runner.py:128]: Checking Grid Coordinate: (18.43, 73.8)
[2026-07-04 05:03:57,002] INFO [weekendr.sync] [sync_runner.py:128]: Checking Grid Coordinate: (18.43, 73.815)
[2026-07-04 05:04:06,591] INFO [weekendr.sync] [sync_runner.py:128]: Checking Grid Coordinate: (18.43, 73.83)
[2026-07-04 05:04:17,257] INFO [weekendr.sync] [sync_runner.py:128]: Checking Grid Coordinate: (18.43, 73.845)
[2026-07-04 05:04:27,032] INFO [weekendr.sync] [sync_runner.py:128]: Checking Grid Coordinate: (18.43, 73.86)
[2026-07-04 05:04:37,026] INFO [weekendr.sync] [sync_runner.py:128]: Checking Grid Coordinate: (18.43, 73.875)
[2026-07-04 05:04:46,633] INFO [weekendr.sync] [sync_runner.py:128]: Checking Grid Coordinate: (18.43, 73.89)
[2026-07-04 05:04:56,365] INFO [weekendr.sync] [sync_runner.py:128]: Checking Grid Coordinate: (18.43, 73.905)
[2026-07-04 05:05:06,070] INFO [weekendr.sync] [sync_runner.py:128]: Checking Grid Coordinate: (18.43, 73.92)
[2026-07-04 05:05:15,397] INFO [weekendr.sync] [sync_runner.py:128]: Checking Grid Coordinate: (18.43, 73.935)
[2026-07-04 05:05:25,202] INFO [weekendr.sync] [sync_runner.py:128]: Checking Grid Coordinate: (18.43, 73.95)
[2026-07-04 05:05:35,549] INFO [weekendr.sync] [sync_runner.py:128]: Checking Grid Coordinate: (18.445, 73.74)
[2026-07-04 05:05:45,305] INFO [weekendr.sync] [sync_runner.py:128]: Checking Grid Coordinate: (18.445, 73.755)
[2026-07-04 05:05:55,029] INFO [weekendr.sync] [sync_runner.py:128]: Checking Grid Coordinate: (18.445, 73.77)
[2026-07-04 05:06:04,446] INFO [weekendr.sync] [sync_runner.py:128]: Checking Grid Coordinate: (18.445, 73.785)
[2026-07-04 05:06:15,315] INFO [weekendr.sync] [sync_runner.py:128]: Checking Grid Coordinate: (18.445, 73.8)
[2026-07-04 05:06:25,664] INFO [weekendr.sync] [sync_runner.py:128]: Checking Grid Coordinate: (18.445, 73.815)
[2026-07-04 05:06:35,902] INFO [weekendr.sync] [sync_runner.py:128]: Checking Grid Coordinate: (18.445, 73.83)
[2026-07-04 05:06:45,896] INFO [weekendr.sync] [sync_runner.py:128]: Checking Grid Coordinate: (18.445, 73.845)
[2026-07-04 05:06:56,196] INFO [weekendr.sync] [sync_runner.py:128]: Checking Grid Coordinate: (18.445, 73.86)
[2026-07-04 05:07:04,909] INFO [weekendr.sync] [sync_runner.py:128]: Checking Grid Coordinate: (18.445, 73.875)
[2026-07-04 05:07:15,483] INFO [weekendr.sync] [sync_runner.py:128]: Checking Grid Coordinate: (18.445, 73.89)
[2026-07-04 05:07:25,081] INFO [weekendr.sync] [sync_runner.py:128]: Checking Grid Coordinate: (18.445, 73.905)
[2026-07-04 05:07:34,155] INFO [weekendr.sync] [sync_runner.py:128]: Checking Grid Coordinate: (18.445, 73.92)
[2026-07-04 05:07:43,658] INFO [weekendr.sync] [sync_runner.py:128]: Checking Grid Coordinate: (18.445, 73.935)
[2026-07-04 05:07:53,293] INFO [weekendr.sync] [sync_runner.py:128]: Checking Grid Coordinate: (18.445, 73.95)
[2026-07-04 05:08:03,760] INFO [weekendr.sync] [sync_runner.py:128]: Checking Grid Coordinate: (18.46, 73.74)
[2026-07-04 05:08:13,465] INFO [weekendr.sync] [sync_runner.py:128]: Checking Grid Coordinate: (18.46, 73.755)
[2026-07-04 05:08:23,677] INFO [weekendr.sync] [sync_runner.py:128]: Checking Grid Coordinate: (18.46, 73.77)
[2026-07-04 05:08:32,172] INFO [weekendr.sync] [sync_runner.py:128]: Checking Grid Coordinate: (18.46, 73.785)
[2026-07-04 05:08:42,368] INFO [weekendr.sync] [sync_runner.py:128]: Checking Grid Coordinate: (18.46, 73.8)
[2026-07-04 05:08:51,462] INFO [weekendr.sync] [sync_runner.py:128]: Checking Grid Coordinate: (18.46, 73.815)
[2026-07-04 05:09:02,119] INFO [weekendr.sync] [sync_runner.py:128]: Checking Grid Coordinate: (18.46, 73.83)
[2026-07-04 05:09:11,672] INFO [weekendr.sync] [sync_runner.py:128]: Checking Grid Coordinate: (18.46, 73.845)
[2026-07-04 05:09:20,584] INFO [weekendr.sync] [sync_runner.py:128]: Checking Grid Coordinate: (18.46, 73.86)
[2026-07-04 05:09:30,211] INFO [weekendr.sync] [sync_runner.py:128]: Checking Grid Coordinate: (18.46, 73.875)
[2026-07-04 05:09:39,504] INFO [weekendr.sync] [sync_runner.py:128]: Checking Grid Coordinate: (18.46, 73.89)
[2026-07-04 05:09:49,711] INFO [weekendr.sync] [sync_runner.py:128]: Checking Grid Coordinate: (18.46, 73.905)
[2026-07-04 05:09:58,782] INFO [weekendr.sync] [sync_runner.py:128]: Checking Grid Coordinate: (18.46, 73.92)
[2026-07-04 05:10:08,243] INFO [weekendr.sync] [sync_runner.py:128]: Checking Grid Coordinate: (18.46, 73.935)
[2026-07-04 05:10:18,354] INFO [weekendr.sync] [sync_runner.py:128]: Checking Grid Coordinate: (18.46, 73.95)
[2026-07-04 05:10:28,605] INFO [weekendr.sync] [sync_runner.py:128]: Checking Grid Coordinate: (18.475, 73.74)
[2026-07-04 05:10:38,197] INFO [weekendr.sync] [sync_runner.py:128]: Checking Grid Coordinate: (18.475, 73.755)
[2026-07-04 05:10:48,079] INFO [weekendr.sync] [sync_runner.py:128]: Checking Grid Coordinate: (18.475, 73.77)
[2026-07-04 05:10:57,386] INFO [weekendr.sync] [sync_runner.py:128]: Checking Grid Coordinate: (18.475, 73.785)
[2026-07-04 05:11:05,976] INFO [weekendr.sync] [sync_runner.py:128]: Checking Grid Coordinate: (18.475, 73.8)
[2026-07-04 05:11:35,923] INFO [weekendr.sync] [logging.py:95]: Separated logging configuration loaded successfully.
[2026-07-04 05:11:36,049] INFO [app] [__init__.py:41]: Registered blueprint auth at /api/auth
[2026-07-04 05:11:36,050] INFO [app] [__init__.py:41]: Registered blueprint users at /api/users
[2026-07-04 05:11:36,051] INFO [app] [__init__.py:41]: Registered blueprint places at /api/places
[2026-07-04 05:11:36,052] INFO [app] [__init__.py:41]: Registered blueprint planner at /api/planner
[2026-07-04 05:11:36,052] INFO [app] [__init__.py:41]: Registered blueprint memories at /api/memories
[2026-07-04 05:11:36,053] INFO [app] [__init__.py:41]: Registered blueprint maps at /api/maps
[2026-07-04 05:11:36,054] INFO [app] [__init__.py:41]: Registered blueprint assistant at /api/assistant
[2026-07-04 05:11:36,078] INFO [weekendr.sync] [place_cleaner.py:20]: Category mapping loaded from config. 27 types mapped.
[2026-07-04 05:11:36,078] INFO [weekendr.sync] [sync_runner.py:65]: ========================================
[2026-07-04 05:11:36,078] INFO [weekendr.sync] [sync_runner.py:66]: WEEKENDR Data Ingestion Sync Started
[2026-07-04 05:11:36,078] INFO [weekendr.sync] [sync_runner.py:67]: Options - Dry-run: False, Limit: 1
[2026-07-04 05:11:36,078] INFO [weekendr.sync] [sync_runner.py:68]: ========================================
[2026-07-04 05:11:36,078] INFO [weekendr.sync] [sync_runner.py:92]: Syncing city: Pune
[2026-07-04 05:11:36,106] INFO [weekendr.sync] [database_loader.py:25]: Database: Created new City: Pune
[2026-07-04 05:11:36,107] INFO [weekendr.sync] [sync_runner.py:113]: Generated grid of 1 coordinate points for Pune.
[2026-07-04 05:11:36,107] INFO [weekendr.sync] [sync_runner.py:128]: Checking Grid Coordinate: (18.5204, 73.8567)
[2026-07-04 05:11:36,114] INFO [weekendr.sync] [database_loader.py:46]: Database: Created new Area: Koregaon Park for City ID 1
[2026-07-04 05:11:36,116] INFO [weekendr.sync] [database_loader.py:61]: Database: Created new Category: Cafe
[2026-07-04 05:11:36,118] INFO [weekendr.sync] [database_loader.py:78]: Database: Created new Tag: Late Night
[2026-07-04 05:11:36,118] INFO [weekendr.sync] [database_loader.py:78]: Database: Created new Tag: Family Friendly
[2026-07-04 05:11:36,119] INFO [weekendr.sync] [database_loader.py:78]: Database: Created new Tag: Instagrammable
[2026-07-04 05:11:36,131] INFO [weekendr.sync] [database_loader.py:211]: Database: INSERTED place: 'German Bakery' (ID: 1, Cat: Cafe)
[2026-07-04 05:11:36,131] INFO [weekendr.sync] [sync_runner.py:257]: ========================================
[2026-07-04 05:11:36,131] INFO [weekendr.sync] [sync_runner.py:258]: WEEKENDR Data Ingestion Sync Completed
[2026-07-04 05:11:36,131] INFO [weekendr.sync] [sync_runner.py:259]: ----------------------------------------
[2026-07-04 05:11:36,131] INFO [weekendr.sync] [sync_runner.py:260]: Cities Processed:        1
[2026-07-04 05:11:36,131] INFO [weekendr.sync] [sync_runner.py:261]: Grid Coordinate Checked: 1
[2026-07-04 05:11:36,131] INFO [weekendr.sync] [sync_runner.py:262]: Places Discovered:       1
[2026-07-04 05:11:36,131] INFO [weekendr.sync] [sync_runner.py:263]: Places Inserted:         1
[2026-07-04 05:11:36,131] INFO [weekendr.sync] [sync_runner.py:264]: Places Updated:          0
[2026-07-04 05:11:36,131] INFO [weekendr.sync] [sync_runner.py:265]: Places Rejected:         0
[2026-07-04 05:11:36,131] INFO [weekendr.sync] [sync_runner.py:266]: Duplicates Skipped:      0
[2026-07-04 05:11:36,132] INFO [weekendr.sync] [sync_runner.py:267]: Errors Encountered:      0
[2026-07-04 05:11:36,132] INFO [weekendr.sync] [sync_runner.py:268]: ========================================
[2026-07-04 05:16:17,055] INFO [weekendr.sync] [logging.py:95]: Separated logging configuration loaded successfully.
[2026-07-04 05:16:17,069] INFO [app] [__init__.py:41]: Registered blueprint auth at /api/auth
[2026-07-04 05:16:17,070] INFO [app] [__init__.py:41]: Registered blueprint users at /api/users
[2026-07-04 05:16:17,070] INFO [app] [__init__.py:41]: Registered blueprint places at /api/places
[2026-07-04 05:16:17,070] INFO [app] [__init__.py:41]: Registered blueprint planner at /api/planner
[2026-07-04 05:16:17,071] INFO [app] [__init__.py:41]: Registered blueprint memories at /api/memories
[2026-07-04 05:16:17,071] INFO [app] [__init__.py:41]: Registered blueprint maps at /api/maps
[2026-07-04 05:16:17,071] INFO [app] [__init__.py:41]: Registered blueprint assistant at /api/assistant
[2026-07-04 05:16:17,079] INFO [weekendr.sync] [place_cleaner.py:20]: Category mapping loaded from config. 27 types mapped.
[2026-07-04 05:16:17,080] INFO [weekendr.sync] [sync_runner.py:178]: =============================================
[2026-07-04 05:16:17,080] INFO [weekendr.sync] [sync_runner.py:179]: WEEKENDR City Collection Strategy Crawler Started
[2026-07-04 05:16:17,080] INFO [weekendr.sync] [sync_runner.py:180]: ---------------------------------------------
[2026-07-04 05:16:17,080] INFO [weekendr.sync] [sync_runner.py:215]: Processing City: Pune (Maharashtra, India)
[2026-07-04 05:16:17,113] INFO [weekendr.sync] [database_loader.py:25]: Database: Created new City: Pune
[2026-07-04 05:16:17,113] INFO [weekendr.sync] [sync_runner.py:266]: Ingesting Area: Baner [Priority: High, Radius: 1200m]
[2026-07-04 05:16:17,113] INFO [weekendr.sync] [sync_runner.py:282]: Split Area 'Baner' into 9 search grid points.
[2026-07-04 05:16:17,113] INFO [weekendr.sync] [sync_runner.py:289]: Running Ingestion. Area: 'Baner' -> Category: 'Cafe'
[2026-07-04 05:16:20,135] INFO [weekendr.sync] [database_loader.py:46]: Database: Created new Area: Baner for City ID 1
[2026-07-04 05:16:20,139] INFO [weekendr.sync] [database_loader.py:61]: Database: Created new Category: Cafe
[2026-07-04 05:16:20,144] INFO [weekendr.sync] [database_loader.py:78]: Database: Created new Tag: Late Night
[2026-07-04 05:16:20,146] INFO [weekendr.sync] [database_loader.py:78]: Database: Created new Tag: Family Friendly
[2026-07-04 05:16:20,149] INFO [weekendr.sync] [database_loader.py:78]: Database: Created new Tag: Instagrammable
[2026-07-04 05:16:20,167] INFO [weekendr.sync] [database_loader.py:211]: Database: INSERTED place: 'German Bakery' (ID: 1, Cat: Cafe)
[2026-07-04 05:16:20,167] INFO [weekendr.sync] [sync_runner.py:289]: Running Ingestion. Area: 'Baner' -> Category: 'Restaurant'
[2026-07-04 05:16:20,168] INFO [weekendr.sync] [sync_runner.py:289]: Running Ingestion. Area: 'Baner' -> Category: 'Dessert'
[2026-07-04 05:16:20,168] INFO [weekendr.sync] [sync_runner.py:289]: Running Ingestion. Area: 'Baner' -> Category: 'Street Food'
[2026-07-04 05:16:20,169] INFO [weekendr.sync] [sync_runner.py:289]: Running Ingestion. Area: 'Baner' -> Category: 'Gaming'
[2026-07-04 05:16:20,169] INFO [weekendr.sync] [sync_runner.py:289]: Running Ingestion. Area: 'Baner' -> Category: 'Go Karting'
[2026-07-04 05:16:20,169] INFO [weekendr.sync] [sync_runner.py:289]: Running Ingestion. Area: 'Baner' -> Category: 'Bowling'
[2026-07-04 05:16:20,169] INFO [weekendr.sync] [sync_runner.py:289]: Running Ingestion. Area: 'Baner' -> Category: 'Escape Room'
[2026-07-04 05:16:20,170] INFO [weekendr.sync] [sync_runner.py:289]: Running Ingestion. Area: 'Baner' -> Category: 'Live Music'
[2026-07-04 05:16:20,170] INFO [weekendr.sync] [sync_runner.py:289]: Running Ingestion. Area: 'Baner' -> Category: 'Comedy Club'
[2026-07-04 05:16:20,171] INFO [weekendr.sync] [sync_runner.py:289]: Running Ingestion. Area: 'Baner' -> Category: 'Rooftop'
[2026-07-04 05:16:20,172] INFO [weekendr.sync] [sync_runner.py:289]: Running Ingestion. Area: 'Baner' -> Category: 'Nightlife'
[2026-07-04 05:16:20,172] INFO [weekendr.sync] [sync_runner.py:289]: Running Ingestion. Area: 'Baner' -> Category: 'Mall'
[2026-07-04 05:16:20,175] INFO [weekendr.sync] [sync_runner.py:289]: Running Ingestion. Area: 'Baner' -> Category: 'Street Shopping'
[2026-07-04 05:16:20,175] INFO [weekendr.sync] [sync_runner.py:289]: Running Ingestion. Area: 'Baner' -> Category: 'Movie Theatre'
[2026-07-04 05:16:20,176] INFO [weekendr.sync] [sync_runner.py:289]: Running Ingestion. Area: 'Baner' -> Category: 'Park'
[2026-07-04 05:16:20,176] INFO [weekendr.sync] [sync_runner.py:289]: Running Ingestion. Area: 'Baner' -> Category: 'Garden'
[2026-07-04 05:16:20,176] INFO [weekendr.sync] [sync_runner.py:289]: Running Ingestion. Area: 'Baner' -> Category: 'Lake'
[2026-07-04 05:16:20,177] INFO [weekendr.sync] [sync_runner.py:289]: Running Ingestion. Area: 'Baner' -> Category: 'Fort'
[2026-07-04 05:16:20,177] INFO [weekendr.sync] [sync_runner.py:289]: Running Ingestion. Area: 'Baner' -> Category: 'View Point'
[2026-07-04 05:16:20,177] INFO [weekendr.sync] [sync_runner.py:289]: Running Ingestion. Area: 'Baner' -> Category: 'Workshop'
[2026-07-04 05:16:20,178] INFO [weekendr.sync] [sync_runner.py:289]: Running Ingestion. Area: 'Baner' -> Category: 'Sports'
[2026-07-04 05:16:20,178] INFO [weekendr.sync] [sync_runner.py:289]: Running Ingestion. Area: 'Baner' -> Category: 'Adventure'
[2026-07-04 05:16:20,179] INFO [weekendr.sync] [sync_runner.py:289]: Running Ingestion. Area: 'Baner' -> Category: 'Nature'
[2026-07-04 05:16:20,179] INFO [weekendr.sync] [sync_runner.py:289]: Running Ingestion. Area: 'Baner' -> Category: 'Bookstore'
[2026-07-04 05:16:20,180] INFO [weekendr.sync] [sync_runner.py:289]: Running Ingestion. Area: 'Baner' -> Category: 'Coworking Cafe'
[2026-07-04 05:16:20,180] INFO [weekendr.sync] [sync_runner.py:289]: Running Ingestion. Area: 'Baner' -> Category: 'Pet Cafe'
[2026-07-04 05:16:20,180] INFO [weekendr.sync] [sync_runner.py:289]: Running Ingestion. Area: 'Baner' -> Category: 'Museum'
[2026-07-04 05:16:20,181] INFO [weekendr.sync] [sync_runner.py:289]: Running Ingestion. Area: 'Baner' -> Category: 'Temple'
[2026-07-04 05:16:20,182] INFO [weekendr.sync] [sync_runner.py:266]: Ingesting Area: Balewadi [Priority: High, Radius: 1000m]
[2026-07-04 05:16:20,182] INFO [weekendr.sync] [sync_runner.py:282]: Split Area 'Balewadi' into 9 search grid points.
[2026-07-04 05:16:20,183] INFO [weekendr.sync] [sync_runner.py:289]: Running Ingestion. Area: 'Balewadi' -> Category: 'Cafe'
[2026-07-04 05:16:20,183] INFO [weekendr.sync] [sync_runner.py:289]: Running Ingestion. Area: 'Balewadi' -> Category: 'Restaurant'
[2026-07-04 05:16:20,184] INFO [weekendr.sync] [sync_runner.py:289]: Running Ingestion. Area: 'Balewadi' -> Category: 'Dessert'
[2026-07-04 05:16:20,184] INFO [weekendr.sync] [sync_runner.py:289]: Running Ingestion. Area: 'Balewadi' -> Category: 'Street Food'
[2026-07-04 05:16:20,185] INFO [weekendr.sync] [sync_runner.py:289]: Running Ingestion. Area: 'Balewadi' -> Category: 'Gaming'
[2026-07-04 05:16:20,185] INFO [weekendr.sync] [sync_runner.py:289]: Running Ingestion. Area: 'Balewadi' -> Category: 'Go Karting'
[2026-07-04 05:16:20,186] INFO [weekendr.sync] [sync_runner.py:289]: Running Ingestion. Area: 'Balewadi' -> Category: 'Bowling'
[2026-07-04 05:16:20,186] INFO [weekendr.sync] [sync_runner.py:289]: Running Ingestion. Area: 'Balewadi' -> Category: 'Escape Room'
[2026-07-04 05:16:20,187] INFO [weekendr.sync] [sync_runner.py:289]: Running Ingestion. Area: 'Balewadi' -> Category: 'Live Music'
[2026-07-04 05:16:20,187] INFO [weekendr.sync] [sync_runner.py:289]: Running Ingestion. Area: 'Balewadi' -> Category: 'Comedy Club'
[2026-07-04 05:16:20,188] INFO [weekendr.sync] [sync_runner.py:289]: Running Ingestion. Area: 'Balewadi' -> Category: 'Rooftop'
[2026-07-04 05:16:20,188] INFO [weekendr.sync] [sync_runner.py:289]: Running Ingestion. Area: 'Balewadi' -> Category: 'Nightlife'
[2026-07-04 05:16:20,188] INFO [weekendr.sync] [sync_runner.py:289]: Running Ingestion. Area: 'Balewadi' -> Category: 'Mall'
[2026-07-04 05:16:20,189] INFO [weekendr.sync] [sync_runner.py:289]: Running Ingestion. Area: 'Balewadi' -> Category: 'Street Shopping'
[2026-07-04 05:16:20,190] INFO [weekendr.sync] [sync_runner.py:289]: Running Ingestion. Area: 'Balewadi' -> Category: 'Movie Theatre'
[2026-07-04 05:16:20,190] INFO [weekendr.sync] [sync_runner.py:289]: Running Ingestion. Area: 'Balewadi' -> Category: 'Park'
[2026-07-04 05:16:20,191] INFO [weekendr.sync] [sync_runner.py:289]: Running Ingestion. Area: 'Balewadi' -> Category: 'Garden'
[2026-07-04 05:16:20,192] INFO [weekendr.sync] [sync_runner.py:289]: Running Ingestion. Area: 'Balewadi' -> Category: 'Lake'
[2026-07-04 05:16:20,192] INFO [weekendr.sync] [sync_runner.py:289]: Running Ingestion. Area: 'Balewadi' -> Category: 'Fort'
[2026-07-04 05:16:20,193] INFO [weekendr.sync] [sync_runner.py:289]: Running Ingestion. Area: 'Balewadi' -> Category: 'View Point'
[2026-07-04 05:16:20,193] INFO [weekendr.sync] [sync_runner.py:289]: Running Ingestion. Area: 'Balewadi' -> Category: 'Workshop'
[2026-07-04 05:16:20,194] INFO [weekendr.sync] [sync_runner.py:289]: Running Ingestion. Area: 'Balewadi' -> Category: 'Sports'
[2026-07-04 05:16:20,194] INFO [weekendr.sync] [sync_runner.py:289]: Running Ingestion. Area: 'Balewadi' -> Category: 'Adventure'
[2026-07-04 05:16:20,194] INFO [weekendr.sync] [sync_runner.py:289]: Running Ingestion. Area: 'Balewadi' -> Category: 'Nature'
[2026-07-04 05:16:20,195] INFO [weekendr.sync] [sync_runner.py:289]: Running Ingestion. Area: 'Balewadi' -> Category: 'Bookstore'
[2026-07-04 05:16:20,195] INFO [weekendr.sync] [sync_runner.py:289]: Running Ingestion. Area: 'Balewadi' -> Category: 'Coworking Cafe'
[2026-07-04 05:16:20,195] INFO [weekendr.sync] [sync_runner.py:289]: Running Ingestion. Area: 'Balewadi' -> Category: 'Pet Cafe'
[2026-07-04 05:16:20,196] INFO [weekendr.sync] [sync_runner.py:289]: Running Ingestion. Area: 'Balewadi' -> Category: 'Museum'
[2026-07-04 05:16:20,196] INFO [weekendr.sync] [sync_runner.py:289]: Running Ingestion. Area: 'Balewadi' -> Category: 'Temple'
[2026-07-04 05:16:20,197] INFO [weekendr.sync] [sync_runner.py:266]: Ingesting Area: FC Road [Priority: High, Radius: 800m]
[2026-07-04 05:16:20,197] INFO [weekendr.sync] [sync_runner.py:282]: Split Area 'FC Road' into 4 search grid points.
[2026-07-04 05:16:20,197] INFO [weekendr.sync] [sync_runner.py:289]: Running Ingestion. Area: 'FC Road' -> Category: 'Cafe'
[2026-07-04 05:16:20,197] INFO [weekendr.sync] [sync_runner.py:289]: Running Ingestion. Area: 'FC Road' -> Category: 'Restaurant'
[2026-07-04 05:16:20,198] INFO [weekendr.sync] [sync_runner.py:289]: Running Ingestion. Area: 'FC Road' -> Category: 'Dessert'
[2026-07-04 05:16:20,199] INFO [weekendr.sync] [sync_runner.py:289]: Running Ingestion. Area: 'FC Road' -> Category: 'Street Food'
[2026-07-04 05:16:20,199] INFO [weekendr.sync] [sync_runner.py:289]: Running Ingestion. Area: 'FC Road' -> Category: 'Gaming'
[2026-07-04 05:16:20,200] INFO [weekendr.sync] [sync_runner.py:289]: Running Ingestion. Area: 'FC Road' -> Category: 'Go Karting'
[2026-07-04 05:16:20,200] INFO [weekendr.sync] [sync_runner.py:289]: Running Ingestion. Area: 'FC Road' -> Category: 'Bowling'
[2026-07-04 05:16:20,201] INFO [weekendr.sync] [sync_runner.py:289]: Running Ingestion. Area: 'FC Road' -> Category: 'Escape Room'
[2026-07-04 05:16:20,201] INFO [weekendr.sync] [sync_runner.py:289]: Running Ingestion. Area: 'FC Road' -> Category: 'Live Music'
[2026-07-04 05:16:20,201] INFO [weekendr.sync] [sync_runner.py:289]: Running Ingestion. Area: 'FC Road' -> Category: 'Comedy Club'
[2026-07-04 05:16:20,202] INFO [weekendr.sync] [sync_runner.py:289]: Running Ingestion. Area: 'FC Road' -> Category: 'Rooftop'
[2026-07-04 05:16:20,202] INFO [weekendr.sync] [sync_runner.py:289]: Running Ingestion. Area: 'FC Road' -> Category: 'Nightlife'
[2026-07-04 05:16:20,203] INFO [weekendr.sync] [sync_runner.py:289]: Running Ingestion. Area: 'FC Road' -> Category: 'Mall'
[2026-07-04 05:16:20,203] INFO [weekendr.sync] [sync_runner.py:289]: Running Ingestion. Area: 'FC Road' -> Category: 'Street Shopping'
[2026-07-04 05:16:20,203] INFO [weekendr.sync] [sync_runner.py:289]: Running Ingestion. Area: 'FC Road' -> Category: 'Movie Theatre'
[2026-07-04 05:16:20,204] INFO [weekendr.sync] [sync_runner.py:289]: Running Ingestion. Area: 'FC Road' -> Category: 'Park'
[2026-07-04 05:16:20,204] INFO [weekendr.sync] [sync_runner.py:289]: Running Ingestion. Area: 'FC Road' -> Category: 'Garden'
[2026-07-04 05:16:20,205] INFO [weekendr.sync] [sync_runner.py:289]: Running Ingestion. Area: 'FC Road' -> Category: 'Lake'
[2026-07-04 05:16:20,205] INFO [weekendr.sync] [sync_runner.py:289]: Running Ingestion. Area: 'FC Road' -> Category: 'Fort'
[2026-07-04 05:16:20,206] INFO [weekendr.sync] [sync_runner.py:289]: Running Ingestion. Area: 'FC Road' -> Category: 'View Point'
[2026-07-04 05:16:20,206] INFO [weekendr.sync] [sync_runner.py:289]: Running Ingestion. Area: 'FC Road' -> Category: 'Workshop'
[2026-07-04 05:16:20,207] INFO [weekendr.sync] [sync_runner.py:289]: Running Ingestion. Area: 'FC Road' -> Category: 'Sports'
[2026-07-04 05:16:20,207] INFO [weekendr.sync] [sync_runner.py:289]: Running Ingestion. Area: 'FC Road' -> Category: 'Adventure'
[2026-07-04 05:16:20,207] INFO [weekendr.sync] [sync_runner.py:289]: Running Ingestion. Area: 'FC Road' -> Category: 'Nature'
[2026-07-04 05:16:20,208] INFO [weekendr.sync] [sync_runner.py:289]: Running Ingestion. Area: 'FC Road' -> Category: 'Bookstore'
[2026-07-04 05:16:20,209] INFO [weekendr.sync] [sync_runner.py:289]: Running Ingestion. Area: 'FC Road' -> Category: 'Coworking Cafe'
[2026-07-04 05:16:20,209] INFO [weekendr.sync] [sync_runner.py:289]: Running Ingestion. Area: 'FC Road' -> Category: 'Pet Cafe'
[2026-07-04 05:16:20,209] INFO [weekendr.sync] [sync_runner.py:289]: Running Ingestion. Area: 'FC Road' -> Category: 'Museum'
[2026-07-04 05:16:20,210] INFO [weekendr.sync] [sync_runner.py:289]: Running Ingestion. Area: 'FC Road' -> Category: 'Temple'
[2026-07-04 05:16:20,210] INFO [weekendr.sync] [sync_runner.py:266]: Ingesting Area: JM Road [Priority: High, Radius: 800m]
[2026-07-04 05:16:20,210] INFO [weekendr.sync] [sync_runner.py:282]: Split Area 'JM Road' into 4 search grid points.
[2026-07-04 05:16:20,210] INFO [weekendr.sync] [sync_runner.py:289]: Running Ingestion. Area: 'JM Road' -> Category: 'Cafe'
[2026-07-04 05:16:20,211] INFO [weekendr.sync] [sync_runner.py:289]: Running Ingestion. Area: 'JM Road' -> Category: 'Restaurant'
[2026-07-04 05:16:20,211] INFO [weekendr.sync] [sync_runner.py:289]: Running Ingestion. Area: 'JM Road' -> Category: 'Dessert'
[2026-07-04 05:16:20,212] INFO [weekendr.sync] [sync_runner.py:289]: Running Ingestion. Area: 'JM Road' -> Category: 'Street Food'
[2026-07-04 05:16:20,212] INFO [weekendr.sync] [sync_runner.py:289]: Running Ingestion. Area: 'JM Road' -> Category: 'Gaming'
[2026-07-04 05:16:20,213] INFO [weekendr.sync] [sync_runner.py:289]: Running Ingestion. Area: 'JM Road' -> Category: 'Go Karting'
[2026-07-04 05:16:20,213] INFO [weekendr.sync] [sync_runner.py:289]: Running Ingestion. Area: 'JM Road' -> Category: 'Bowling'
[2026-07-04 05:16:20,213] INFO [weekendr.sync] [sync_runner.py:289]: Running Ingestion. Area: 'JM Road' -> Category: 'Escape Room'
[2026-07-04 05:16:20,214] INFO [weekendr.sync] [sync_runner.py:289]: Running Ingestion. Area: 'JM Road' -> Category: 'Live Music'
[2026-07-04 05:16:20,214] INFO [weekendr.sync] [sync_runner.py:289]: Running Ingestion. Area: 'JM Road' -> Category: 'Comedy Club'
[2026-07-04 05:16:20,215] INFO [weekendr.sync] [sync_runner.py:289]: Running Ingestion. Area: 'JM Road' -> Category: 'Rooftop'
[2026-07-04 05:16:20,216] INFO [weekendr.sync] [sync_runner.py:289]: Running Ingestion. Area: 'JM Road' -> Category: 'Nightlife'
[2026-07-04 05:16:20,216] INFO [weekendr.sync] [sync_runner.py:289]: Running Ingestion. Area: 'JM Road' -> Category: 'Mall'
[2026-07-04 05:16:20,217] INFO [weekendr.sync] [sync_runner.py:289]: Running Ingestion. Area: 'JM Road' -> Category: 'Street Shopping'
[2026-07-04 05:16:20,217] INFO [weekendr.sync] [sync_runner.py:289]: Running Ingestion. Area: 'JM Road' -> Category: 'Movie Theatre'
[2026-07-04 05:16:20,218] INFO [weekendr.sync] [sync_runner.py:289]: Running Ingestion. Area: 'JM Road' -> Category: 'Park'
[2026-07-04 05:16:20,218] INFO [weekendr.sync] [sync_runner.py:289]: Running Ingestion. Area: 'JM Road' -> Category: 'Garden'
[2026-07-04 05:16:20,219] INFO [weekendr.sync] [sync_runner.py:289]: Running Ingestion. Area: 'JM Road' -> Category: 'Lake'
[2026-07-04 05:16:20,219] INFO [weekendr.sync] [sync_runner.py:289]: Running Ingestion. Area: 'JM Road' -> Category: 'Fort'
[2026-07-04 05:16:20,220] INFO [weekendr.sync] [sync_runner.py:289]: Running Ingestion. Area: 'JM Road' -> Category: 'View Point'
[2026-07-04 05:16:20,220] INFO [weekendr.sync] [sync_runner.py:289]: Running Ingestion. Area: 'JM Road' -> Category: 'Workshop'
[2026-07-04 05:16:20,221] INFO [weekendr.sync] [sync_runner.py:289]: Running Ingestion. Area: 'JM Road' -> Category: 'Sports'
[2026-07-04 05:16:20,221] INFO [weekendr.sync] [sync_runner.py:289]: Running Ingestion. Area: 'JM Road' -> Category: 'Adventure'
[2026-07-04 05:16:20,221] INFO [weekendr.sync] [sync_runner.py:289]: Running Ingestion. Area: 'JM Road' -> Category: 'Nature'
[2026-07-04 05:16:20,222] INFO [weekendr.sync] [sync_runner.py:289]: Running Ingestion. Area: 'JM Road' -> Category: 'Bookstore'
[2026-07-04 05:16:20,222] INFO [weekendr.sync] [sync_runner.py:289]: Running Ingestion. Area: 'JM Road' -> Category: 'Coworking Cafe'
[2026-07-04 05:16:20,222] INFO [weekendr.sync] [sync_runner.py:289]: Running Ingestion. Area: 'JM Road' -> Category: 'Pet Cafe'
[2026-07-04 05:16:20,223] INFO [weekendr.sync] [sync_runner.py:289]: Running Ingestion. Area: 'JM Road' -> Category: 'Museum'
[2026-07-04 05:16:20,224] INFO [weekendr.sync] [sync_runner.py:289]: Running Ingestion. Area: 'JM Road' -> Category: 'Temple'
[2026-07-04 05:16:20,225] INFO [weekendr.sync] [sync_runner.py:266]: Ingesting Area: Koregaon Park [Priority: High, Radius: 1200m]
[2026-07-04 05:16:20,225] INFO [weekendr.sync] [sync_runner.py:282]: Split Area 'Koregaon Park' into 9 search grid points.
[2026-07-04 05:16:20,225] INFO [weekendr.sync] [sync_runner.py:289]: Running Ingestion. Area: 'Koregaon Park' -> Category: 'Cafe'
[2026-07-04 05:16:20,226] INFO [weekendr.sync] [sync_runner.py:289]: Running Ingestion. Area: 'Koregaon Park' -> Category: 'Restaurant'
[2026-07-04 05:16:20,226] INFO [weekendr.sync] [sync_runner.py:289]: Running Ingestion. Area: 'Koregaon Park' -> Category: 'Dessert'
[2026-07-04 05:16:20,227] INFO [weekendr.sync] [sync_runner.py:289]: Running Ingestion. Area: 'Koregaon Park' -> Category: 'Street Food'
[2026-07-04 05:16:20,228] INFO [weekendr.sync] [sync_runner.py:289]: Running Ingestion. Area: 'Koregaon Park' -> Category: 'Gaming'
[2026-07-04 05:16:20,228] INFO [weekendr.sync] [sync_runner.py:289]: Running Ingestion. Area: 'Koregaon Park' -> Category: 'Go Karting'
[2026-07-04 05:16:20,229] INFO [weekendr.sync] [sync_runner.py:289]: Running Ingestion. Area: 'Koregaon Park' -> Category: 'Bowling'
[2026-07-04 05:16:20,229] INFO [weekendr.sync] [sync_runner.py:289]: Running Ingestion. Area: 'Koregaon Park' -> Category: 'Escape Room'
[2026-07-04 05:16:20,230] INFO [weekendr.sync] [sync_runner.py:289]: Running Ingestion. Area: 'Koregaon Park' -> Category: 'Live Music'
[2026-07-04 05:16:20,230] INFO [weekendr.sync] [sync_runner.py:289]: Running Ingestion. Area: 'Koregaon Park' -> Category: 'Comedy Club'
[2026-07-04 05:16:20,231] INFO [weekendr.sync] [sync_runner.py:289]: Running Ingestion. Area: 'Koregaon Park' -> Category: 'Rooftop'
[2026-07-04 05:16:20,231] INFO [weekendr.sync] [sync_runner.py:289]: Running Ingestion. Area: 'Koregaon Park' -> Category: 'Nightlife'
[2026-07-04 05:16:20,232] INFO [weekendr.sync] [sync_runner.py:289]: Running Ingestion. Area: 'Koregaon Park' -> Category: 'Mall'
[2026-07-04 05:16:20,232] INFO [weekendr.sync] [sync_runner.py:289]: Running Ingestion. Area: 'Koregaon Park' -> Category: 'Street Shopping'
[2026-07-04 05:16:20,232] INFO [weekendr.sync] [sync_runner.py:289]: Running Ingestion. Area: 'Koregaon Park' -> Category: 'Movie Theatre'
[2026-07-04 05:16:20,232] INFO [weekendr.sync] [sync_runner.py:289]: Running Ingestion. Area: 'Koregaon Park' -> Category: 'Park'
[2026-07-04 05:16:20,233] INFO [weekendr.sync] [sync_runner.py:289]: Running Ingestion. Area: 'Koregaon Park' -> Category: 'Garden'
[2026-07-04 05:16:20,233] INFO [weekendr.sync] [sync_runner.py:289]: Running Ingestion. Area: 'Koregaon Park' -> Category: 'Lake'
[2026-07-04 05:16:20,233] INFO [weekendr.sync] [sync_runner.py:289]: Running Ingestion. Area: 'Koregaon Park' -> Category: 'Fort'
[2026-07-04 05:16:20,233] INFO [weekendr.sync] [sync_runner.py:289]: Running Ingestion. Area: 'Koregaon Park' -> Category: 'View Point'
[2026-07-04 05:16:20,234] INFO [weekendr.sync] [sync_runner.py:289]: Running Ingestion. Area: 'Koregaon Park' -> Category: 'Workshop'
[2026-07-04 05:16:20,234] INFO [weekendr.sync] [sync_runner.py:289]: Running Ingestion. Area: 'Koregaon Park' -> Category: 'Sports'
[2026-07-04 05:16:20,236] INFO [weekendr.sync] [sync_runner.py:289]: Running Ingestion. Area: 'Koregaon Park' -> Category: 'Adventure'
[2026-07-04 05:16:20,236] INFO [weekendr.sync] [sync_runner.py:289]: Running Ingestion. Area: 'Koregaon Park' -> Category: 'Nature'
[2026-07-04 05:16:20,236] INFO [weekendr.sync] [sync_runner.py:289]: Running Ingestion. Area: 'Koregaon Park' -> Category: 'Bookstore'
[2026-07-04 05:16:20,237] INFO [weekendr.sync] [sync_runner.py:289]: Running Ingestion. Area: 'Koregaon Park' -> Category: 'Coworking Cafe'
[2026-07-04 05:16:20,237] INFO [weekendr.sync] [sync_runner.py:289]: Running Ingestion. Area: 'Koregaon Park' -> Category: 'Pet Cafe'
[2026-07-04 05:16:20,237] INFO [weekendr.sync] [sync_runner.py:289]: Running Ingestion. Area: 'Koregaon Park' -> Category: 'Museum'
[2026-07-04 05:16:20,238] INFO [weekendr.sync] [sync_runner.py:289]: Running Ingestion. Area: 'Koregaon Park' -> Category: 'Temple'
[2026-07-04 05:16:20,238] INFO [weekendr.sync] [sync_runner.py:266]: Ingesting Area: Kalyani Nagar [Priority: High, Radius: 1000m]
[2026-07-04 05:16:20,238] INFO [weekendr.sync] [sync_runner.py:282]: Split Area 'Kalyani Nagar' into 9 search grid points.
[2026-07-04 05:16:20,238] INFO [weekendr.sync] [sync_runner.py:289]: Running Ingestion. Area: 'Kalyani Nagar' -> Category: 'Cafe'
[2026-07-04 05:16:20,238] INFO [weekendr.sync] [sync_runner.py:289]: Running Ingestion. Area: 'Kalyani Nagar' -> Category: 'Restaurant'
[2026-07-04 05:16:20,239] INFO [weekendr.sync] [sync_runner.py:289]: Running Ingestion. Area: 'Kalyani Nagar' -> Category: 'Dessert'
[2026-07-04 05:16:20,240] INFO [weekendr.sync] [sync_runner.py:289]: Running Ingestion. Area: 'Kalyani Nagar' -> Category: 'Street Food'
[2026-07-04 05:16:20,240] INFO [weekendr.sync] [sync_runner.py:289]: Running Ingestion. Area: 'Kalyani Nagar' -> Category: 'Gaming'
[2026-07-04 05:16:20,241] INFO [weekendr.sync] [sync_runner.py:289]: Running Ingestion. Area: 'Kalyani Nagar' -> Category: 'Go Karting'
[2026-07-04 05:16:20,241] INFO [weekendr.sync] [sync_runner.py:289]: Running Ingestion. Area: 'Kalyani Nagar' -> Category: 'Bowling'
[2026-07-04 05:16:20,241] INFO [weekendr.sync] [sync_runner.py:289]: Running Ingestion. Area: 'Kalyani Nagar' -> Category: 'Escape Room'
[2026-07-04 05:16:20,242] INFO [weekendr.sync] [sync_runner.py:289]: Running Ingestion. Area: 'Kalyani Nagar' -> Category: 'Live Music'
[2026-07-04 05:16:20,242] INFO [weekendr.sync] [sync_runner.py:289]: Running Ingestion. Area: 'Kalyani Nagar' -> Category: 'Comedy Club'
[2026-07-04 05:16:20,242] INFO [weekendr.sync] [sync_runner.py:289]: Running Ingestion. Area: 'Kalyani Nagar' -> Category: 'Rooftop'
[2026-07-04 05:16:20,243] INFO [weekendr.sync] [sync_runner.py:289]: Running Ingestion. Area: 'Kalyani Nagar' -> Category: 'Nightlife'
[2026-07-04 05:16:20,243] INFO [weekendr.sync] [sync_runner.py:289]: Running Ingestion. Area: 'Kalyani Nagar' -> Category: 'Mall'
[2026-07-04 05:16:20,243] INFO [weekendr.sync] [sync_runner.py:289]: Running Ingestion. Area: 'Kalyani Nagar' -> Category: 'Street Shopping'
[2026-07-04 05:16:20,244] INFO [weekendr.sync] [sync_runner.py:289]: Running Ingestion. Area: 'Kalyani Nagar' -> Category: 'Movie Theatre'
[2026-07-04 05:16:20,244] INFO [weekendr.sync] [sync_runner.py:289]: Running Ingestion. Area: 'Kalyani Nagar' -> Category: 'Park'
[2026-07-04 05:16:20,244] INFO [weekendr.sync] [sync_runner.py:289]: Running Ingestion. Area: 'Kalyani Nagar' -> Category: 'Garden'
[2026-07-04 05:16:20,245] INFO [weekendr.sync] [sync_runner.py:289]: Running Ingestion. Area: 'Kalyani Nagar' -> Category: 'Lake'
[2026-07-04 05:16:20,245] INFO [weekendr.sync] [sync_runner.py:289]: Running Ingestion. Area: 'Kalyani Nagar' -> Category: 'Fort'
[2026-07-04 05:16:20,245] INFO [weekendr.sync] [sync_runner.py:289]: Running Ingestion. Area: 'Kalyani Nagar' -> Category: 'View Point'
[2026-07-04 05:16:20,246] INFO [weekendr.sync] [sync_runner.py:289]: Running Ingestion. Area: 'Kalyani Nagar' -> Category: 'Workshop'
[2026-07-04 05:16:20,246] INFO [weekendr.sync] [sync_runner.py:289]: Running Ingestion. Area: 'Kalyani Nagar' -> Category: 'Sports'
[2026-07-04 05:16:20,247] INFO [weekendr.sync] [sync_runner.py:289]: Running Ingestion. Area: 'Kalyani Nagar' -> Category: 'Adventure'
[2026-07-04 05:16:20,247] INFO [weekendr.sync] [sync_runner.py:289]: Running Ingestion. Area: 'Kalyani Nagar' -> Category: 'Nature'
[2026-07-04 05:16:20,247] INFO [weekendr.sync] [sync_runner.py:289]: Running Ingestion. Area: 'Kalyani Nagar' -> Category: 'Bookstore'
[2026-07-04 05:16:20,248] INFO [weekendr.sync] [sync_runner.py:289]: Running Ingestion. Area: 'Kalyani Nagar' -> Category: 'Coworking Cafe'
[2026-07-04 05:16:20,248] INFO [weekendr.sync] [sync_runner.py:289]: Running Ingestion. Area: 'Kalyani Nagar' -> Category: 'Pet Cafe'
[2026-07-04 05:16:20,248] INFO [weekendr.sync] [sync_runner.py:289]: Running Ingestion. Area: 'Kalyani Nagar' -> Category: 'Museum'
[2026-07-04 05:16:20,249] INFO [weekendr.sync] [sync_runner.py:289]: Running Ingestion. Area: 'Kalyani Nagar' -> Category: 'Temple'
[2026-07-04 05:16:20,249] INFO [weekendr.sync] [sync_runner.py:266]: Ingesting Area: Viman Nagar [Priority: High, Radius: 1200m]
[2026-07-04 05:16:20,249] INFO [weekendr.sync] [sync_runner.py:282]: Split Area 'Viman Nagar' into 9 search grid points.
[2026-07-04 05:16:20,249] INFO [weekendr.sync] [sync_runner.py:289]: Running Ingestion. Area: 'Viman Nagar' -> Category: 'Cafe'
[2026-07-04 05:16:20,250] INFO [weekendr.sync] [sync_runner.py:289]: Running Ingestion. Area: 'Viman Nagar' -> Category: 'Restaurant'
[2026-07-04 05:16:20,250] INFO [weekendr.sync] [sync_runner.py:289]: Running Ingestion. Area: 'Viman Nagar' -> Category: 'Dessert'
[2026-07-04 05:16:20,251] INFO [weekendr.sync] [sync_runner.py:289]: Running Ingestion. Area: 'Viman Nagar' -> Category: 'Street Food'
[2026-07-04 05:16:20,251] INFO [weekendr.sync] [sync_runner.py:289]: Running Ingestion. Area: 'Viman Nagar' -> Category: 'Gaming'
[2026-07-04 05:16:20,252] INFO [weekendr.sync] [sync_runner.py:289]: Running Ingestion. Area: 'Viman Nagar' -> Category: 'Go Karting'
[2026-07-04 05:16:20,252] INFO [weekendr.sync] [sync_runner.py:289]: Running Ingestion. Area: 'Viman Nagar' -> Category: 'Bowling'
[2026-07-04 05:16:20,252] INFO [weekendr.sync] [sync_runner.py:289]: Running Ingestion. Area: 'Viman Nagar' -> Category: 'Escape Room'
[2026-07-04 05:16:20,253] INFO [weekendr.sync] [sync_runner.py:289]: Running Ingestion. Area: 'Viman Nagar' -> Category: 'Live Music'
[2026-07-04 05:16:20,253] INFO [weekendr.sync] [sync_runner.py:289]: Running Ingestion. Area: 'Viman Nagar' -> Category: 'Comedy Club'
[2026-07-04 05:16:20,254] INFO [weekendr.sync] [sync_runner.py:289]: Running Ingestion. Area: 'Viman Nagar' -> Category: 'Rooftop'
[2026-07-04 05:16:20,254] INFO [weekendr.sync] [sync_runner.py:289]: Running Ingestion. Area: 'Viman Nagar' -> Category: 'Nightlife'
[2026-07-04 05:16:20,255] INFO [weekendr.sync] [sync_runner.py:289]: Running Ingestion. Area: 'Viman Nagar' -> Category: 'Mall'
[2026-07-04 05:16:20,256] INFO [weekendr.sync] [sync_runner.py:289]: Running Ingestion. Area: 'Viman Nagar' -> Category: 'Street Shopping'
[2026-07-04 05:16:20,256] INFO [weekendr.sync] [sync_runner.py:289]: Running Ingestion. Area: 'Viman Nagar' -> Category: 'Movie Theatre'
[2026-07-04 05:16:20,257] INFO [weekendr.sync] [sync_runner.py:289]: Running Ingestion. Area: 'Viman Nagar' -> Category: 'Park'
[2026-07-04 05:16:20,257] INFO [weekendr.sync] [sync_runner.py:289]: Running Ingestion. Area: 'Viman Nagar' -> Category: 'Garden'
[2026-07-04 05:16:20,257] INFO [weekendr.sync] [sync_runner.py:289]: Running Ingestion. Area: 'Viman Nagar' -> Category: 'Lake'
[2026-07-04 05:16:20,258] INFO [weekendr.sync] [sync_runner.py:289]: Running Ingestion. Area: 'Viman Nagar' -> Category: 'Fort'
[2026-07-04 05:16:20,258] INFO [weekendr.sync] [sync_runner.py:289]: Running Ingestion. Area: 'Viman Nagar' -> Category: 'View Point'
[2026-07-04 05:16:20,259] INFO [weekendr.sync] [sync_runner.py:289]: Running Ingestion. Area: 'Viman Nagar' -> Category: 'Workshop'
[2026-07-04 05:16:20,259] INFO [weekendr.sync] [sync_runner.py:289]: Running Ingestion. Area: 'Viman Nagar' -> Category: 'Sports'
[2026-07-04 05:16:20,259] INFO [weekendr.sync] [sync_runner.py:289]: Running Ingestion. Area: 'Viman Nagar' -> Category: 'Adventure'
[2026-07-04 05:16:20,260] INFO [weekendr.sync] [sync_runner.py:289]: Running Ingestion. Area: 'Viman Nagar' -> Category: 'Nature'
[2026-07-04 05:16:20,260] INFO [weekendr.sync] [sync_runner.py:289]: Running Ingestion. Area: 'Viman Nagar' -> Category: 'Bookstore'
[2026-07-04 05:16:20,261] INFO [weekendr.sync] [sync_runner.py:289]: Running Ingestion. Area: 'Viman Nagar' -> Category: 'Coworking Cafe'
[2026-07-04 05:16:20,261] INFO [weekendr.sync] [sync_runner.py:289]: Running Ingestion. Area: 'Viman Nagar' -> Category: 'Pet Cafe'
[2026-07-04 05:16:20,262] INFO [weekendr.sync] [sync_runner.py:289]: Running Ingestion. Area: 'Viman Nagar' -> Category: 'Museum'
[2026-07-04 05:16:20,262] INFO [weekendr.sync] [sync_runner.py:289]: Running Ingestion. Area: 'Viman Nagar' -> Category: 'Temple'
[2026-07-04 05:16:20,262] INFO [weekendr.sync] [sync_runner.py:266]: Ingesting Area: Kothrud [Priority: High, Radius: 1500m]
[2026-07-04 05:16:20,263] INFO [weekendr.sync] [sync_runner.py:282]: Split Area 'Kothrud' into 9 search grid points.
[2026-07-04 05:16:20,263] INFO [weekendr.sync] [sync_runner.py:289]: Running Ingestion. Area: 'Kothrud' -> Category: 'Cafe'
[2026-07-04 05:16:20,263] INFO [weekendr.sync] [sync_runner.py:289]: Running Ingestion. Area: 'Kothrud' -> Category: 'Restaurant'
[2026-07-04 05:16:20,263] INFO [weekendr.sync] [sync_runner.py:289]: Running Ingestion. Area: 'Kothrud' -> Category: 'Dessert'
[2026-07-04 05:16:20,264] INFO [weekendr.sync] [sync_runner.py:289]: Running Ingestion. Area: 'Kothrud' -> Category: 'Street Food'
[2026-07-04 05:16:20,264] INFO [weekendr.sync] [sync_runner.py:289]: Running Ingestion. Area: 'Kothrud' -> Category: 'Gaming'
[2026-07-04 05:16:20,265] INFO [weekendr.sync] [sync_runner.py:289]: Running Ingestion. Area: 'Kothrud' -> Category: 'Go Karting'
[2026-07-04 05:16:20,265] INFO [weekendr.sync] [sync_runner.py:289]: Running Ingestion. Area: 'Kothrud' -> Category: 'Bowling'
[2026-07-04 05:16:20,266] INFO [weekendr.sync] [sync_runner.py:289]: Running Ingestion. Area: 'Kothrud' -> Category: 'Escape Room'
[2026-07-04 05:16:20,266] INFO [weekendr.sync] [sync_runner.py:289]: Running Ingestion. Area: 'Kothrud' -> Category: 'Live Music'
[2026-07-04 05:16:20,267] INFO [weekendr.sync] [sync_runner.py:289]: Running Ingestion. Area: 'Kothrud' -> Category: 'Comedy Club'
[2026-07-04 05:16:20,267] INFO [weekendr.sync] [sync_runner.py:289]: Running Ingestion. Area: 'Kothrud' -> Category: 'Rooftop'
[2026-07-04 05:16:20,268] INFO [weekendr.sync] [sync_runner.py:289]: Running Ingestion. Area: 'Kothrud' -> Category: 'Nightlife'
[2026-07-04 05:16:20,268] INFO [weekendr.sync] [sync_runner.py:289]: Running Ingestion. Area: 'Kothrud' -> Category: 'Mall'
[2026-07-04 05:16:20,269] INFO [weekendr.sync] [sync_runner.py:289]: Running Ingestion. Area: 'Kothrud' -> Category: 'Street Shopping'
[2026-07-04 05:16:20,269] INFO [weekendr.sync] [sync_runner.py:289]: Running Ingestion. Area: 'Kothrud' -> Category: 'Movie Theatre'
[2026-07-04 05:16:20,270] INFO [weekendr.sync] [sync_runner.py:289]: Running Ingestion. Area: 'Kothrud' -> Category: 'Park'
[2026-07-04 05:16:20,270] INFO [weekendr.sync] [sync_runner.py:289]: Running Ingestion. Area: 'Kothrud' -> Category: 'Garden'
[2026-07-04 05:16:20,271] INFO [weekendr.sync] [sync_runner.py:289]: Running Ingestion. Area: 'Kothrud' -> Category: 'Lake'
[2026-07-04 05:16:20,271] INFO [weekendr.sync] [sync_runner.py:289]: Running Ingestion. Area: 'Kothrud' -> Category: 'Fort'
[2026-07-04 05:16:20,272] INFO [weekendr.sync] [sync_runner.py:289]: Running Ingestion. Area: 'Kothrud' -> Category: 'View Point'
[2026-07-04 05:16:20,272] INFO [weekendr.sync] [sync_runner.py:289]: Running Ingestion. Area: 'Kothrud' -> Category: 'Workshop'
[2026-07-04 05:16:20,272] INFO [weekendr.sync] [sync_runner.py:289]: Running Ingestion. Area: 'Kothrud' -> Category: 'Sports'
[2026-07-04 05:16:20,273] INFO [weekendr.sync] [sync_runner.py:289]: Running Ingestion. Area: 'Kothrud' -> Category: 'Adventure'
[2026-07-04 05:16:20,273] INFO [weekendr.sync] [sync_runner.py:289]: Running Ingestion. Area: 'Kothrud' -> Category: 'Nature'
[2026-07-04 05:16:20,274] INFO [weekendr.sync] [sync_runner.py:289]: Running Ingestion. Area: 'Kothrud' -> Category: 'Bookstore'
[2026-07-04 05:16:20,274] INFO [weekendr.sync] [sync_runner.py:289]: Running Ingestion. Area: 'Kothrud' -> Category: 'Coworking Cafe'
[2026-07-04 05:16:20,275] INFO [weekendr.sync] [sync_runner.py:289]: Running Ingestion. Area: 'Kothrud' -> Category: 'Pet Cafe'
[2026-07-04 05:16:20,275] INFO [weekendr.sync] [sync_runner.py:289]: Running Ingestion. Area: 'Kothrud' -> Category: 'Museum'
[2026-07-04 05:16:20,275] INFO [weekendr.sync] [sync_runner.py:289]: Running Ingestion. Area: 'Kothrud' -> Category: 'Temple'
[2026-07-04 05:16:20,276] INFO [weekendr.sync] [sync_runner.py:266]: Ingesting Area: Camp [Priority: High, Radius: 1200m]
[2026-07-04 05:16:20,276] INFO [weekendr.sync] [sync_runner.py:282]: Split Area 'Camp' into 9 search grid points.
[2026-07-04 05:16:20,276] INFO [weekendr.sync] [sync_runner.py:289]: Running Ingestion. Area: 'Camp' -> Category: 'Cafe'
[2026-07-04 05:16:20,277] INFO [weekendr.sync] [sync_runner.py:289]: Running Ingestion. Area: 'Camp' -> Category: 'Restaurant'
[2026-07-04 05:16:20,277] INFO [weekendr.sync] [sync_runner.py:289]: Running Ingestion. Area: 'Camp' -> Category: 'Dessert'
[2026-07-04 05:16:20,278] INFO [weekendr.sync] [sync_runner.py:289]: Running Ingestion. Area: 'Camp' -> Category: 'Street Food'
[2026-07-04 05:16:20,278] INFO [weekendr.sync] [sync_runner.py:289]: Running Ingestion. Area: 'Camp' -> Category: 'Gaming'
[2026-07-04 05:16:20,278] INFO [weekendr.sync] [sync_runner.py:289]: Running Ingestion. Area: 'Camp' -> Category: 'Go Karting'
[2026-07-04 05:16:20,279] INFO [weekendr.sync] [sync_runner.py:289]: Running Ingestion. Area: 'Camp' -> Category: 'Bowling'
[2026-07-04 05:16:20,279] INFO [weekendr.sync] [sync_runner.py:289]: Running Ingestion. Area: 'Camp' -> Category: 'Escape Room'
[2026-07-04 05:16:20,279] INFO [weekendr.sync] [sync_runner.py:289]: Running Ingestion. Area: 'Camp' -> Category: 'Live Music'
[2026-07-04 05:16:20,280] INFO [weekendr.sync] [sync_runner.py:289]: Running Ingestion. Area: 'Camp' -> Category: 'Comedy Club'
[2026-07-04 05:16:20,280] INFO [weekendr.sync] [sync_runner.py:289]: Running Ingestion. Area: 'Camp' -> Category: 'Rooftop'
[2026-07-04 05:16:20,281] INFO [weekendr.sync] [sync_runner.py:289]: Running Ingestion. Area: 'Camp' -> Category: 'Nightlife'
[2026-07-04 05:16:20,281] INFO [weekendr.sync] [sync_runner.py:289]: Running Ingestion. Area: 'Camp' -> Category: 'Mall'
[2026-07-04 05:16:20,282] INFO [weekendr.sync] [sync_runner.py:289]: Running Ingestion. Area: 'Camp' -> Category: 'Street Shopping'
[2026-07-04 05:16:20,282] INFO [weekendr.sync] [sync_runner.py:289]: Running Ingestion. Area: 'Camp' -> Category: 'Movie Theatre'
[2026-07-04 05:16:20,283] INFO [weekendr.sync] [sync_runner.py:289]: Running Ingestion. Area: 'Camp' -> Category: 'Park'
[2026-07-04 05:16:20,283] INFO [weekendr.sync] [sync_runner.py:289]: Running Ingestion. Area: 'Camp' -> Category: 'Garden'
[2026-07-04 05:16:20,284] INFO [weekendr.sync] [sync_runner.py:289]: Running Ingestion. Area: 'Camp' -> Category: 'Lake'
[2026-07-04 05:16:20,284] INFO [weekendr.sync] [sync_runner.py:289]: Running Ingestion. Area: 'Camp' -> Category: 'Fort'
[2026-07-04 05:16:20,285] INFO [weekendr.sync] [sync_runner.py:289]: Running Ingestion. Area: 'Camp' -> Category: 'View Point'
[2026-07-04 05:16:20,285] INFO [weekendr.sync] [sync_runner.py:289]: Running Ingestion. Area: 'Camp' -> Category: 'Workshop'
[2026-07-04 05:16:20,286] INFO [weekendr.sync] [sync_runner.py:289]: Running Ingestion. Area: 'Camp' -> Category: 'Sports'
[2026-07-04 05:16:20,286] INFO [weekendr.sync] [sync_runner.py:289]: Running Ingestion. Area: 'Camp' -> Category: 'Adventure'
[2026-07-04 05:16:20,287] INFO [weekendr.sync] [sync_runner.py:289]: Running Ingestion. Area: 'Camp' -> Category: 'Nature'
[2026-07-04 05:16:20,288] INFO [weekendr.sync] [sync_runner.py:289]: Running Ingestion. Area: 'Camp' -> Category: 'Bookstore'
[2026-07-04 05:16:20,289] INFO [weekendr.sync] [sync_runner.py:289]: Running Ingestion. Area: 'Camp' -> Category: 'Coworking Cafe'
[2026-07-04 05:16:20,289] INFO [weekendr.sync] [sync_runner.py:289]: Running Ingestion. Area: 'Camp' -> Category: 'Pet Cafe'
[2026-07-04 05:16:20,290] INFO [weekendr.sync] [sync_runner.py:289]: Running Ingestion. Area: 'Camp' -> Category: 'Museum'
[2026-07-04 05:16:20,290] INFO [weekendr.sync] [sync_runner.py:289]: Running Ingestion. Area: 'Camp' -> Category: 'Temple'
[2026-07-04 05:16:20,291] INFO [weekendr.sync] [sync_runner.py:266]: Ingesting Area: Aundh [Priority: High, Radius: 1000m]
[2026-07-04 05:16:20,291] INFO [weekendr.sync] [sync_runner.py:282]: Split Area 'Aundh' into 9 search grid points.
[2026-07-04 05:16:20,291] INFO [weekendr.sync] [sync_runner.py:289]: Running Ingestion. Area: 'Aundh' -> Category: 'Cafe'
[2026-07-04 05:16:20,291] INFO [weekendr.sync] [sync_runner.py:289]: Running Ingestion. Area: 'Aundh' -> Category: 'Restaurant'
[2026-07-04 05:16:20,292] INFO [weekendr.sync] [sync_runner.py:289]: Running Ingestion. Area: 'Aundh' -> Category: 'Dessert'
[2026-07-04 05:16:20,293] INFO [weekendr.sync] [sync_runner.py:289]: Running Ingestion. Area: 'Aundh' -> Category: 'Street Food'
[2026-07-04 05:16:20,293] INFO [weekendr.sync] [sync_runner.py:289]: Running Ingestion. Area: 'Aundh' -> Category: 'Gaming'
[2026-07-04 05:16:20,294] INFO [weekendr.sync] [sync_runner.py:289]: Running Ingestion. Area: 'Aundh' -> Category: 'Go Karting'
[2026-07-04 05:16:20,294] INFO [weekendr.sync] [sync_runner.py:289]: Running Ingestion. Area: 'Aundh' -> Category: 'Bowling'
[2026-07-04 05:16:20,294] INFO [weekendr.sync] [sync_runner.py:289]: Running Ingestion. Area: 'Aundh' -> Category: 'Escape Room'
[2026-07-04 05:16:20,295] INFO [weekendr.sync] [sync_runner.py:289]: Running Ingestion. Area: 'Aundh' -> Category: 'Live Music'
[2026-07-04 05:16:20,296] INFO [weekendr.sync] [sync_runner.py:289]: Running Ingestion. Area: 'Aundh' -> Category: 'Comedy Club'
[2026-07-04 05:16:20,296] INFO [weekendr.sync] [sync_runner.py:289]: Running Ingestion. Area: 'Aundh' -> Category: 'Rooftop'
[2026-07-04 05:16:20,297] INFO [weekendr.sync] [sync_runner.py:289]: Running Ingestion. Area: 'Aundh' -> Category: 'Nightlife'
[2026-07-04 05:16:20,298] INFO [weekendr.sync] [sync_runner.py:289]: Running Ingestion. Area: 'Aundh' -> Category: 'Mall'
[2026-07-04 05:16:20,298] INFO [weekendr.sync] [sync_runner.py:289]: Running Ingestion. Area: 'Aundh' -> Category: 'Street Shopping'
[2026-07-04 05:16:20,299] INFO [weekendr.sync] [sync_runner.py:289]: Running Ingestion. Area: 'Aundh' -> Category: 'Movie Theatre'
[2026-07-04 05:16:20,299] INFO [weekendr.sync] [sync_runner.py:289]: Running Ingestion. Area: 'Aundh' -> Category: 'Park'
[2026-07-04 05:16:20,300] INFO [weekendr.sync] [sync_runner.py:289]: Running Ingestion. Area: 'Aundh' -> Category: 'Garden'
[2026-07-04 05:16:20,300] INFO [weekendr.sync] [sync_runner.py:289]: Running Ingestion. Area: 'Aundh' -> Category: 'Lake'
[2026-07-04 05:16:20,301] INFO [weekendr.sync] [sync_runner.py:289]: Running Ingestion. Area: 'Aundh' -> Category: 'Fort'
[2026-07-04 05:16:20,301] INFO [weekendr.sync] [sync_runner.py:289]: Running Ingestion. Area: 'Aundh' -> Category: 'View Point'
[2026-07-04 05:16:20,301] INFO [weekendr.sync] [sync_runner.py:289]: Running Ingestion. Area: 'Aundh' -> Category: 'Workshop'
[2026-07-04 05:16:20,302] INFO [weekendr.sync] [sync_runner.py:289]: Running Ingestion. Area: 'Aundh' -> Category: 'Sports'
[2026-07-04 05:16:20,302] INFO [weekendr.sync] [sync_runner.py:289]: Running Ingestion. Area: 'Aundh' -> Category: 'Adventure'
[2026-07-04 05:16:20,303] INFO [weekendr.sync] [sync_runner.py:289]: Running Ingestion. Area: 'Aundh' -> Category: 'Nature'
[2026-07-04 05:16:20,303] INFO [weekendr.sync] [sync_runner.py:289]: Running Ingestion. Area: 'Aundh' -> Category: 'Bookstore'
[2026-07-04 05:16:20,303] INFO [weekendr.sync] [sync_runner.py:289]: Running Ingestion. Area: 'Aundh' -> Category: 'Coworking Cafe'
[2026-07-04 05:16:20,304] INFO [weekendr.sync] [sync_runner.py:289]: Running Ingestion. Area: 'Aundh' -> Category: 'Pet Cafe'
[2026-07-04 05:16:20,304] INFO [weekendr.sync] [sync_runner.py:289]: Running Ingestion. Area: 'Aundh' -> Category: 'Museum'
[2026-07-04 05:16:20,304] INFO [weekendr.sync] [sync_runner.py:289]: Running Ingestion. Area: 'Aundh' -> Category: 'Temple'
[2026-07-04 05:16:20,305] INFO [weekendr.sync] [sync_runner.py:266]: Ingesting Area: Shivajinagar [Priority: Medium, Radius: 1000m]
[2026-07-04 05:16:20,305] INFO [weekendr.sync] [sync_runner.py:282]: Split Area 'Shivajinagar' into 9 search grid points.
[2026-07-04 05:16:20,305] INFO [weekendr.sync] [sync_runner.py:289]: Running Ingestion. Area: 'Shivajinagar' -> Category: 'Cafe'
[2026-07-04 05:16:20,305] INFO [weekendr.sync] [sync_runner.py:289]: Running Ingestion. Area: 'Shivajinagar' -> Category: 'Restaurant'
[2026-07-04 05:16:20,305] INFO [weekendr.sync] [sync_runner.py:289]: Running Ingestion. Area: 'Shivajinagar' -> Category: 'Dessert'
[2026-07-04 05:16:20,306] INFO [weekendr.sync] [sync_runner.py:289]: Running Ingestion. Area: 'Shivajinagar' -> Category: 'Street Food'
[2026-07-04 05:16:20,306] INFO [weekendr.sync] [sync_runner.py:289]: Running Ingestion. Area: 'Shivajinagar' -> Category: 'Gaming'
[2026-07-04 05:16:20,308] INFO [weekendr.sync] [sync_runner.py:289]: Running Ingestion. Area: 'Shivajinagar' -> Category: 'Go Karting'
[2026-07-04 05:16:20,308] INFO [weekendr.sync] [sync_runner.py:289]: Running Ingestion. Area: 'Shivajinagar' -> Category: 'Bowling'
[2026-07-04 05:16:20,309] INFO [weekendr.sync] [sync_runner.py:289]: Running Ingestion. Area: 'Shivajinagar' -> Category: 'Escape Room'
[2026-07-04 05:16:20,309] INFO [weekendr.sync] [sync_runner.py:289]: Running Ingestion. Area: 'Shivajinagar' -> Category: 'Live Music'
[2026-07-04 05:16:20,309] INFO [weekendr.sync] [sync_runner.py:289]: Running Ingestion. Area: 'Shivajinagar' -> Category: 'Comedy Club'
[2026-07-04 05:16:20,310] INFO [weekendr.sync] [sync_runner.py:289]: Running Ingestion. Area: 'Shivajinagar' -> Category: 'Rooftop'
[2026-07-04 05:16:20,310] INFO [weekendr.sync] [sync_runner.py:289]: Running Ingestion. Area: 'Shivajinagar' -> Category: 'Nightlife'
[2026-07-04 05:16:20,310] INFO [weekendr.sync] [sync_runner.py:289]: Running Ingestion. Area: 'Shivajinagar' -> Category: 'Mall'
[2026-07-04 05:16:20,311] INFO [weekendr.sync] [sync_runner.py:289]: Running Ingestion. Area: 'Shivajinagar' -> Category: 'Street Shopping'
[2026-07-04 05:16:20,311] INFO [weekendr.sync] [sync_runner.py:289]: Running Ingestion. Area: 'Shivajinagar' -> Category: 'Movie Theatre'
[2026-07-04 05:16:20,312] INFO [weekendr.sync] [sync_runner.py:289]: Running Ingestion. Area: 'Shivajinagar' -> Category: 'Park'
[2026-07-04 05:16:20,312] INFO [weekendr.sync] [sync_runner.py:289]: Running Ingestion. Area: 'Shivajinagar' -> Category: 'Garden'
[2026-07-04 05:16:20,313] INFO [weekendr.sync] [sync_runner.py:289]: Running Ingestion. Area: 'Shivajinagar' -> Category: 'Lake'
[2026-07-04 05:16:20,314] INFO [weekendr.sync] [sync_runner.py:289]: Running Ingestion. Area: 'Shivajinagar' -> Category: 'Fort'
[2026-07-04 05:16:20,314] INFO [weekendr.sync] [sync_runner.py:289]: Running Ingestion. Area: 'Shivajinagar' -> Category: 'View Point'
[2026-07-04 05:16:20,315] INFO [weekendr.sync] [sync_runner.py:289]: Running Ingestion. Area: 'Shivajinagar' -> Category: 'Workshop'
[2026-07-04 05:16:20,315] INFO [weekendr.sync] [sync_runner.py:289]: Running Ingestion. Area: 'Shivajinagar' -> Category: 'Sports'
[2026-07-04 05:16:20,316] INFO [weekendr.sync] [sync_runner.py:289]: Running Ingestion. Area: 'Shivajinagar' -> Category: 'Adventure'
[2026-07-04 05:16:20,316] INFO [weekendr.sync] [sync_runner.py:289]: Running Ingestion. Area: 'Shivajinagar' -> Category: 'Nature'
[2026-07-04 05:16:20,316] INFO [weekendr.sync] [sync_runner.py:289]: Running Ingestion. Area: 'Shivajinagar' -> Category: 'Bookstore'
[2026-07-04 05:16:20,317] INFO [weekendr.sync] [sync_runner.py:289]: Running Ingestion. Area: 'Shivajinagar' -> Category: 'Coworking Cafe'
[2026-07-04 05:16:20,317] INFO [weekendr.sync] [sync_runner.py:289]: Running Ingestion. Area: 'Shivajinagar' -> Category: 'Pet Cafe'
[2026-07-04 05:16:20,318] INFO [weekendr.sync] [sync_runner.py:289]: Running Ingestion. Area: 'Shivajinagar' -> Category: 'Museum'
[2026-07-04 05:16:20,318] INFO [weekendr.sync] [sync_runner.py:289]: Running Ingestion. Area: 'Shivajinagar' -> Category: 'Temple'
[2026-07-04 05:16:20,318] INFO [weekendr.sync] [sync_runner.py:266]: Ingesting Area: Hadapsar [Priority: Medium, Radius: 1500m]
[2026-07-04 05:16:20,319] INFO [weekendr.sync] [sync_runner.py:282]: Split Area 'Hadapsar' into 9 search grid points.
[2026-07-04 05:16:20,319] INFO [weekendr.sync] [sync_runner.py:289]: Running Ingestion. Area: 'Hadapsar' -> Category: 'Cafe'
[2026-07-04 05:16:20,319] INFO [weekendr.sync] [sync_runner.py:289]: Running Ingestion. Area: 'Hadapsar' -> Category: 'Restaurant'
[2026-07-04 05:16:20,319] INFO [weekendr.sync] [sync_runner.py:289]: Running Ingestion. Area: 'Hadapsar' -> Category: 'Dessert'
[2026-07-04 05:16:20,320] INFO [weekendr.sync] [sync_runner.py:289]: Running Ingestion. Area: 'Hadapsar' -> Category: 'Street Food'
[2026-07-04 05:16:20,320] INFO [weekendr.sync] [sync_runner.py:289]: Running Ingestion. Area: 'Hadapsar' -> Category: 'Gaming'
[2026-07-04 05:16:20,320] INFO [weekendr.sync] [sync_runner.py:289]: Running Ingestion. Area: 'Hadapsar' -> Category: 'Go Karting'
[2026-07-04 05:16:20,321] INFO [weekendr.sync] [sync_runner.py:289]: Running Ingestion. Area: 'Hadapsar' -> Category: 'Bowling'
[2026-07-04 05:16:20,321] INFO [weekendr.sync] [sync_runner.py:289]: Running Ingestion. Area: 'Hadapsar' -> Category: 'Escape Room'
[2026-07-04 05:16:20,322] INFO [weekendr.sync] [sync_runner.py:289]: Running Ingestion. Area: 'Hadapsar' -> Category: 'Live Music'
[2026-07-04 05:16:20,322] INFO [weekendr.sync] [sync_runner.py:289]: Running Ingestion. Area: 'Hadapsar' -> Category: 'Comedy Club'
[2026-07-04 05:16:20,323] INFO [weekendr.sync] [sync_runner.py:289]: Running Ingestion. Area: 'Hadapsar' -> Category: 'Rooftop'
[2026-07-04 05:16:20,323] INFO [weekendr.sync] [sync_runner.py:289]: Running Ingestion. Area: 'Hadapsar' -> Category: 'Nightlife'
[2026-07-04 05:16:20,323] INFO [weekendr.sync] [sync_runner.py:289]: Running Ingestion. Area: 'Hadapsar' -> Category: 'Mall'
[2026-07-04 05:16:20,324] INFO [weekendr.sync] [sync_runner.py:289]: Running Ingestion. Area: 'Hadapsar' -> Category: 'Street Shopping'
[2026-07-04 05:16:20,324] INFO [weekendr.sync] [sync_runner.py:289]: Running Ingestion. Area: 'Hadapsar' -> Category: 'Movie Theatre'
[2026-07-04 05:16:20,324] INFO [weekendr.sync] [sync_runner.py:289]: Running Ingestion. Area: 'Hadapsar' -> Category: 'Park'
[2026-07-04 05:16:20,325] INFO [weekendr.sync] [sync_runner.py:289]: Running Ingestion. Area: 'Hadapsar' -> Category: 'Garden'
[2026-07-04 05:16:20,325] INFO [weekendr.sync] [sync_runner.py:289]: Running Ingestion. Area: 'Hadapsar' -> Category: 'Lake'
[2026-07-04 05:16:20,326] INFO [weekendr.sync] [sync_runner.py:289]: Running Ingestion. Area: 'Hadapsar' -> Category: 'Fort'
[2026-07-04 05:16:20,326] INFO [weekendr.sync] [sync_runner.py:289]: Running Ingestion. Area: 'Hadapsar' -> Category: 'View Point'
[2026-07-04 05:16:20,327] INFO [weekendr.sync] [sync_runner.py:289]: Running Ingestion. Area: 'Hadapsar' -> Category: 'Workshop'
[2026-07-04 05:16:20,327] INFO [weekendr.sync] [sync_runner.py:289]: Running Ingestion. Area: 'Hadapsar' -> Category: 'Sports'
[2026-07-04 05:16:20,327] INFO [weekendr.sync] [sync_runner.py:289]: Running Ingestion. Area: 'Hadapsar' -> Category: 'Adventure'
[2026-07-04 05:16:20,328] INFO [weekendr.sync] [sync_runner.py:289]: Running Ingestion. Area: 'Hadapsar' -> Category: 'Nature'
[2026-07-04 05:16:20,328] INFO [weekendr.sync] [sync_runner.py:289]: Running Ingestion. Area: 'Hadapsar' -> Category: 'Bookstore'
[2026-07-04 05:16:20,329] INFO [weekendr.sync] [sync_runner.py:289]: Running Ingestion. Area: 'Hadapsar' -> Category: 'Coworking Cafe'
[2026-07-04 05:16:20,329] INFO [weekendr.sync] [sync_runner.py:289]: Running Ingestion. Area: 'Hadapsar' -> Category: 'Pet Cafe'
[2026-07-04 05:16:20,330] INFO [weekendr.sync] [sync_runner.py:289]: Running Ingestion. Area: 'Hadapsar' -> Category: 'Museum'
[2026-07-04 05:16:20,330] INFO [weekendr.sync] [sync_runner.py:289]: Running Ingestion. Area: 'Hadapsar' -> Category: 'Temple'
[2026-07-04 05:16:20,331] INFO [weekendr.sync] [sync_runner.py:266]: Ingesting Area: Hinjewadi [Priority: Medium, Radius: 2000m]
[2026-07-04 05:16:20,331] INFO [weekendr.sync] [sync_runner.py:282]: Split Area 'Hinjewadi' into 16 search grid points.
[2026-07-04 05:16:20,331] INFO [weekendr.sync] [sync_runner.py:289]: Running Ingestion. Area: 'Hinjewadi' -> Category: 'Cafe'
[2026-07-04 05:16:20,332] INFO [weekendr.sync] [sync_runner.py:289]: Running Ingestion. Area: 'Hinjewadi' -> Category: 'Restaurant'
[2026-07-04 05:16:20,332] INFO [weekendr.sync] [sync_runner.py:289]: Running Ingestion. Area: 'Hinjewadi' -> Category: 'Dessert'
[2026-07-04 05:16:20,333] INFO [weekendr.sync] [sync_runner.py:289]: Running Ingestion. Area: 'Hinjewadi' -> Category: 'Street Food'
[2026-07-04 05:16:20,333] INFO [weekendr.sync] [sync_runner.py:289]: Running Ingestion. Area: 'Hinjewadi' -> Category: 'Gaming'
[2026-07-04 05:16:20,334] INFO [weekendr.sync] [sync_runner.py:289]: Running Ingestion. Area: 'Hinjewadi' -> Category: 'Go Karting'
[2026-07-04 05:16:20,334] INFO [weekendr.sync] [sync_runner.py:289]: Running Ingestion. Area: 'Hinjewadi' -> Category: 'Bowling'
[2026-07-04 05:16:20,335] INFO [weekendr.sync] [sync_runner.py:289]: Running Ingestion. Area: 'Hinjewadi' -> Category: 'Escape Room'
[2026-07-04 05:16:20,335] INFO [weekendr.sync] [sync_runner.py:289]: Running Ingestion. Area: 'Hinjewadi' -> Category: 'Live Music'
[2026-07-04 05:16:20,336] INFO [weekendr.sync] [sync_runner.py:289]: Running Ingestion. Area: 'Hinjewadi' -> Category: 'Comedy Club'
[2026-07-04 05:16:20,337] INFO [weekendr.sync] [sync_runner.py:289]: Running Ingestion. Area: 'Hinjewadi' -> Category: 'Rooftop'
[2026-07-04 05:16:20,337] INFO [weekendr.sync] [sync_runner.py:289]: Running Ingestion. Area: 'Hinjewadi' -> Category: 'Nightlife'
[2026-07-04 05:16:20,338] INFO [weekendr.sync] [sync_runner.py:289]: Running Ingestion. Area: 'Hinjewadi' -> Category: 'Mall'
[2026-07-04 05:16:20,338] INFO [weekendr.sync] [sync_runner.py:289]: Running Ingestion. Area: 'Hinjewadi' -> Category: 'Street Shopping'
[2026-07-04 05:16:20,339] INFO [weekendr.sync] [sync_runner.py:289]: Running Ingestion. Area: 'Hinjewadi' -> Category: 'Movie Theatre'
[2026-07-04 05:16:20,339] INFO [weekendr.sync] [sync_runner.py:289]: Running Ingestion. Area: 'Hinjewadi' -> Category: 'Park'
[2026-07-04 05:16:20,339] INFO [weekendr.sync] [sync_runner.py:289]: Running Ingestion. Area: 'Hinjewadi' -> Category: 'Garden'
[2026-07-04 05:16:20,340] INFO [weekendr.sync] [sync_runner.py:289]: Running Ingestion. Area: 'Hinjewadi' -> Category: 'Lake'
[2026-07-04 05:16:20,341] INFO [weekendr.sync] [sync_runner.py:289]: Running Ingestion. Area: 'Hinjewadi' -> Category: 'Fort'
[2026-07-04 05:16:20,341] INFO [weekendr.sync] [sync_runner.py:289]: Running Ingestion. Area: 'Hinjewadi' -> Category: 'View Point'
[2026-07-04 05:16:20,342] INFO [weekendr.sync] [sync_runner.py:289]: Running Ingestion. Area: 'Hinjewadi' -> Category: 'Workshop'
[2026-07-04 05:16:20,342] INFO [weekendr.sync] [sync_runner.py:289]: Running Ingestion. Area: 'Hinjewadi' -> Category: 'Sports'
[2026-07-04 05:16:20,343] INFO [weekendr.sync] [sync_runner.py:289]: Running Ingestion. Area: 'Hinjewadi' -> Category: 'Adventure'
[2026-07-04 05:16:20,343] INFO [weekendr.sync] [sync_runner.py:289]: Running Ingestion. Area: 'Hinjewadi' -> Category: 'Nature'
[2026-07-04 05:16:20,344] INFO [weekendr.sync] [sync_runner.py:289]: Running Ingestion. Area: 'Hinjewadi' -> Category: 'Bookstore'
[2026-07-04 05:16:20,345] INFO [weekendr.sync] [sync_runner.py:289]: Running Ingestion. Area: 'Hinjewadi' -> Category: 'Coworking Cafe'
[2026-07-04 05:16:20,345] INFO [weekendr.sync] [sync_runner.py:289]: Running Ingestion. Area: 'Hinjewadi' -> Category: 'Pet Cafe'
[2026-07-04 05:16:20,346] INFO [weekendr.sync] [sync_runner.py:289]: Running Ingestion. Area: 'Hinjewadi' -> Category: 'Museum'
[2026-07-04 05:16:20,346] INFO [weekendr.sync] [sync_runner.py:289]: Running Ingestion. Area: 'Hinjewadi' -> Category: 'Temple'
[2026-07-04 05:16:20,347] INFO [weekendr.sync] [sync_runner.py:266]: Ingesting Area: Wakad [Priority: Medium, Radius: 1500m]
[2026-07-04 05:16:20,347] INFO [weekendr.sync] [sync_runner.py:282]: Split Area 'Wakad' into 9 search grid points.
[2026-07-04 05:16:20,347] INFO [weekendr.sync] [sync_runner.py:289]: Running Ingestion. Area: 'Wakad' -> Category: 'Cafe'
[2026-07-04 05:16:20,348] INFO [weekendr.sync] [sync_runner.py:289]: Running Ingestion. Area: 'Wakad' -> Category: 'Restaurant'
[2026-07-04 05:16:20,349] INFO [weekendr.sync] [sync_runner.py:289]: Running Ingestion. Area: 'Wakad' -> Category: 'Dessert'
[2026-07-04 05:16:20,349] INFO [weekendr.sync] [sync_runner.py:289]: Running Ingestion. Area: 'Wakad' -> Category: 'Street Food'
[2026-07-04 05:16:20,350] INFO [weekendr.sync] [sync_runner.py:289]: Running Ingestion. Area: 'Wakad' -> Category: 'Gaming'
[2026-07-04 05:16:20,350] INFO [weekendr.sync] [sync_runner.py:289]: Running Ingestion. Area: 'Wakad' -> Category: 'Go Karting'
[2026-07-04 05:16:20,351] INFO [weekendr.sync] [sync_runner.py:289]: Running Ingestion. Area: 'Wakad' -> Category: 'Bowling'
[2026-07-04 05:16:20,351] INFO [weekendr.sync] [sync_runner.py:289]: Running Ingestion. Area: 'Wakad' -> Category: 'Escape Room'
[2026-07-04 05:16:20,352] INFO [weekendr.sync] [sync_runner.py:289]: Running Ingestion. Area: 'Wakad' -> Category: 'Live Music'
[2026-07-04 05:16:20,353] INFO [weekendr.sync] [sync_runner.py:289]: Running Ingestion. Area: 'Wakad' -> Category: 'Comedy Club'
[2026-07-04 05:16:20,353] INFO [weekendr.sync] [sync_runner.py:289]: Running Ingestion. Area: 'Wakad' -> Category: 'Rooftop'
[2026-07-04 05:16:20,353] INFO [weekendr.sync] [sync_runner.py:289]: Running Ingestion. Area: 'Wakad' -> Category: 'Nightlife'
[2026-07-04 05:16:20,354] INFO [weekendr.sync] [sync_runner.py:289]: Running Ingestion. Area: 'Wakad' -> Category: 'Mall'
[2026-07-04 05:16:20,354] INFO [weekendr.sync] [sync_runner.py:289]: Running Ingestion. Area: 'Wakad' -> Category: 'Street Shopping'
[2026-07-04 05:16:20,355] INFO [weekendr.sync] [sync_runner.py:289]: Running Ingestion. Area: 'Wakad' -> Category: 'Movie Theatre'
[2026-07-04 05:16:20,355] INFO [weekendr.sync] [sync_runner.py:289]: Running Ingestion. Area: 'Wakad' -> Category: 'Park'
[2026-07-04 05:16:20,356] INFO [weekendr.sync] [sync_runner.py:289]: Running Ingestion. Area: 'Wakad' -> Category: 'Garden'
[2026-07-04 05:16:20,356] INFO [weekendr.sync] [sync_runner.py:289]: Running Ingestion. Area: 'Wakad' -> Category: 'Lake'
[2026-07-04 05:16:20,356] INFO [weekendr.sync] [sync_runner.py:289]: Running Ingestion. Area: 'Wakad' -> Category: 'Fort'
[2026-07-04 05:16:20,357] INFO [weekendr.sync] [sync_runner.py:289]: Running Ingestion. Area: 'Wakad' -> Category: 'View Point'
[2026-07-04 05:16:20,357] INFO [weekendr.sync] [sync_runner.py:289]: Running Ingestion. Area: 'Wakad' -> Category: 'Workshop'
[2026-07-04 05:16:20,358] INFO [weekendr.sync] [sync_runner.py:289]: Running Ingestion. Area: 'Wakad' -> Category: 'Sports'
[2026-07-04 05:16:20,359] INFO [weekendr.sync] [sync_runner.py:289]: Running Ingestion. Area: 'Wakad' -> Category: 'Adventure'
[2026-07-04 05:16:20,360] INFO [weekendr.sync] [sync_runner.py:289]: Running Ingestion. Area: 'Wakad' -> Category: 'Nature'
[2026-07-04 05:16:20,360] INFO [weekendr.sync] [sync_runner.py:289]: Running Ingestion. Area: 'Wakad' -> Category: 'Bookstore'
[2026-07-04 05:16:20,362] INFO [weekendr.sync] [sync_runner.py:289]: Running Ingestion. Area: 'Wakad' -> Category: 'Coworking Cafe'
[2026-07-04 05:16:20,362] INFO [weekendr.sync] [sync_runner.py:289]: Running Ingestion. Area: 'Wakad' -> Category: 'Pet Cafe'
[2026-07-04 05:16:20,363] INFO [weekendr.sync] [sync_runner.py:289]: Running Ingestion. Area: 'Wakad' -> Category: 'Museum'
[2026-07-04 05:16:20,365] INFO [weekendr.sync] [sync_runner.py:289]: Running Ingestion. Area: 'Wakad' -> Category: 'Temple'
[2026-07-04 05:16:20,366] INFO [weekendr.sync] [sync_runner.py:266]: Ingesting Area: Pimple Saudagar [Priority: Medium, Radius: 1200m]
[2026-07-04 05:16:20,366] INFO [weekendr.sync] [sync_runner.py:282]: Split Area 'Pimple Saudagar' into 9 search grid points.
[2026-07-04 05:16:20,366] INFO [weekendr.sync] [sync_runner.py:289]: Running Ingestion. Area: 'Pimple Saudagar' -> Category: 'Cafe'
[2026-07-04 05:16:20,367] INFO [weekendr.sync] [sync_runner.py:289]: Running Ingestion. Area: 'Pimple Saudagar' -> Category: 'Restaurant'
[2026-07-04 05:16:20,368] INFO [weekendr.sync] [sync_runner.py:289]: Running Ingestion. Area: 'Pimple Saudagar' -> Category: 'Dessert'
[2026-07-04 05:16:20,369] INFO [weekendr.sync] [sync_runner.py:289]: Running Ingestion. Area: 'Pimple Saudagar' -> Category: 'Street Food'
[2026-07-04 05:16:20,369] INFO [weekendr.sync] [sync_runner.py:289]: Running Ingestion. Area: 'Pimple Saudagar' -> Category: 'Gaming'
[2026-07-04 05:16:20,370] INFO [weekendr.sync] [sync_runner.py:289]: Running Ingestion. Area: 'Pimple Saudagar' -> Category: 'Go Karting'
[2026-07-04 05:16:20,370] INFO [weekendr.sync] [sync_runner.py:289]: Running Ingestion. Area: 'Pimple Saudagar' -> Category: 'Bowling'
[2026-07-04 05:16:20,371] INFO [weekendr.sync] [sync_runner.py:289]: Running Ingestion. Area: 'Pimple Saudagar' -> Category: 'Escape Room'
[2026-07-04 05:16:20,372] INFO [weekendr.sync] [sync_runner.py:289]: Running Ingestion. Area: 'Pimple Saudagar' -> Category: 'Live Music'
[2026-07-04 05:16:20,373] INFO [weekendr.sync] [sync_runner.py:289]: Running Ingestion. Area: 'Pimple Saudagar' -> Category: 'Comedy Club'
[2026-07-04 05:16:20,374] INFO [weekendr.sync] [sync_runner.py:289]: Running Ingestion. Area: 'Pimple Saudagar' -> Category: 'Rooftop'
[2026-07-04 05:16:20,375] INFO [weekendr.sync] [sync_runner.py:289]: Running Ingestion. Area: 'Pimple Saudagar' -> Category: 'Nightlife'
[2026-07-04 05:16:20,376] INFO [weekendr.sync] [sync_runner.py:289]: Running Ingestion. Area: 'Pimple Saudagar' -> Category: 'Mall'
[2026-07-04 05:16:20,377] INFO [weekendr.sync] [sync_runner.py:289]: Running Ingestion. Area: 'Pimple Saudagar' -> Category: 'Street Shopping'
[2026-07-04 05:16:20,378] INFO [weekendr.sync] [sync_runner.py:289]: Running Ingestion. Area: 'Pimple Saudagar' -> Category: 'Movie Theatre'
[2026-07-04 05:16:20,378] INFO [weekendr.sync] [sync_runner.py:289]: Running Ingestion. Area: 'Pimple Saudagar' -> Category: 'Park'
[2026-07-04 05:16:20,379] INFO [weekendr.sync] [sync_runner.py:289]: Running Ingestion. Area: 'Pimple Saudagar' -> Category: 'Garden'
[2026-07-04 05:16:20,380] INFO [weekendr.sync] [sync_runner.py:289]: Running Ingestion. Area: 'Pimple Saudagar' -> Category: 'Lake'
[2026-07-04 05:16:20,381] INFO [weekendr.sync] [sync_runner.py:289]: Running Ingestion. Area: 'Pimple Saudagar' -> Category: 'Fort'
[2026-07-04 05:16:20,381] INFO [weekendr.sync] [sync_runner.py:289]: Running Ingestion. Area: 'Pimple Saudagar' -> Category: 'View Point'
[2026-07-04 05:16:20,382] INFO [weekendr.sync] [sync_runner.py:289]: Running Ingestion. Area: 'Pimple Saudagar' -> Category: 'Workshop'
[2026-07-04 05:16:20,383] INFO [weekendr.sync] [sync_runner.py:289]: Running Ingestion. Area: 'Pimple Saudagar' -> Category: 'Sports'
[2026-07-04 05:16:20,384] INFO [weekendr.sync] [sync_runner.py:289]: Running Ingestion. Area: 'Pimple Saudagar' -> Category: 'Adventure'
[2026-07-04 05:16:20,384] INFO [weekendr.sync] [sync_runner.py:289]: Running Ingestion. Area: 'Pimple Saudagar' -> Category: 'Nature'
[2026-07-04 05:16:20,385] INFO [weekendr.sync] [sync_runner.py:289]: Running Ingestion. Area: 'Pimple Saudagar' -> Category: 'Bookstore'
[2026-07-04 05:16:20,386] INFO [weekendr.sync] [sync_runner.py:289]: Running Ingestion. Area: 'Pimple Saudagar' -> Category: 'Coworking Cafe'
[2026-07-04 05:16:20,386] INFO [weekendr.sync] [sync_runner.py:289]: Running Ingestion. Area: 'Pimple Saudagar' -> Category: 'Pet Cafe'
[2026-07-04 05:16:20,387] INFO [weekendr.sync] [sync_runner.py:289]: Running Ingestion. Area: 'Pimple Saudagar' -> Category: 'Museum'
[2026-07-04 05:16:20,387] INFO [weekendr.sync] [sync_runner.py:289]: Running Ingestion. Area: 'Pimple Saudagar' -> Category: 'Temple'
[2026-07-04 05:16:20,388] INFO [weekendr.sync] [sync_runner.py:266]: Ingesting Area: Magarpatta [Priority: Medium, Radius: 1000m]
[2026-07-04 05:16:20,388] INFO [weekendr.sync] [sync_runner.py:282]: Split Area 'Magarpatta' into 9 search grid points.
[2026-07-04 05:16:20,388] INFO [weekendr.sync] [sync_runner.py:289]: Running Ingestion. Area: 'Magarpatta' -> Category: 'Cafe'
[2026-07-04 05:16:20,389] INFO [weekendr.sync] [sync_runner.py:289]: Running Ingestion. Area: 'Magarpatta' -> Category: 'Restaurant'
[2026-07-04 05:16:20,389] INFO [weekendr.sync] [sync_runner.py:289]: Running Ingestion. Area: 'Magarpatta' -> Category: 'Dessert'
[2026-07-04 05:16:20,390] INFO [weekendr.sync] [sync_runner.py:289]: Running Ingestion. Area: 'Magarpatta' -> Category: 'Street Food'
[2026-07-04 05:16:20,391] INFO [weekendr.sync] [sync_runner.py:289]: Running Ingestion. Area: 'Magarpatta' -> Category: 'Gaming'
[2026-07-04 05:16:20,392] INFO [weekendr.sync] [sync_runner.py:289]: Running Ingestion. Area: 'Magarpatta' -> Category: 'Go Karting'
[2026-07-04 05:16:20,392] INFO [weekendr.sync] [sync_runner.py:289]: Running Ingestion. Area: 'Magarpatta' -> Category: 'Bowling'
[2026-07-04 05:16:20,393] INFO [weekendr.sync] [sync_runner.py:289]: Running Ingestion. Area: 'Magarpatta' -> Category: 'Escape Room'
[2026-07-04 05:16:20,393] INFO [weekendr.sync] [sync_runner.py:289]: Running Ingestion. Area: 'Magarpatta' -> Category: 'Live Music'
[2026-07-04 05:16:20,394] INFO [weekendr.sync] [sync_runner.py:289]: Running Ingestion. Area: 'Magarpatta' -> Category: 'Comedy Club'
[2026-07-04 05:16:20,395] INFO [weekendr.sync] [sync_runner.py:289]: Running Ingestion. Area: 'Magarpatta' -> Category: 'Rooftop'
[2026-07-04 05:16:20,396] INFO [weekendr.sync] [sync_runner.py:289]: Running Ingestion. Area: 'Magarpatta' -> Category: 'Nightlife'
[2026-07-04 05:16:20,396] INFO [weekendr.sync] [sync_runner.py:289]: Running Ingestion. Area: 'Magarpatta' -> Category: 'Mall'
[2026-07-04 05:16:20,397] INFO [weekendr.sync] [sync_runner.py:289]: Running Ingestion. Area: 'Magarpatta' -> Category: 'Street Shopping'
[2026-07-04 05:16:20,397] INFO [weekendr.sync] [sync_runner.py:289]: Running Ingestion. Area: 'Magarpatta' -> Category: 'Movie Theatre'
[2026-07-04 05:16:20,398] INFO [weekendr.sync] [sync_runner.py:289]: Running Ingestion. Area: 'Magarpatta' -> Category: 'Park'
[2026-07-04 05:16:20,398] INFO [weekendr.sync] [sync_runner.py:289]: Running Ingestion. Area: 'Magarpatta' -> Category: 'Garden'
[2026-07-04 05:16:20,399] INFO [weekendr.sync] [sync_runner.py:289]: Running Ingestion. Area: 'Magarpatta' -> Category: 'Lake'
[2026-07-04 05:16:20,399] INFO [weekendr.sync] [sync_runner.py:289]: Running Ingestion. Area: 'Magarpatta' -> Category: 'Fort'
[2026-07-04 05:16:20,400] INFO [weekendr.sync] [sync_runner.py:289]: Running Ingestion. Area: 'Magarpatta' -> Category: 'View Point'
[2026-07-04 05:16:20,400] INFO [weekendr.sync] [sync_runner.py:289]: Running Ingestion. Area: 'Magarpatta' -> Category: 'Workshop'
[2026-07-04 05:16:20,401] INFO [weekendr.sync] [sync_runner.py:289]: Running Ingestion. Area: 'Magarpatta' -> Category: 'Sports'
[2026-07-04 05:16:20,401] INFO [weekendr.sync] [sync_runner.py:289]: Running Ingestion. Area: 'Magarpatta' -> Category: 'Adventure'
[2026-07-04 05:16:20,401] INFO [weekendr.sync] [sync_runner.py:289]: Running Ingestion. Area: 'Magarpatta' -> Category: 'Nature'
[2026-07-04 05:16:20,402] INFO [weekendr.sync] [sync_runner.py:289]: Running Ingestion. Area: 'Magarpatta' -> Category: 'Bookstore'
[2026-07-04 05:16:20,402] INFO [weekendr.sync] [sync_runner.py:289]: Running Ingestion. Area: 'Magarpatta' -> Category: 'Coworking Cafe'
[2026-07-04 05:16:20,403] INFO [weekendr.sync] [sync_runner.py:289]: Running Ingestion. Area: 'Magarpatta' -> Category: 'Pet Cafe'
[2026-07-04 05:16:20,405] INFO [weekendr.sync] [sync_runner.py:289]: Running Ingestion. Area: 'Magarpatta' -> Category: 'Museum'
[2026-07-04 05:16:20,406] INFO [weekendr.sync] [sync_runner.py:289]: Running Ingestion. Area: 'Magarpatta' -> Category: 'Temple'
[2026-07-04 05:16:20,406] INFO [weekendr.sync] [sync_runner.py:266]: Ingesting Area: Erandwane [Priority: Medium, Radius: 1000m]
[2026-07-04 05:16:20,406] INFO [weekendr.sync] [sync_runner.py:282]: Split Area 'Erandwane' into 9 search grid points.
[2026-07-04 05:16:20,406] INFO [weekendr.sync] [sync_runner.py:289]: Running Ingestion. Area: 'Erandwane' -> Category: 'Cafe'
[2026-07-04 05:16:20,407] INFO [weekendr.sync] [sync_runner.py:289]: Running Ingestion. Area: 'Erandwane' -> Category: 'Restaurant'
[2026-07-04 05:16:20,407] INFO [weekendr.sync] [sync_runner.py:289]: Running Ingestion. Area: 'Erandwane' -> Category: 'Dessert'
[2026-07-04 05:16:20,408] INFO [weekendr.sync] [sync_runner.py:289]: Running Ingestion. Area: 'Erandwane' -> Category: 'Street Food'
[2026-07-04 05:16:20,408] INFO [weekendr.sync] [sync_runner.py:289]: Running Ingestion. Area: 'Erandwane' -> Category: 'Gaming'
[2026-07-04 05:16:20,409] INFO [weekendr.sync] [sync_runner.py:289]: Running Ingestion. Area: 'Erandwane' -> Category: 'Go Karting'
[2026-07-04 05:16:20,409] INFO [weekendr.sync] [sync_runner.py:289]: Running Ingestion. Area: 'Erandwane' -> Category: 'Bowling'
[2026-07-04 05:16:20,410] INFO [weekendr.sync] [sync_runner.py:289]: Running Ingestion. Area: 'Erandwane' -> Category: 'Escape Room'
[2026-07-04 05:16:20,410] INFO [weekendr.sync] [sync_runner.py:289]: Running Ingestion. Area: 'Erandwane' -> Category: 'Live Music'
[2026-07-04 05:16:20,410] INFO [weekendr.sync] [sync_runner.py:289]: Running Ingestion. Area: 'Erandwane' -> Category: 'Comedy Club'
[2026-07-04 05:16:20,411] INFO [weekendr.sync] [sync_runner.py:289]: Running Ingestion. Area: 'Erandwane' -> Category: 'Rooftop'
[2026-07-04 05:16:20,411] INFO [weekendr.sync] [sync_runner.py:289]: Running Ingestion. Area: 'Erandwane' -> Category: 'Nightlife'
[2026-07-04 05:16:20,412] INFO [weekendr.sync] [sync_runner.py:289]: Running Ingestion. Area: 'Erandwane' -> Category: 'Mall'
[2026-07-04 05:16:20,412] INFO [weekendr.sync] [sync_runner.py:289]: Running Ingestion. Area: 'Erandwane' -> Category: 'Street Shopping'
[2026-07-04 05:16:20,413] INFO [weekendr.sync] [sync_runner.py:289]: Running Ingestion. Area: 'Erandwane' -> Category: 'Movie Theatre'
[2026-07-04 05:16:20,414] INFO [weekendr.sync] [sync_runner.py:289]: Running Ingestion. Area: 'Erandwane' -> Category: 'Park'
[2026-07-04 05:16:20,415] INFO [weekendr.sync] [sync_runner.py:289]: Running Ingestion. Area: 'Erandwane' -> Category: 'Garden'
[2026-07-04 05:16:20,415] INFO [weekendr.sync] [sync_runner.py:289]: Running Ingestion. Area: 'Erandwane' -> Category: 'Lake'
[2026-07-04 05:16:20,416] INFO [weekendr.sync] [sync_runner.py:289]: Running Ingestion. Area: 'Erandwane' -> Category: 'Fort'
[2026-07-04 05:16:20,417] INFO [weekendr.sync] [sync_runner.py:289]: Running Ingestion. Area: 'Erandwane' -> Category: 'View Point'
[2026-07-04 05:16:20,417] INFO [weekendr.sync] [sync_runner.py:289]: Running Ingestion. Area: 'Erandwane' -> Category: 'Workshop'
[2026-07-04 05:16:20,418] INFO [weekendr.sync] [sync_runner.py:289]: Running Ingestion. Area: 'Erandwane' -> Category: 'Sports'
[2026-07-04 05:16:20,418] INFO [weekendr.sync] [sync_runner.py:289]: Running Ingestion. Area: 'Erandwane' -> Category: 'Adventure'
[2026-07-04 05:16:20,418] INFO [weekendr.sync] [sync_runner.py:289]: Running Ingestion. Area: 'Erandwane' -> Category: 'Nature'
[2026-07-04 05:16:20,419] INFO [weekendr.sync] [sync_runner.py:289]: Running Ingestion. Area: 'Erandwane' -> Category: 'Bookstore'
[2026-07-04 05:16:20,420] INFO [weekendr.sync] [sync_runner.py:289]: Running Ingestion. Area: 'Erandwane' -> Category: 'Coworking Cafe'
[2026-07-04 05:16:20,420] INFO [weekendr.sync] [sync_runner.py:289]: Running Ingestion. Area: 'Erandwane' -> Category: 'Pet Cafe'
[2026-07-04 05:16:20,420] INFO [weekendr.sync] [sync_runner.py:289]: Running Ingestion. Area: 'Erandwane' -> Category: 'Museum'
[2026-07-04 05:16:20,421] INFO [weekendr.sync] [sync_runner.py:289]: Running Ingestion. Area: 'Erandwane' -> Category: 'Temple'
[2026-07-04 05:16:20,422] INFO [weekendr.sync] [sync_runner.py:263]: Area 'Bavdhan' flagged for future expansion. Skipping.
[2026-07-04 05:16:20,422] INFO [weekendr.sync] [sync_runner.py:263]: Area 'Karve Nagar' flagged for future expansion. Skipping.
[2026-07-04 05:16:20,422] INFO [weekendr.sync] [sync_runner.py:263]: Area 'Sinhagad Road' flagged for future expansion. Skipping.
[2026-07-04 05:16:20,423] INFO [weekendr.sync] [sync_runner.py:102]: Cleared progress state. Crawl completed successfully.
[2026-07-04 05:16:20,423] INFO [weekendr.sync] [sync_runner.py:417]: =============================================
[2026-07-04 05:16:20,423] INFO [weekendr.sync] [sync_runner.py:418]: WEEKENDR City Collection Strategy Crawler Completed
[2026-07-04 05:16:20,423] INFO [weekendr.sync] [sync_runner.py:419]: ---------------------------------------------
[2026-07-04 05:16:20,423] INFO [weekendr.sync] [sync_runner.py:420]: Cities Synced:       1
[2026-07-04 05:16:20,423] INFO [weekendr.sync] [sync_runner.py:421]: Areas Completed:     17
[2026-07-04 05:16:20,423] INFO [weekendr.sync] [sync_runner.py:422]: Places Discovered:   1
[2026-07-04 05:16:20,423] INFO [weekendr.sync] [sync_runner.py:423]: Places Inserted:     1
[2026-07-04 05:16:20,423] INFO [weekendr.sync] [sync_runner.py:424]: Places Updated:      0
[2026-07-04 05:16:20,423] INFO [weekendr.sync] [sync_runner.py:425]: Places Rejected:     0
[2026-07-04 05:16:20,423] INFO [weekendr.sync] [sync_runner.py:426]: Duplicates Skipped:  0
[2026-07-04 05:16:20,424] INFO [weekendr.sync] [sync_runner.py:427]: Errors:              0
[2026-07-04 05:16:20,424] INFO [weekendr.sync] [sync_runner.py:428]: =============================================
[2026-07-04 05:16:51,821] INFO [weekendr.sync] [logging.py:95]: Separated logging configuration loaded successfully.
[2026-07-04 05:16:51,833] INFO [app] [__init__.py:41]: Registered blueprint auth at /api/auth
[2026-07-04 05:16:51,834] INFO [app] [__init__.py:41]: Registered blueprint users at /api/users
[2026-07-04 05:16:51,834] INFO [app] [__init__.py:41]: Registered blueprint places at /api/places
[2026-07-04 05:16:51,834] INFO [app] [__init__.py:41]: Registered blueprint planner at /api/planner
[2026-07-04 05:16:51,835] INFO [app] [__init__.py:41]: Registered blueprint memories at /api/memories
[2026-07-04 05:16:51,835] INFO [app] [__init__.py:41]: Registered blueprint maps at /api/maps
[2026-07-04 05:16:51,835] INFO [app] [__init__.py:41]: Registered blueprint assistant at /api/assistant
[2026-07-04 05:16:51,843] INFO [weekendr.sync] [place_cleaner.py:20]: Category mapping loaded from config. 27 types mapped.
[2026-07-04 05:16:51,843] INFO [weekendr.sync] [sync_runner.py:178]: =============================================
[2026-07-04 05:16:51,843] INFO [weekendr.sync] [sync_runner.py:179]: WEEKENDR City Collection Strategy Crawler Started
[2026-07-04 05:16:51,843] INFO [weekendr.sync] [sync_runner.py:180]: ---------------------------------------------
[2026-07-04 05:16:51,843] INFO [weekendr.sync] [sync_runner.py:215]: Processing City: Pune (Maharashtra, India)
[2026-07-04 05:16:51,875] INFO [weekendr.sync] [database_loader.py:25]: Database: Created new City: Pune
[2026-07-04 05:16:51,875] INFO [weekendr.sync] [sync_runner.py:266]: Ingesting Area: Baner [Priority: High, Radius: 1200m]
[2026-07-04 05:16:51,875] INFO [weekendr.sync] [sync_runner.py:282]: Split Area 'Baner' into 9 search grid points.
[2026-07-04 05:16:51,875] INFO [weekendr.sync] [sync_runner.py:289]: Running Ingestion. Area: 'Baner' -> Category: 'Cafe'
[2026-07-04 05:16:54,896] INFO [weekendr.sync] [database_loader.py:46]: Database: Created new Area: Baner for City ID 1
[2026-07-04 05:16:54,900] INFO [weekendr.sync] [database_loader.py:61]: Database: Created new Category: Cafe
[2026-07-04 05:16:54,906] INFO [weekendr.sync] [database_loader.py:78]: Database: Created new Tag: Late Night
[2026-07-04 05:16:54,907] INFO [weekendr.sync] [database_loader.py:78]: Database: Created new Tag: Family Friendly
[2026-07-04 05:16:54,909] INFO [weekendr.sync] [database_loader.py:78]: Database: Created new Tag: Instagrammable
[2026-07-04 05:16:54,922] INFO [weekendr.sync] [database_loader.py:211]: Database: INSERTED place: 'German Bakery' (ID: 1, Cat: Cafe)
[2026-07-04 05:16:54,922] INFO [weekendr.sync] [sync_runner.py:289]: Running Ingestion. Area: 'Baner' -> Category: 'Restaurant'
[2026-07-04 05:16:54,923] INFO [weekendr.sync] [sync_runner.py:289]: Running Ingestion. Area: 'Baner' -> Category: 'Dessert'
[2026-07-04 05:16:54,923] INFO [weekendr.sync] [sync_runner.py:289]: Running Ingestion. Area: 'Baner' -> Category: 'Street Food'
[2026-07-04 05:16:54,924] INFO [weekendr.sync] [sync_runner.py:289]: Running Ingestion. Area: 'Baner' -> Category: 'Gaming'
[2026-07-04 05:16:54,925] INFO [weekendr.sync] [sync_runner.py:289]: Running Ingestion. Area: 'Baner' -> Category: 'Go Karting'
[2026-07-04 05:16:54,925] INFO [weekendr.sync] [sync_runner.py:289]: Running Ingestion. Area: 'Baner' -> Category: 'Bowling'
[2026-07-04 05:16:54,925] INFO [weekendr.sync] [sync_runner.py:289]: Running Ingestion. Area: 'Baner' -> Category: 'Escape Room'
[2026-07-04 05:16:54,926] INFO [weekendr.sync] [sync_runner.py:289]: Running Ingestion. Area: 'Baner' -> Category: 'Live Music'
[2026-07-04 05:16:54,927] INFO [weekendr.sync] [sync_runner.py:289]: Running Ingestion. Area: 'Baner' -> Category: 'Comedy Club'
[2026-07-04 05:16:54,927] INFO [weekendr.sync] [sync_runner.py:289]: Running Ingestion. Area: 'Baner' -> Category: 'Rooftop'
[2026-07-04 05:16:54,927] INFO [weekendr.sync] [sync_runner.py:289]: Running Ingestion. Area: 'Baner' -> Category: 'Nightlife'
[2026-07-04 05:16:54,928] INFO [weekendr.sync] [sync_runner.py:289]: Running Ingestion. Area: 'Baner' -> Category: 'Mall'
[2026-07-04 05:16:54,931] INFO [weekendr.sync] [sync_runner.py:289]: Running Ingestion. Area: 'Baner' -> Category: 'Street Shopping'
[2026-07-04 05:16:54,931] INFO [weekendr.sync] [sync_runner.py:289]: Running Ingestion. Area: 'Baner' -> Category: 'Movie Theatre'
[2026-07-04 05:16:54,932] INFO [weekendr.sync] [sync_runner.py:289]: Running Ingestion. Area: 'Baner' -> Category: 'Park'
[2026-07-04 05:16:54,933] INFO [weekendr.sync] [sync_runner.py:289]: Running Ingestion. Area: 'Baner' -> Category: 'Garden'
[2026-07-04 05:16:54,933] INFO [weekendr.sync] [sync_runner.py:289]: Running Ingestion. Area: 'Baner' -> Category: 'Lake'
[2026-07-04 05:16:54,933] INFO [weekendr.sync] [sync_runner.py:289]: Running Ingestion. Area: 'Baner' -> Category: 'Fort'
[2026-07-04 05:16:54,934] INFO [weekendr.sync] [sync_runner.py:289]: Running Ingestion. Area: 'Baner' -> Category: 'View Point'
[2026-07-04 05:16:54,934] INFO [weekendr.sync] [sync_runner.py:289]: Running Ingestion. Area: 'Baner' -> Category: 'Workshop'
[2026-07-04 05:16:54,935] INFO [weekendr.sync] [sync_runner.py:289]: Running Ingestion. Area: 'Baner' -> Category: 'Sports'
[2026-07-04 05:16:54,935] INFO [weekendr.sync] [sync_runner.py:289]: Running Ingestion. Area: 'Baner' -> Category: 'Adventure'
[2026-07-04 05:16:54,936] INFO [weekendr.sync] [sync_runner.py:289]: Running Ingestion. Area: 'Baner' -> Category: 'Nature'
[2026-07-04 05:16:54,936] INFO [weekendr.sync] [sync_runner.py:289]: Running Ingestion. Area: 'Baner' -> Category: 'Bookstore'
[2026-07-04 05:16:54,936] INFO [weekendr.sync] [sync_runner.py:289]: Running Ingestion. Area: 'Baner' -> Category: 'Coworking Cafe'
[2026-07-04 05:16:54,937] INFO [weekendr.sync] [sync_runner.py:289]: Running Ingestion. Area: 'Baner' -> Category: 'Pet Cafe'
[2026-07-04 05:16:54,937] INFO [weekendr.sync] [sync_runner.py:289]: Running Ingestion. Area: 'Baner' -> Category: 'Museum'
[2026-07-04 05:16:54,937] INFO [weekendr.sync] [sync_runner.py:289]: Running Ingestion. Area: 'Baner' -> Category: 'Temple'
[2026-07-04 05:16:54,938] INFO [weekendr.sync] [sync_runner.py:266]: Ingesting Area: Balewadi [Priority: High, Radius: 1000m]
[2026-07-04 05:16:54,938] INFO [weekendr.sync] [sync_runner.py:282]: Split Area 'Balewadi' into 9 search grid points.
[2026-07-04 05:16:54,938] INFO [weekendr.sync] [sync_runner.py:289]: Running Ingestion. Area: 'Balewadi' -> Category: 'Cafe'
[2026-07-04 05:16:54,939] INFO [weekendr.sync] [sync_runner.py:289]: Running Ingestion. Area: 'Balewadi' -> Category: 'Restaurant'
[2026-07-04 05:16:54,939] INFO [weekendr.sync] [sync_runner.py:289]: Running Ingestion. Area: 'Balewadi' -> Category: 'Dessert'
[2026-07-04 05:16:54,940] INFO [weekendr.sync] [sync_runner.py:289]: Running Ingestion. Area: 'Balewadi' -> Category: 'Street Food'
[2026-07-04 05:16:54,940] INFO [weekendr.sync] [sync_runner.py:289]: Running Ingestion. Area: 'Balewadi' -> Category: 'Gaming'
[2026-07-04 05:16:54,941] INFO [weekendr.sync] [sync_runner.py:289]: Running Ingestion. Area: 'Balewadi' -> Category: 'Go Karting'
[2026-07-04 05:16:54,941] INFO [weekendr.sync] [sync_runner.py:289]: Running Ingestion. Area: 'Balewadi' -> Category: 'Bowling'
[2026-07-04 05:16:54,942] INFO [weekendr.sync] [sync_runner.py:289]: Running Ingestion. Area: 'Balewadi' -> Category: 'Escape Room'
[2026-07-04 05:16:54,942] INFO [weekendr.sync] [sync_runner.py:289]: Running Ingestion. Area: 'Balewadi' -> Category: 'Live Music'
[2026-07-04 05:16:54,942] INFO [weekendr.sync] [sync_runner.py:289]: Running Ingestion. Area: 'Balewadi' -> Category: 'Comedy Club'
[2026-07-04 05:16:54,943] INFO [weekendr.sync] [sync_runner.py:289]: Running Ingestion. Area: 'Balewadi' -> Category: 'Rooftop'
[2026-07-04 05:16:54,944] INFO [weekendr.sync] [sync_runner.py:289]: Running Ingestion. Area: 'Balewadi' -> Category: 'Nightlife'
[2026-07-04 05:16:54,944] INFO [weekendr.sync] [sync_runner.py:289]: Running Ingestion. Area: 'Balewadi' -> Category: 'Mall'
[2026-07-04 05:16:54,944] INFO [weekendr.sync] [sync_runner.py:289]: Running Ingestion. Area: 'Balewadi' -> Category: 'Street Shopping'
[2026-07-04 05:16:54,944] INFO [weekendr.sync] [sync_runner.py:289]: Running Ingestion. Area: 'Balewadi' -> Category: 'Movie Theatre'
[2026-07-04 05:16:54,945] INFO [weekendr.sync] [sync_runner.py:289]: Running Ingestion. Area: 'Balewadi' -> Category: 'Park'
[2026-07-04 05:16:54,945] INFO [weekendr.sync] [sync_runner.py:289]: Running Ingestion. Area: 'Balewadi' -> Category: 'Garden'
[2026-07-04 05:16:54,945] INFO [weekendr.sync] [sync_runner.py:289]: Running Ingestion. Area: 'Balewadi' -> Category: 'Lake'
[2026-07-04 05:16:54,945] INFO [weekendr.sync] [sync_runner.py:289]: Running Ingestion. Area: 'Balewadi' -> Category: 'Fort'
[2026-07-04 05:16:54,945] INFO [weekendr.sync] [sync_runner.py:289]: Running Ingestion. Area: 'Balewadi' -> Category: 'View Point'
[2026-07-04 05:16:54,946] INFO [weekendr.sync] [sync_runner.py:289]: Running Ingestion. Area: 'Balewadi' -> Category: 'Workshop'
[2026-07-04 05:16:54,946] INFO [weekendr.sync] [sync_runner.py:289]: Running Ingestion. Area: 'Balewadi' -> Category: 'Sports'
[2026-07-04 05:16:54,946] INFO [weekendr.sync] [sync_runner.py:289]: Running Ingestion. Area: 'Balewadi' -> Category: 'Adventure'
[2026-07-04 05:16:54,946] INFO [weekendr.sync] [sync_runner.py:289]: Running Ingestion. Area: 'Balewadi' -> Category: 'Nature'
[2026-07-04 05:16:54,947] INFO [weekendr.sync] [sync_runner.py:289]: Running Ingestion. Area: 'Balewadi' -> Category: 'Bookstore'
[2026-07-04 05:16:54,947] INFO [weekendr.sync] [sync_runner.py:289]: Running Ingestion. Area: 'Balewadi' -> Category: 'Coworking Cafe'
[2026-07-04 05:16:54,947] INFO [weekendr.sync] [sync_runner.py:289]: Running Ingestion. Area: 'Balewadi' -> Category: 'Pet Cafe'
[2026-07-04 05:16:54,947] INFO [weekendr.sync] [sync_runner.py:289]: Running Ingestion. Area: 'Balewadi' -> Category: 'Museum'
[2026-07-04 05:16:54,948] INFO [weekendr.sync] [sync_runner.py:289]: Running Ingestion. Area: 'Balewadi' -> Category: 'Temple'
[2026-07-04 05:16:54,948] INFO [weekendr.sync] [sync_runner.py:266]: Ingesting Area: FC Road [Priority: High, Radius: 800m]
[2026-07-04 05:16:54,948] INFO [weekendr.sync] [sync_runner.py:282]: Split Area 'FC Road' into 4 search grid points.
[2026-07-04 05:16:54,948] INFO [weekendr.sync] [sync_runner.py:289]: Running Ingestion. Area: 'FC Road' -> Category: 'Cafe'
[2026-07-04 05:16:54,948] INFO [weekendr.sync] [sync_runner.py:289]: Running Ingestion. Area: 'FC Road' -> Category: 'Restaurant'
[2026-07-04 05:16:54,948] INFO [weekendr.sync] [sync_runner.py:289]: Running Ingestion. Area: 'FC Road' -> Category: 'Dessert'
[2026-07-04 05:16:54,949] INFO [weekendr.sync] [sync_runner.py:289]: Running Ingestion. Area: 'FC Road' -> Category: 'Street Food'
[2026-07-04 05:16:54,949] INFO [weekendr.sync] [sync_runner.py:289]: Running Ingestion. Area: 'FC Road' -> Category: 'Gaming'
[2026-07-04 05:16:54,949] INFO [weekendr.sync] [sync_runner.py:289]: Running Ingestion. Area: 'FC Road' -> Category: 'Go Karting'
[2026-07-04 05:16:54,955] INFO [weekendr.sync] [sync_runner.py:289]: Running Ingestion. Area: 'FC Road' -> Category: 'Bowling'
[2026-07-04 05:16:54,956] INFO [weekendr.sync] [sync_runner.py:289]: Running Ingestion. Area: 'FC Road' -> Category: 'Escape Room'
[2026-07-04 05:16:54,956] INFO [weekendr.sync] [sync_runner.py:289]: Running Ingestion. Area: 'FC Road' -> Category: 'Live Music'
[2026-07-04 05:16:54,957] INFO [weekendr.sync] [sync_runner.py:289]: Running Ingestion. Area: 'FC Road' -> Category: 'Comedy Club'
[2026-07-04 05:16:54,957] INFO [weekendr.sync] [sync_runner.py:289]: Running Ingestion. Area: 'FC Road' -> Category: 'Rooftop'
[2026-07-04 05:16:54,957] INFO [weekendr.sync] [sync_runner.py:289]: Running Ingestion. Area: 'FC Road' -> Category: 'Nightlife'
[2026-07-04 05:16:54,958] INFO [weekendr.sync] [sync_runner.py:289]: Running Ingestion. Area: 'FC Road' -> Category: 'Mall'
[2026-07-04 05:16:54,958] INFO [weekendr.sync] [sync_runner.py:289]: Running Ingestion. Area: 'FC Road' -> Category: 'Street Shopping'
[2026-07-04 05:16:54,958] INFO [weekendr.sync] [sync_runner.py:289]: Running Ingestion. Area: 'FC Road' -> Category: 'Movie Theatre'
[2026-07-04 05:16:54,959] INFO [weekendr.sync] [sync_runner.py:289]: Running Ingestion. Area: 'FC Road' -> Category: 'Park'
[2026-07-04 05:16:54,959] INFO [weekendr.sync] [sync_runner.py:289]: Running Ingestion. Area: 'FC Road' -> Category: 'Garden'
[2026-07-04 05:16:54,959] INFO [weekendr.sync] [sync_runner.py:289]: Running Ingestion. Area: 'FC Road' -> Category: 'Lake'
[2026-07-04 05:16:54,960] INFO [weekendr.sync] [sync_runner.py:289]: Running Ingestion. Area: 'FC Road' -> Category: 'Fort'
[2026-07-04 05:16:54,960] INFO [weekendr.sync] [sync_runner.py:289]: Running Ingestion. Area: 'FC Road' -> Category: 'View Point'
[2026-07-04 05:16:54,960] INFO [weekendr.sync] [sync_runner.py:289]: Running Ingestion. Area: 'FC Road' -> Category: 'Workshop'
[2026-07-04 05:16:54,960] INFO [weekendr.sync] [sync_runner.py:289]: Running Ingestion. Area: 'FC Road' -> Category: 'Sports'
[2026-07-04 05:16:54,961] INFO [weekendr.sync] [sync_runner.py:289]: Running Ingestion. Area: 'FC Road' -> Category: 'Adventure'
[2026-07-04 05:16:54,961] INFO [weekendr.sync] [sync_runner.py:289]: Running Ingestion. Area: 'FC Road' -> Category: 'Nature'
[2026-07-04 05:16:54,961] INFO [weekendr.sync] [sync_runner.py:289]: Running Ingestion. Area: 'FC Road' -> Category: 'Bookstore'
[2026-07-04 05:16:54,962] INFO [weekendr.sync] [sync_runner.py:289]: Running Ingestion. Area: 'FC Road' -> Category: 'Coworking Cafe'
[2026-07-04 05:16:54,962] INFO [weekendr.sync] [sync_runner.py:289]: Running Ingestion. Area: 'FC Road' -> Category: 'Pet Cafe'
[2026-07-04 05:16:54,963] INFO [weekendr.sync] [sync_runner.py:289]: Running Ingestion. Area: 'FC Road' -> Category: 'Museum'
[2026-07-04 05:16:54,963] INFO [weekendr.sync] [sync_runner.py:289]: Running Ingestion. Area: 'FC Road' -> Category: 'Temple'
[2026-07-04 05:16:54,964] INFO [weekendr.sync] [sync_runner.py:266]: Ingesting Area: JM Road [Priority: High, Radius: 800m]
[2026-07-04 05:16:54,964] INFO [weekendr.sync] [sync_runner.py:282]: Split Area 'JM Road' into 4 search grid points.
[2026-07-04 05:16:54,964] INFO [weekendr.sync] [sync_runner.py:289]: Running Ingestion. Area: 'JM Road' -> Category: 'Cafe'
[2026-07-04 05:16:54,964] INFO [weekendr.sync] [sync_runner.py:289]: Running Ingestion. Area: 'JM Road' -> Category: 'Restaurant'
[2026-07-04 05:16:54,964] INFO [weekendr.sync] [sync_runner.py:289]: Running Ingestion. Area: 'JM Road' -> Category: 'Dessert'
[2026-07-04 05:16:54,964] INFO [weekendr.sync] [sync_runner.py:289]: Running Ingestion. Area: 'JM Road' -> Category: 'Street Food'
[2026-07-04 05:16:54,965] INFO [weekendr.sync] [sync_runner.py:289]: Running Ingestion. Area: 'JM Road' -> Category: 'Gaming'
[2026-07-04 05:16:54,965] INFO [weekendr.sync] [sync_runner.py:289]: Running Ingestion. Area: 'JM Road' -> Category: 'Go Karting'
[2026-07-04 05:16:54,966] INFO [weekendr.sync] [sync_runner.py:289]: Running Ingestion. Area: 'JM Road' -> Category: 'Bowling'
[2026-07-04 05:16:54,966] INFO [weekendr.sync] [sync_runner.py:289]: Running Ingestion. Area: 'JM Road' -> Category: 'Escape Room'
[2026-07-04 05:16:54,966] INFO [weekendr.sync] [sync_runner.py:289]: Running Ingestion. Area: 'JM Road' -> Category: 'Live Music'
[2026-07-04 05:16:54,967] INFO [weekendr.sync] [sync_runner.py:289]: Running Ingestion. Area: 'JM Road' -> Category: 'Comedy Club'
[2026-07-04 05:16:54,967] INFO [weekendr.sync] [sync_runner.py:289]: Running Ingestion. Area: 'JM Road' -> Category: 'Rooftop'
[2026-07-04 05:16:54,967] INFO [weekendr.sync] [sync_runner.py:289]: Running Ingestion. Area: 'JM Road' -> Category: 'Nightlife'
[2026-07-04 05:16:54,968] INFO [weekendr.sync] [sync_runner.py:289]: Running Ingestion. Area: 'JM Road' -> Category: 'Mall'
[2026-07-04 05:16:54,968] INFO [weekendr.sync] [sync_runner.py:289]: Running Ingestion. Area: 'JM Road' -> Category: 'Street Shopping'
[2026-07-04 05:16:54,968] INFO [weekendr.sync] [sync_runner.py:289]: Running Ingestion. Area: 'JM Road' -> Category: 'Movie Theatre'
[2026-07-04 05:16:54,968] INFO [weekendr.sync] [sync_runner.py:289]: Running Ingestion. Area: 'JM Road' -> Category: 'Park'
[2026-07-04 05:16:54,969] INFO [weekendr.sync] [sync_runner.py:289]: Running Ingestion. Area: 'JM Road' -> Category: 'Garden'
[2026-07-04 05:16:54,969] INFO [weekendr.sync] [sync_runner.py:289]: Running Ingestion. Area: 'JM Road' -> Category: 'Lake'
[2026-07-04 05:16:54,969] INFO [weekendr.sync] [sync_runner.py:289]: Running Ingestion. Area: 'JM Road' -> Category: 'Fort'
[2026-07-04 05:16:54,970] INFO [weekendr.sync] [sync_runner.py:289]: Running Ingestion. Area: 'JM Road' -> Category: 'View Point'
[2026-07-04 05:16:54,970] INFO [weekendr.sync] [sync_runner.py:289]: Running Ingestion. Area: 'JM Road' -> Category: 'Workshop'
[2026-07-04 05:16:54,970] INFO [weekendr.sync] [sync_runner.py:289]: Running Ingestion. Area: 'JM Road' -> Category: 'Sports'
[2026-07-04 05:16:54,971] INFO [weekendr.sync] [sync_runner.py:289]: Running Ingestion. Area: 'JM Road' -> Category: 'Adventure'
[2026-07-04 05:16:54,971] INFO [weekendr.sync] [sync_runner.py:289]: Running Ingestion. Area: 'JM Road' -> Category: 'Nature'
[2026-07-04 05:16:54,971] INFO [weekendr.sync] [sync_runner.py:289]: Running Ingestion. Area: 'JM Road' -> Category: 'Bookstore'
[2026-07-04 05:16:54,971] INFO [weekendr.sync] [sync_runner.py:289]: Running Ingestion. Area: 'JM Road' -> Category: 'Coworking Cafe'
[2026-07-04 05:16:54,972] INFO [weekendr.sync] [sync_runner.py:289]: Running Ingestion. Area: 'JM Road' -> Category: 'Pet Cafe'
[2026-07-04 05:16:54,972] INFO [weekendr.sync] [sync_runner.py:289]: Running Ingestion. Area: 'JM Road' -> Category: 'Museum'
[2026-07-04 05:16:54,972] INFO [weekendr.sync] [sync_runner.py:289]: Running Ingestion. Area: 'JM Road' -> Category: 'Temple'
[2026-07-04 05:16:54,973] INFO [weekendr.sync] [sync_runner.py:266]: Ingesting Area: Koregaon Park [Priority: High, Radius: 1200m]
[2026-07-04 05:16:54,973] INFO [weekendr.sync] [sync_runner.py:282]: Split Area 'Koregaon Park' into 9 search grid points.
[2026-07-04 05:16:54,973] INFO [weekendr.sync] [sync_runner.py:289]: Running Ingestion. Area: 'Koregaon Park' -> Category: 'Cafe'
[2026-07-04 05:16:54,973] INFO [weekendr.sync] [sync_runner.py:289]: Running Ingestion. Area: 'Koregaon Park' -> Category: 'Restaurant'
[2026-07-04 05:16:54,973] INFO [weekendr.sync] [sync_runner.py:289]: Running Ingestion. Area: 'Koregaon Park' -> Category: 'Dessert'
[2026-07-04 05:16:54,974] INFO [weekendr.sync] [sync_runner.py:289]: Running Ingestion. Area: 'Koregaon Park' -> Category: 'Street Food'
[2026-07-04 05:16:54,974] INFO [weekendr.sync] [sync_runner.py:289]: Running Ingestion. Area: 'Koregaon Park' -> Category: 'Gaming'
[2026-07-04 05:16:54,974] INFO [weekendr.sync] [sync_runner.py:289]: Running Ingestion. Area: 'Koregaon Park' -> Category: 'Go Karting'
[2026-07-04 05:16:54,975] INFO [weekendr.sync] [sync_runner.py:289]: Running Ingestion. Area: 'Koregaon Park' -> Category: 'Bowling'
[2026-07-04 05:16:54,975] INFO [weekendr.sync] [sync_runner.py:289]: Running Ingestion. Area: 'Koregaon Park' -> Category: 'Escape Room'
[2026-07-04 05:16:54,976] INFO [weekendr.sync] [sync_runner.py:289]: Running Ingestion. Area: 'Koregaon Park' -> Category: 'Live Music'
[2026-07-04 05:16:54,976] INFO [weekendr.sync] [sync_runner.py:289]: Running Ingestion. Area: 'Koregaon Park' -> Category: 'Comedy Club'
[2026-07-04 05:16:54,977] INFO [weekendr.sync] [sync_runner.py:289]: Running Ingestion. Area: 'Koregaon Park' -> Category: 'Rooftop'
[2026-07-04 05:16:54,977] INFO [weekendr.sync] [sync_runner.py:289]: Running Ingestion. Area: 'Koregaon Park' -> Category: 'Nightlife'
[2026-07-04 05:16:54,977] INFO [weekendr.sync] [sync_runner.py:289]: Running Ingestion. Area: 'Koregaon Park' -> Category: 'Mall'
[2026-07-04 05:16:54,978] INFO [weekendr.sync] [sync_runner.py:289]: Running Ingestion. Area: 'Koregaon Park' -> Category: 'Street Shopping'
[2026-07-04 05:16:54,978] INFO [weekendr.sync] [sync_runner.py:289]: Running Ingestion. Area: 'Koregaon Park' -> Category: 'Movie Theatre'
[2026-07-04 05:16:54,978] INFO [weekendr.sync] [sync_runner.py:289]: Running Ingestion. Area: 'Koregaon Park' -> Category: 'Park'
[2026-07-04 05:16:54,979] INFO [weekendr.sync] [sync_runner.py:289]: Running Ingestion. Area: 'Koregaon Park' -> Category: 'Garden'
[2026-07-04 05:16:54,980] INFO [weekendr.sync] [sync_runner.py:289]: Running Ingestion. Area: 'Koregaon Park' -> Category: 'Lake'
[2026-07-04 05:16:54,981] INFO [weekendr.sync] [sync_runner.py:289]: Running Ingestion. Area: 'Koregaon Park' -> Category: 'Fort'
[2026-07-04 05:16:54,981] INFO [weekendr.sync] [sync_runner.py:289]: Running Ingestion. Area: 'Koregaon Park' -> Category: 'View Point'
[2026-07-04 05:16:54,982] INFO [weekendr.sync] [sync_runner.py:289]: Running Ingestion. Area: 'Koregaon Park' -> Category: 'Workshop'
[2026-07-04 05:16:54,982] INFO [weekendr.sync] [sync_runner.py:289]: Running Ingestion. Area: 'Koregaon Park' -> Category: 'Sports'
[2026-07-04 05:16:54,982] INFO [weekendr.sync] [sync_runner.py:289]: Running Ingestion. Area: 'Koregaon Park' -> Category: 'Adventure'
[2026-07-04 05:16:54,983] INFO [weekendr.sync] [sync_runner.py:289]: Running Ingestion. Area: 'Koregaon Park' -> Category: 'Nature'
[2026-07-04 05:16:54,983] INFO [weekendr.sync] [sync_runner.py:289]: Running Ingestion. Area: 'Koregaon Park' -> Category: 'Bookstore'
[2026-07-04 05:16:54,984] INFO [weekendr.sync] [sync_runner.py:289]: Running Ingestion. Area: 'Koregaon Park' -> Category: 'Coworking Cafe'
[2026-07-04 05:16:54,984] INFO [weekendr.sync] [sync_runner.py:289]: Running Ingestion. Area: 'Koregaon Park' -> Category: 'Pet Cafe'
[2026-07-04 05:16:54,984] INFO [weekendr.sync] [sync_runner.py:289]: Running Ingestion. Area: 'Koregaon Park' -> Category: 'Museum'
[2026-07-04 05:16:54,985] INFO [weekendr.sync] [sync_runner.py:289]: Running Ingestion. Area: 'Koregaon Park' -> Category: 'Temple'
[2026-07-04 05:16:54,985] INFO [weekendr.sync] [sync_runner.py:266]: Ingesting Area: Kalyani Nagar [Priority: High, Radius: 1000m]
[2026-07-04 05:16:54,985] INFO [weekendr.sync] [sync_runner.py:282]: Split Area 'Kalyani Nagar' into 9 search grid points.
[2026-07-04 05:16:54,986] INFO [weekendr.sync] [sync_runner.py:289]: Running Ingestion. Area: 'Kalyani Nagar' -> Category: 'Cafe'
[2026-07-04 05:16:54,986] INFO [weekendr.sync] [sync_runner.py:289]: Running Ingestion. Area: 'Kalyani Nagar' -> Category: 'Restaurant'
[2026-07-04 05:16:54,987] INFO [weekendr.sync] [sync_runner.py:289]: Running Ingestion. Area: 'Kalyani Nagar' -> Category: 'Dessert'
[2026-07-04 05:16:54,987] INFO [weekendr.sync] [sync_runner.py:289]: Running Ingestion. Area: 'Kalyani Nagar' -> Category: 'Street Food'
[2026-07-04 05:16:54,988] INFO [weekendr.sync] [sync_runner.py:289]: Running Ingestion. Area: 'Kalyani Nagar' -> Category: 'Gaming'
[2026-07-04 05:16:54,988] INFO [weekendr.sync] [sync_runner.py:289]: Running Ingestion. Area: 'Kalyani Nagar' -> Category: 'Go Karting'
[2026-07-04 05:16:54,989] INFO [weekendr.sync] [sync_runner.py:289]: Running Ingestion. Area: 'Kalyani Nagar' -> Category: 'Bowling'
[2026-07-04 05:16:54,989] INFO [weekendr.sync] [sync_runner.py:289]: Running Ingestion. Area: 'Kalyani Nagar' -> Category: 'Escape Room'
[2026-07-04 05:16:54,990] INFO [weekendr.sync] [sync_runner.py:289]: Running Ingestion. Area: 'Kalyani Nagar' -> Category: 'Live Music'
[2026-07-04 05:16:54,990] INFO [weekendr.sync] [sync_runner.py:289]: Running Ingestion. Area: 'Kalyani Nagar' -> Category: 'Comedy Club'
[2026-07-04 05:16:54,991] INFO [weekendr.sync] [sync_runner.py:289]: Running Ingestion. Area: 'Kalyani Nagar' -> Category: 'Rooftop'
[2026-07-04 05:16:54,991] INFO [weekendr.sync] [sync_runner.py:289]: Running Ingestion. Area: 'Kalyani Nagar' -> Category: 'Nightlife'
[2026-07-04 05:16:54,991] INFO [weekendr.sync] [sync_runner.py:289]: Running Ingestion. Area: 'Kalyani Nagar' -> Category: 'Mall'
[2026-07-04 05:16:54,992] INFO [weekendr.sync] [sync_runner.py:289]: Running Ingestion. Area: 'Kalyani Nagar' -> Category: 'Street Shopping'
[2026-07-04 05:16:54,992] INFO [weekendr.sync] [sync_runner.py:289]: Running Ingestion. Area: 'Kalyani Nagar' -> Category: 'Movie Theatre'
[2026-07-04 05:16:54,993] INFO [weekendr.sync] [sync_runner.py:289]: Running Ingestion. Area: 'Kalyani Nagar' -> Category: 'Park'
[2026-07-04 05:16:54,993] INFO [weekendr.sync] [sync_runner.py:289]: Running Ingestion. Area: 'Kalyani Nagar' -> Category: 'Garden'
[2026-07-04 05:16:54,993] INFO [weekendr.sync] [sync_runner.py:289]: Running Ingestion. Area: 'Kalyani Nagar' -> Category: 'Lake'
[2026-07-04 05:16:54,994] INFO [weekendr.sync] [sync_runner.py:289]: Running Ingestion. Area: 'Kalyani Nagar' -> Category: 'Fort'
[2026-07-04 05:16:54,994] INFO [weekendr.sync] [sync_runner.py:289]: Running Ingestion. Area: 'Kalyani Nagar' -> Category: 'View Point'
[2026-07-04 05:16:54,995] INFO [weekendr.sync] [sync_runner.py:289]: Running Ingestion. Area: 'Kalyani Nagar' -> Category: 'Workshop'
[2026-07-04 05:16:54,995] INFO [weekendr.sync] [sync_runner.py:289]: Running Ingestion. Area: 'Kalyani Nagar' -> Category: 'Sports'
[2026-07-04 05:16:54,996] INFO [weekendr.sync] [sync_runner.py:289]: Running Ingestion. Area: 'Kalyani Nagar' -> Category: 'Adventure'
[2026-07-04 05:16:54,996] INFO [weekendr.sync] [sync_runner.py:289]: Running Ingestion. Area: 'Kalyani Nagar' -> Category: 'Nature'
[2026-07-04 05:16:54,997] INFO [weekendr.sync] [sync_runner.py:289]: Running Ingestion. Area: 'Kalyani Nagar' -> Category: 'Bookstore'
[2026-07-04 05:16:54,998] INFO [weekendr.sync] [sync_runner.py:289]: Running Ingestion. Area: 'Kalyani Nagar' -> Category: 'Coworking Cafe'
[2026-07-04 05:16:54,998] INFO [weekendr.sync] [sync_runner.py:289]: Running Ingestion. Area: 'Kalyani Nagar' -> Category: 'Pet Cafe'
[2026-07-04 05:16:54,998] INFO [weekendr.sync] [sync_runner.py:289]: Running Ingestion. Area: 'Kalyani Nagar' -> Category: 'Museum'
[2026-07-04 05:16:54,999] INFO [weekendr.sync] [sync_runner.py:289]: Running Ingestion. Area: 'Kalyani Nagar' -> Category: 'Temple'
[2026-07-04 05:16:54,999] INFO [weekendr.sync] [sync_runner.py:266]: Ingesting Area: Viman Nagar [Priority: High, Radius: 1200m]
[2026-07-04 05:16:55,000] INFO [weekendr.sync] [sync_runner.py:282]: Split Area 'Viman Nagar' into 9 search grid points.
[2026-07-04 05:16:55,000] INFO [weekendr.sync] [sync_runner.py:289]: Running Ingestion. Area: 'Viman Nagar' -> Category: 'Cafe'
[2026-07-04 05:16:55,000] INFO [weekendr.sync] [sync_runner.py:289]: Running Ingestion. Area: 'Viman Nagar' -> Category: 'Restaurant'
[2026-07-04 05:16:55,001] INFO [weekendr.sync] [sync_runner.py:289]: Running Ingestion. Area: 'Viman Nagar' -> Category: 'Dessert'
[2026-07-04 05:16:55,001] INFO [weekendr.sync] [sync_runner.py:289]: Running Ingestion. Area: 'Viman Nagar' -> Category: 'Street Food'
[2026-07-04 05:16:55,002] INFO [weekendr.sync] [sync_runner.py:289]: Running Ingestion. Area: 'Viman Nagar' -> Category: 'Gaming'
[2026-07-04 05:16:55,002] INFO [weekendr.sync] [sync_runner.py:289]: Running Ingestion. Area: 'Viman Nagar' -> Category: 'Go Karting'
[2026-07-04 05:16:55,003] INFO [weekendr.sync] [sync_runner.py:289]: Running Ingestion. Area: 'Viman Nagar' -> Category: 'Bowling'
[2026-07-04 05:16:55,003] INFO [weekendr.sync] [sync_runner.py:289]: Running Ingestion. Area: 'Viman Nagar' -> Category: 'Escape Room'
[2026-07-04 05:16:55,003] INFO [weekendr.sync] [sync_runner.py:289]: Running Ingestion. Area: 'Viman Nagar' -> Category: 'Live Music'
[2026-07-04 05:16:55,004] INFO [weekendr.sync] [sync_runner.py:289]: Running Ingestion. Area: 'Viman Nagar' -> Category: 'Comedy Club'
[2026-07-04 05:16:55,004] INFO [weekendr.sync] [sync_runner.py:289]: Running Ingestion. Area: 'Viman Nagar' -> Category: 'Rooftop'
[2026-07-04 05:16:55,005] INFO [weekendr.sync] [sync_runner.py:289]: Running Ingestion. Area: 'Viman Nagar' -> Category: 'Nightlife'
[2026-07-04 05:16:55,005] INFO [weekendr.sync] [sync_runner.py:289]: Running Ingestion. Area: 'Viman Nagar' -> Category: 'Mall'
[2026-07-04 05:16:55,006] INFO [weekendr.sync] [sync_runner.py:289]: Running Ingestion. Area: 'Viman Nagar' -> Category: 'Street Shopping'
[2026-07-04 05:16:55,006] INFO [weekendr.sync] [sync_runner.py:289]: Running Ingestion. Area: 'Viman Nagar' -> Category: 'Movie Theatre'
[2026-07-04 05:16:55,007] INFO [weekendr.sync] [sync_runner.py:289]: Running Ingestion. Area: 'Viman Nagar' -> Category: 'Park'
[2026-07-04 05:16:55,007] INFO [weekendr.sync] [sync_runner.py:289]: Running Ingestion. Area: 'Viman Nagar' -> Category: 'Garden'
[2026-07-04 05:16:55,008] INFO [weekendr.sync] [sync_runner.py:289]: Running Ingestion. Area: 'Viman Nagar' -> Category: 'Lake'
[2026-07-04 05:16:55,008] INFO [weekendr.sync] [sync_runner.py:289]: Running Ingestion. Area: 'Viman Nagar' -> Category: 'Fort'
[2026-07-04 05:16:55,008] INFO [weekendr.sync] [sync_runner.py:289]: Running Ingestion. Area: 'Viman Nagar' -> Category: 'View Point'
[2026-07-04 05:16:55,009] INFO [weekendr.sync] [sync_runner.py:289]: Running Ingestion. Area: 'Viman Nagar' -> Category: 'Workshop'
[2026-07-04 05:16:55,009] INFO [weekendr.sync] [sync_runner.py:289]: Running Ingestion. Area: 'Viman Nagar' -> Category: 'Sports'
[2026-07-04 05:16:55,010] INFO [weekendr.sync] [sync_runner.py:289]: Running Ingestion. Area: 'Viman Nagar' -> Category: 'Adventure'
[2026-07-04 05:16:55,011] INFO [weekendr.sync] [sync_runner.py:289]: Running Ingestion. Area: 'Viman Nagar' -> Category: 'Nature'
[2026-07-04 05:16:55,011] INFO [weekendr.sync] [sync_runner.py:289]: Running Ingestion. Area: 'Viman Nagar' -> Category: 'Bookstore'
[2026-07-04 05:16:55,012] INFO [weekendr.sync] [sync_runner.py:289]: Running Ingestion. Area: 'Viman Nagar' -> Category: 'Coworking Cafe'
[2026-07-04 05:16:55,012] INFO [weekendr.sync] [sync_runner.py:289]: Running Ingestion. Area: 'Viman Nagar' -> Category: 'Pet Cafe'
[2026-07-04 05:16:55,013] INFO [weekendr.sync] [sync_runner.py:289]: Running Ingestion. Area: 'Viman Nagar' -> Category: 'Museum'
[2026-07-04 05:16:55,014] INFO [weekendr.sync] [sync_runner.py:289]: Running Ingestion. Area: 'Viman Nagar' -> Category: 'Temple'
[2026-07-04 05:16:55,014] INFO [weekendr.sync] [sync_runner.py:266]: Ingesting Area: Kothrud [Priority: High, Radius: 1500m]
[2026-07-04 05:16:55,014] INFO [weekendr.sync] [sync_runner.py:282]: Split Area 'Kothrud' into 9 search grid points.
[2026-07-04 05:16:55,014] INFO [weekendr.sync] [sync_runner.py:289]: Running Ingestion. Area: 'Kothrud' -> Category: 'Cafe'
[2026-07-04 05:16:55,015] INFO [weekendr.sync] [sync_runner.py:289]: Running Ingestion. Area: 'Kothrud' -> Category: 'Restaurant'
[2026-07-04 05:16:55,015] INFO [weekendr.sync] [sync_runner.py:289]: Running Ingestion. Area: 'Kothrud' -> Category: 'Dessert'
[2026-07-04 05:16:55,016] INFO [weekendr.sync] [sync_runner.py:289]: Running Ingestion. Area: 'Kothrud' -> Category: 'Street Food'
[2026-07-04 05:16:55,016] INFO [weekendr.sync] [sync_runner.py:289]: Running Ingestion. Area: 'Kothrud' -> Category: 'Gaming'
[2026-07-04 05:16:55,016] INFO [weekendr.sync] [sync_runner.py:289]: Running Ingestion. Area: 'Kothrud' -> Category: 'Go Karting'
[2026-07-04 05:16:55,017] INFO [weekendr.sync] [sync_runner.py:289]: Running Ingestion. Area: 'Kothrud' -> Category: 'Bowling'
[2026-07-04 05:16:55,017] INFO [weekendr.sync] [sync_runner.py:289]: Running Ingestion. Area: 'Kothrud' -> Category: 'Escape Room'
[2026-07-04 05:16:55,017] INFO [weekendr.sync] [sync_runner.py:289]: Running Ingestion. Area: 'Kothrud' -> Category: 'Live Music'
[2026-07-04 05:16:55,018] INFO [weekendr.sync] [sync_runner.py:289]: Running Ingestion. Area: 'Kothrud' -> Category: 'Comedy Club'
[2026-07-04 05:16:55,018] INFO [weekendr.sync] [sync_runner.py:289]: Running Ingestion. Area: 'Kothrud' -> Category: 'Rooftop'
[2026-07-04 05:16:55,018] INFO [weekendr.sync] [sync_runner.py:289]: Running Ingestion. Area: 'Kothrud' -> Category: 'Nightlife'
[2026-07-04 05:16:55,019] INFO [weekendr.sync] [sync_runner.py:289]: Running Ingestion. Area: 'Kothrud' -> Category: 'Mall'
[2026-07-04 05:16:55,019] INFO [weekendr.sync] [sync_runner.py:289]: Running Ingestion. Area: 'Kothrud' -> Category: 'Street Shopping'
[2026-07-04 05:16:55,019] INFO [weekendr.sync] [sync_runner.py:289]: Running Ingestion. Area: 'Kothrud' -> Category: 'Movie Theatre'
[2026-07-04 05:16:55,020] INFO [weekendr.sync] [sync_runner.py:289]: Running Ingestion. Area: 'Kothrud' -> Category: 'Park'
[2026-07-04 05:16:55,020] INFO [weekendr.sync] [sync_runner.py:289]: Running Ingestion. Area: 'Kothrud' -> Category: 'Garden'
[2026-07-04 05:16:55,021] INFO [weekendr.sync] [sync_runner.py:289]: Running Ingestion. Area: 'Kothrud' -> Category: 'Lake'
[2026-07-04 05:16:55,021] INFO [weekendr.sync] [sync_runner.py:289]: Running Ingestion. Area: 'Kothrud' -> Category: 'Fort'
[2026-07-04 05:16:55,021] INFO [weekendr.sync] [sync_runner.py:289]: Running Ingestion. Area: 'Kothrud' -> Category: 'View Point'
[2026-07-04 05:16:55,022] INFO [weekendr.sync] [sync_runner.py:289]: Running Ingestion. Area: 'Kothrud' -> Category: 'Workshop'
[2026-07-04 05:16:55,022] INFO [weekendr.sync] [sync_runner.py:289]: Running Ingestion. Area: 'Kothrud' -> Category: 'Sports'
[2026-07-04 05:16:55,022] INFO [weekendr.sync] [sync_runner.py:289]: Running Ingestion. Area: 'Kothrud' -> Category: 'Adventure'
[2026-07-04 05:16:55,023] INFO [weekendr.sync] [sync_runner.py:289]: Running Ingestion. Area: 'Kothrud' -> Category: 'Nature'
[2026-07-04 05:16:55,023] INFO [weekendr.sync] [sync_runner.py:289]: Running Ingestion. Area: 'Kothrud' -> Category: 'Bookstore'
[2026-07-04 05:16:55,023] INFO [weekendr.sync] [sync_runner.py:289]: Running Ingestion. Area: 'Kothrud' -> Category: 'Coworking Cafe'
[2026-07-04 05:16:55,024] INFO [weekendr.sync] [sync_runner.py:289]: Running Ingestion. Area: 'Kothrud' -> Category: 'Pet Cafe'
[2026-07-04 05:16:55,025] INFO [weekendr.sync] [sync_runner.py:289]: Running Ingestion. Area: 'Kothrud' -> Category: 'Museum'
[2026-07-04 05:16:55,026] INFO [weekendr.sync] [sync_runner.py:289]: Running Ingestion. Area: 'Kothrud' -> Category: 'Temple'
[2026-07-04 05:16:55,026] INFO [weekendr.sync] [sync_runner.py:266]: Ingesting Area: Camp [Priority: High, Radius: 1200m]
[2026-07-04 05:16:55,026] INFO [weekendr.sync] [sync_runner.py:282]: Split Area 'Camp' into 9 search grid points.
[2026-07-04 05:16:55,026] INFO [weekendr.sync] [sync_runner.py:289]: Running Ingestion. Area: 'Camp' -> Category: 'Cafe'
[2026-07-04 05:16:55,026] INFO [weekendr.sync] [sync_runner.py:289]: Running Ingestion. Area: 'Camp' -> Category: 'Restaurant'
[2026-07-04 05:16:55,030] INFO [weekendr.sync] [sync_runner.py:289]: Running Ingestion. Area: 'Camp' -> Category: 'Dessert'
[2026-07-04 05:16:55,030] INFO [weekendr.sync] [sync_runner.py:289]: Running Ingestion. Area: 'Camp' -> Category: 'Street Food'
[2026-07-04 05:16:55,031] INFO [weekendr.sync] [sync_runner.py:289]: Running Ingestion. Area: 'Camp' -> Category: 'Gaming'
[2026-07-04 05:16:55,031] INFO [weekendr.sync] [sync_runner.py:289]: Running Ingestion. Area: 'Camp' -> Category: 'Go Karting'
[2026-07-04 05:16:55,032] INFO [weekendr.sync] [sync_runner.py:289]: Running Ingestion. Area: 'Camp' -> Category: 'Bowling'
[2026-07-04 05:16:55,032] INFO [weekendr.sync] [sync_runner.py:289]: Running Ingestion. Area: 'Camp' -> Category: 'Escape Room'
[2026-07-04 05:16:55,033] INFO [weekendr.sync] [sync_runner.py:289]: Running Ingestion. Area: 'Camp' -> Category: 'Live Music'
[2026-07-04 05:16:55,033] INFO [weekendr.sync] [sync_runner.py:289]: Running Ingestion. Area: 'Camp' -> Category: 'Comedy Club'
[2026-07-04 05:16:55,034] INFO [weekendr.sync] [sync_runner.py:289]: Running Ingestion. Area: 'Camp' -> Category: 'Rooftop'
[2026-07-04 05:16:55,034] INFO [weekendr.sync] [sync_runner.py:289]: Running Ingestion. Area: 'Camp' -> Category: 'Nightlife'
[2026-07-04 05:16:55,035] INFO [weekendr.sync] [sync_runner.py:289]: Running Ingestion. Area: 'Camp' -> Category: 'Mall'
[2026-07-04 05:16:55,035] INFO [weekendr.sync] [sync_runner.py:289]: Running Ingestion. Area: 'Camp' -> Category: 'Street Shopping'
[2026-07-04 05:16:55,036] INFO [weekendr.sync] [sync_runner.py:289]: Running Ingestion. Area: 'Camp' -> Category: 'Movie Theatre'
[2026-07-04 05:16:55,036] INFO [weekendr.sync] [sync_runner.py:289]: Running Ingestion. Area: 'Camp' -> Category: 'Park'
[2026-07-04 05:16:55,037] INFO [weekendr.sync] [sync_runner.py:289]: Running Ingestion. Area: 'Camp' -> Category: 'Garden'
[2026-07-04 05:16:55,037] INFO [weekendr.sync] [sync_runner.py:289]: Running Ingestion. Area: 'Camp' -> Category: 'Lake'
[2026-07-04 05:16:55,037] INFO [weekendr.sync] [sync_runner.py:289]: Running Ingestion. Area: 'Camp' -> Category: 'Fort'
[2026-07-04 05:16:55,038] INFO [weekendr.sync] [sync_runner.py:289]: Running Ingestion. Area: 'Camp' -> Category: 'View Point'
[2026-07-04 05:16:55,038] INFO [weekendr.sync] [sync_runner.py:289]: Running Ingestion. Area: 'Camp' -> Category: 'Workshop'
[2026-07-04 05:16:55,039] INFO [weekendr.sync] [sync_runner.py:289]: Running Ingestion. Area: 'Camp' -> Category: 'Sports'
[2026-07-04 05:16:55,039] INFO [weekendr.sync] [sync_runner.py:289]: Running Ingestion. Area: 'Camp' -> Category: 'Adventure'
[2026-07-04 05:16:55,040] INFO [weekendr.sync] [sync_runner.py:289]: Running Ingestion. Area: 'Camp' -> Category: 'Nature'
[2026-07-04 05:16:55,041] INFO [weekendr.sync] [sync_runner.py:289]: Running Ingestion. Area: 'Camp' -> Category: 'Bookstore'
[2026-07-04 05:16:55,041] INFO [weekendr.sync] [sync_runner.py:289]: Running Ingestion. Area: 'Camp' -> Category: 'Coworking Cafe'
[2026-07-04 05:16:55,042] INFO [weekendr.sync] [sync_runner.py:289]: Running Ingestion. Area: 'Camp' -> Category: 'Pet Cafe'
[2026-07-04 05:16:55,042] INFO [weekendr.sync] [sync_runner.py:289]: Running Ingestion. Area: 'Camp' -> Category: 'Museum'
[2026-07-04 05:16:55,043] INFO [weekendr.sync] [sync_runner.py:289]: Running Ingestion. Area: 'Camp' -> Category: 'Temple'
[2026-07-04 05:16:55,043] INFO [weekendr.sync] [sync_runner.py:266]: Ingesting Area: Aundh [Priority: High, Radius: 1000m]
[2026-07-04 05:16:55,043] INFO [weekendr.sync] [sync_runner.py:282]: Split Area 'Aundh' into 9 search grid points.
[2026-07-04 05:16:55,043] INFO [weekendr.sync] [sync_runner.py:289]: Running Ingestion. Area: 'Aundh' -> Category: 'Cafe'
[2026-07-04 05:16:55,044] INFO [weekendr.sync] [sync_runner.py:289]: Running Ingestion. Area: 'Aundh' -> Category: 'Restaurant'
[2026-07-04 05:16:55,044] INFO [weekendr.sync] [sync_runner.py:289]: Running Ingestion. Area: 'Aundh' -> Category: 'Dessert'
[2026-07-04 05:16:55,044] INFO [weekendr.sync] [sync_runner.py:289]: Running Ingestion. Area: 'Aundh' -> Category: 'Street Food'
[2026-07-04 05:16:55,045] INFO [weekendr.sync] [sync_runner.py:289]: Running Ingestion. Area: 'Aundh' -> Category: 'Gaming'
[2026-07-04 05:16:55,046] INFO [weekendr.sync] [sync_runner.py:289]: Running Ingestion. Area: 'Aundh' -> Category: 'Go Karting'
[2026-07-04 05:16:55,047] INFO [weekendr.sync] [sync_runner.py:289]: Running Ingestion. Area: 'Aundh' -> Category: 'Bowling'
[2026-07-04 05:16:55,047] INFO [weekendr.sync] [sync_runner.py:289]: Running Ingestion. Area: 'Aundh' -> Category: 'Escape Room'
[2026-07-04 05:16:55,048] INFO [weekendr.sync] [sync_runner.py:289]: Running Ingestion. Area: 'Aundh' -> Category: 'Live Music'
[2026-07-04 05:16:55,048] INFO [weekendr.sync] [sync_runner.py:289]: Running Ingestion. Area: 'Aundh' -> Category: 'Comedy Club'
[2026-07-04 05:16:55,049] INFO [weekendr.sync] [sync_runner.py:289]: Running Ingestion. Area: 'Aundh' -> Category: 'Rooftop'
[2026-07-04 05:16:55,049] INFO [weekendr.sync] [sync_runner.py:289]: Running Ingestion. Area: 'Aundh' -> Category: 'Nightlife'
[2026-07-04 05:16:55,050] INFO [weekendr.sync] [sync_runner.py:289]: Running Ingestion. Area: 'Aundh' -> Category: 'Mall'
[2026-07-04 05:16:55,050] INFO [weekendr.sync] [sync_runner.py:289]: Running Ingestion. Area: 'Aundh' -> Category: 'Street Shopping'
[2026-07-04 05:16:55,051] INFO [weekendr.sync] [sync_runner.py:289]: Running Ingestion. Area: 'Aundh' -> Category: 'Movie Theatre'
[2026-07-04 05:16:55,051] INFO [weekendr.sync] [sync_runner.py:289]: Running Ingestion. Area: 'Aundh' -> Category: 'Park'
[2026-07-04 05:16:55,051] INFO [weekendr.sync] [sync_runner.py:289]: Running Ingestion. Area: 'Aundh' -> Category: 'Garden'
[2026-07-04 05:16:55,052] INFO [weekendr.sync] [sync_runner.py:289]: Running Ingestion. Area: 'Aundh' -> Category: 'Lake'
[2026-07-04 05:16:55,052] INFO [weekendr.sync] [sync_runner.py:289]: Running Ingestion. Area: 'Aundh' -> Category: 'Fort'
[2026-07-04 05:16:55,053] INFO [weekendr.sync] [sync_runner.py:289]: Running Ingestion. Area: 'Aundh' -> Category: 'View Point'
[2026-07-04 05:16:55,053] INFO [weekendr.sync] [sync_runner.py:289]: Running Ingestion. Area: 'Aundh' -> Category: 'Workshop'
[2026-07-04 05:16:55,054] INFO [weekendr.sync] [sync_runner.py:289]: Running Ingestion. Area: 'Aundh' -> Category: 'Sports'
[2026-07-04 05:16:55,055] INFO [weekendr.sync] [sync_runner.py:289]: Running Ingestion. Area: 'Aundh' -> Category: 'Adventure'
[2026-07-04 05:16:55,055] INFO [weekendr.sync] [sync_runner.py:289]: Running Ingestion. Area: 'Aundh' -> Category: 'Nature'
[2026-07-04 05:16:55,056] INFO [weekendr.sync] [sync_runner.py:289]: Running Ingestion. Area: 'Aundh' -> Category: 'Bookstore'
[2026-07-04 05:16:55,056] INFO [weekendr.sync] [sync_runner.py:289]: Running Ingestion. Area: 'Aundh' -> Category: 'Coworking Cafe'
[2026-07-04 05:16:55,056] INFO [weekendr.sync] [sync_runner.py:289]: Running Ingestion. Area: 'Aundh' -> Category: 'Pet Cafe'
[2026-07-04 05:16:55,057] INFO [weekendr.sync] [sync_runner.py:289]: Running Ingestion. Area: 'Aundh' -> Category: 'Museum'
[2026-07-04 05:16:55,057] INFO [weekendr.sync] [sync_runner.py:289]: Running Ingestion. Area: 'Aundh' -> Category: 'Temple'
[2026-07-04 05:16:55,058] INFO [weekendr.sync] [sync_runner.py:266]: Ingesting Area: Shivajinagar [Priority: Medium, Radius: 1000m]
[2026-07-04 05:16:55,058] INFO [weekendr.sync] [sync_runner.py:282]: Split Area 'Shivajinagar' into 9 search grid points.
[2026-07-04 05:16:55,058] INFO [weekendr.sync] [sync_runner.py:289]: Running Ingestion. Area: 'Shivajinagar' -> Category: 'Cafe'
[2026-07-04 05:16:55,059] INFO [weekendr.sync] [sync_runner.py:289]: Running Ingestion. Area: 'Shivajinagar' -> Category: 'Restaurant'
[2026-07-04 05:16:55,059] INFO [weekendr.sync] [sync_runner.py:289]: Running Ingestion. Area: 'Shivajinagar' -> Category: 'Dessert'
[2026-07-04 05:16:55,060] INFO [weekendr.sync] [sync_runner.py:289]: Running Ingestion. Area: 'Shivajinagar' -> Category: 'Street Food'
[2026-07-04 05:16:55,061] INFO [weekendr.sync] [sync_runner.py:289]: Running Ingestion. Area: 'Shivajinagar' -> Category: 'Gaming'
[2026-07-04 05:16:55,062] INFO [weekendr.sync] [sync_runner.py:289]: Running Ingestion. Area: 'Shivajinagar' -> Category: 'Go Karting'
[2026-07-04 05:16:55,063] INFO [weekendr.sync] [sync_runner.py:289]: Running Ingestion. Area: 'Shivajinagar' -> Category: 'Bowling'
[2026-07-04 05:16:55,064] INFO [weekendr.sync] [sync_runner.py:289]: Running Ingestion. Area: 'Shivajinagar' -> Category: 'Escape Room'
[2026-07-04 05:16:55,065] INFO [weekendr.sync] [sync_runner.py:289]: Running Ingestion. Area: 'Shivajinagar' -> Category: 'Live Music'
[2026-07-04 05:16:55,066] INFO [weekendr.sync] [sync_runner.py:289]: Running Ingestion. Area: 'Shivajinagar' -> Category: 'Comedy Club'
[2026-07-04 05:16:55,066] INFO [weekendr.sync] [sync_runner.py:289]: Running Ingestion. Area: 'Shivajinagar' -> Category: 'Rooftop'
[2026-07-04 05:16:55,067] INFO [weekendr.sync] [sync_runner.py:289]: Running Ingestion. Area: 'Shivajinagar' -> Category: 'Nightlife'
[2026-07-04 05:16:55,068] INFO [weekendr.sync] [sync_runner.py:289]: Running Ingestion. Area: 'Shivajinagar' -> Category: 'Mall'
[2026-07-04 05:16:55,069] INFO [weekendr.sync] [sync_runner.py:289]: Running Ingestion. Area: 'Shivajinagar' -> Category: 'Street Shopping'
[2026-07-04 05:16:55,069] INFO [weekendr.sync] [sync_runner.py:289]: Running Ingestion. Area: 'Shivajinagar' -> Category: 'Movie Theatre'
[2026-07-04 05:16:55,070] INFO [weekendr.sync] [sync_runner.py:289]: Running Ingestion. Area: 'Shivajinagar' -> Category: 'Park'
[2026-07-04 05:16:55,070] INFO [weekendr.sync] [sync_runner.py:289]: Running Ingestion. Area: 'Shivajinagar' -> Category: 'Garden'
[2026-07-04 05:16:55,070] INFO [weekendr.sync] [sync_runner.py:289]: Running Ingestion. Area: 'Shivajinagar' -> Category: 'Lake'
[2026-07-04 05:16:55,071] INFO [weekendr.sync] [sync_runner.py:289]: Running Ingestion. Area: 'Shivajinagar' -> Category: 'Fort'
[2026-07-04 05:16:55,071] INFO [weekendr.sync] [sync_runner.py:289]: Running Ingestion. Area: 'Shivajinagar' -> Category: 'View Point'
[2026-07-04 05:16:55,071] INFO [weekendr.sync] [sync_runner.py:289]: Running Ingestion. Area: 'Shivajinagar' -> Category: 'Workshop'
[2026-07-04 05:16:55,072] INFO [weekendr.sync] [sync_runner.py:289]: Running Ingestion. Area: 'Shivajinagar' -> Category: 'Sports'
[2026-07-04 05:16:55,073] INFO [weekendr.sync] [sync_runner.py:289]: Running Ingestion. Area: 'Shivajinagar' -> Category: 'Adventure'
[2026-07-04 05:16:55,073] INFO [weekendr.sync] [sync_runner.py:289]: Running Ingestion. Area: 'Shivajinagar' -> Category: 'Nature'
[2026-07-04 05:16:55,074] INFO [weekendr.sync] [sync_runner.py:289]: Running Ingestion. Area: 'Shivajinagar' -> Category: 'Bookstore'
[2026-07-04 05:16:55,074] INFO [weekendr.sync] [sync_runner.py:289]: Running Ingestion. Area: 'Shivajinagar' -> Category: 'Coworking Cafe'
[2026-07-04 05:16:55,075] INFO [weekendr.sync] [sync_runner.py:289]: Running Ingestion. Area: 'Shivajinagar' -> Category: 'Pet Cafe'
[2026-07-04 05:16:55,075] INFO [weekendr.sync] [sync_runner.py:289]: Running Ingestion. Area: 'Shivajinagar' -> Category: 'Museum'
[2026-07-04 05:16:55,076] INFO [weekendr.sync] [sync_runner.py:289]: Running Ingestion. Area: 'Shivajinagar' -> Category: 'Temple'
[2026-07-04 05:16:55,076] INFO [weekendr.sync] [sync_runner.py:266]: Ingesting Area: Hadapsar [Priority: Medium, Radius: 1500m]
[2026-07-04 05:16:55,076] INFO [weekendr.sync] [sync_runner.py:282]: Split Area 'Hadapsar' into 9 search grid points.
[2026-07-04 05:16:55,076] INFO [weekendr.sync] [sync_runner.py:289]: Running Ingestion. Area: 'Hadapsar' -> Category: 'Cafe'
[2026-07-04 05:16:55,077] INFO [weekendr.sync] [sync_runner.py:289]: Running Ingestion. Area: 'Hadapsar' -> Category: 'Restaurant'
[2026-07-04 05:16:55,077] INFO [weekendr.sync] [sync_runner.py:289]: Running Ingestion. Area: 'Hadapsar' -> Category: 'Dessert'
[2026-07-04 05:16:55,077] INFO [weekendr.sync] [sync_runner.py:289]: Running Ingestion. Area: 'Hadapsar' -> Category: 'Street Food'
[2026-07-04 05:16:55,078] INFO [weekendr.sync] [sync_runner.py:289]: Running Ingestion. Area: 'Hadapsar' -> Category: 'Gaming'
[2026-07-04 05:16:55,078] INFO [weekendr.sync] [sync_runner.py:289]: Running Ingestion. Area: 'Hadapsar' -> Category: 'Go Karting'
[2026-07-04 05:16:55,079] INFO [weekendr.sync] [sync_runner.py:289]: Running Ingestion. Area: 'Hadapsar' -> Category: 'Bowling'
[2026-07-04 05:16:55,079] INFO [weekendr.sync] [sync_runner.py:289]: Running Ingestion. Area: 'Hadapsar' -> Category: 'Escape Room'
[2026-07-04 05:16:55,080] INFO [weekendr.sync] [sync_runner.py:289]: Running Ingestion. Area: 'Hadapsar' -> Category: 'Live Music'
[2026-07-04 05:16:55,080] INFO [weekendr.sync] [sync_runner.py:289]: Running Ingestion. Area: 'Hadapsar' -> Category: 'Comedy Club'
[2026-07-04 05:16:55,081] INFO [weekendr.sync] [sync_runner.py:289]: Running Ingestion. Area: 'Hadapsar' -> Category: 'Rooftop'
[2026-07-04 05:16:55,081] INFO [weekendr.sync] [sync_runner.py:289]: Running Ingestion. Area: 'Hadapsar' -> Category: 'Nightlife'
[2026-07-04 05:16:55,082] INFO [weekendr.sync] [sync_runner.py:289]: Running Ingestion. Area: 'Hadapsar' -> Category: 'Mall'
[2026-07-04 05:16:55,083] INFO [weekendr.sync] [sync_runner.py:289]: Running Ingestion. Area: 'Hadapsar' -> Category: 'Street Shopping'
[2026-07-04 05:16:55,083] INFO [weekendr.sync] [sync_runner.py:289]: Running Ingestion. Area: 'Hadapsar' -> Category: 'Movie Theatre'
[2026-07-04 05:16:55,084] INFO [weekendr.sync] [sync_runner.py:289]: Running Ingestion. Area: 'Hadapsar' -> Category: 'Park'
[2026-07-04 05:16:55,084] INFO [weekendr.sync] [sync_runner.py:289]: Running Ingestion. Area: 'Hadapsar' -> Category: 'Garden'
[2026-07-04 05:16:55,085] INFO [weekendr.sync] [sync_runner.py:289]: Running Ingestion. Area: 'Hadapsar' -> Category: 'Lake'
[2026-07-04 05:16:55,085] INFO [weekendr.sync] [sync_runner.py:289]: Running Ingestion. Area: 'Hadapsar' -> Category: 'Fort'
[2026-07-04 05:16:55,085] INFO [weekendr.sync] [sync_runner.py:289]: Running Ingestion. Area: 'Hadapsar' -> Category: 'View Point'
[2026-07-04 05:16:55,086] INFO [weekendr.sync] [sync_runner.py:289]: Running Ingestion. Area: 'Hadapsar' -> Category: 'Workshop'
[2026-07-04 05:16:55,086] INFO [weekendr.sync] [sync_runner.py:289]: Running Ingestion. Area: 'Hadapsar' -> Category: 'Sports'
[2026-07-04 05:16:55,087] INFO [weekendr.sync] [sync_runner.py:289]: Running Ingestion. Area: 'Hadapsar' -> Category: 'Adventure'
[2026-07-04 05:16:55,088] INFO [weekendr.sync] [sync_runner.py:289]: Running Ingestion. Area: 'Hadapsar' -> Category: 'Nature'
[2026-07-04 05:16:55,088] INFO [weekendr.sync] [sync_runner.py:289]: Running Ingestion. Area: 'Hadapsar' -> Category: 'Bookstore'
[2026-07-04 05:16:55,089] INFO [weekendr.sync] [sync_runner.py:289]: Running Ingestion. Area: 'Hadapsar' -> Category: 'Coworking Cafe'
[2026-07-04 05:16:55,089] INFO [weekendr.sync] [sync_runner.py:289]: Running Ingestion. Area: 'Hadapsar' -> Category: 'Pet Cafe'
[2026-07-04 05:16:55,089] INFO [weekendr.sync] [sync_runner.py:289]: Running Ingestion. Area: 'Hadapsar' -> Category: 'Museum'
[2026-07-04 05:16:55,090] INFO [weekendr.sync] [sync_runner.py:289]: Running Ingestion. Area: 'Hadapsar' -> Category: 'Temple'
[2026-07-04 05:16:55,090] INFO [weekendr.sync] [sync_runner.py:266]: Ingesting Area: Hinjewadi [Priority: Medium, Radius: 2000m]
[2026-07-04 05:16:55,090] INFO [weekendr.sync] [sync_runner.py:282]: Split Area 'Hinjewadi' into 16 search grid points.
[2026-07-04 05:16:55,090] INFO [weekendr.sync] [sync_runner.py:289]: Running Ingestion. Area: 'Hinjewadi' -> Category: 'Cafe'
[2026-07-04 05:16:55,091] INFO [weekendr.sync] [sync_runner.py:289]: Running Ingestion. Area: 'Hinjewadi' -> Category: 'Restaurant'
[2026-07-04 05:16:55,091] INFO [weekendr.sync] [sync_runner.py:289]: Running Ingestion. Area: 'Hinjewadi' -> Category: 'Dessert'
[2026-07-04 05:16:55,092] INFO [weekendr.sync] [sync_runner.py:289]: Running Ingestion. Area: 'Hinjewadi' -> Category: 'Street Food'
[2026-07-04 05:16:55,093] INFO [weekendr.sync] [sync_runner.py:289]: Running Ingestion. Area: 'Hinjewadi' -> Category: 'Gaming'
[2026-07-04 05:16:55,093] INFO [weekendr.sync] [sync_runner.py:289]: Running Ingestion. Area: 'Hinjewadi' -> Category: 'Go Karting'
[2026-07-04 05:16:55,093] INFO [weekendr.sync] [sync_runner.py:289]: Running Ingestion. Area: 'Hinjewadi' -> Category: 'Bowling'
[2026-07-04 05:16:55,094] INFO [weekendr.sync] [sync_runner.py:289]: Running Ingestion. Area: 'Hinjewadi' -> Category: 'Escape Room'
[2026-07-04 05:16:55,094] INFO [weekendr.sync] [sync_runner.py:289]: Running Ingestion. Area: 'Hinjewadi' -> Category: 'Live Music'
[2026-07-04 05:16:55,095] INFO [weekendr.sync] [sync_runner.py:289]: Running Ingestion. Area: 'Hinjewadi' -> Category: 'Comedy Club'
[2026-07-04 05:16:55,095] INFO [weekendr.sync] [sync_runner.py:289]: Running Ingestion. Area: 'Hinjewadi' -> Category: 'Rooftop'
[2026-07-04 05:16:55,096] INFO [weekendr.sync] [sync_runner.py:289]: Running Ingestion. Area: 'Hinjewadi' -> Category: 'Nightlife'
[2026-07-04 05:16:55,096] INFO [weekendr.sync] [sync_runner.py:289]: Running Ingestion. Area: 'Hinjewadi' -> Category: 'Mall'
[2026-07-04 05:16:55,097] INFO [weekendr.sync] [sync_runner.py:289]: Running Ingestion. Area: 'Hinjewadi' -> Category: 'Street Shopping'
[2026-07-04 05:16:55,097] INFO [weekendr.sync] [sync_runner.py:289]: Running Ingestion. Area: 'Hinjewadi' -> Category: 'Movie Theatre'
[2026-07-04 05:16:55,098] INFO [weekendr.sync] [sync_runner.py:289]: Running Ingestion. Area: 'Hinjewadi' -> Category: 'Park'
[2026-07-04 05:16:55,098] INFO [weekendr.sync] [sync_runner.py:289]: Running Ingestion. Area: 'Hinjewadi' -> Category: 'Garden'
[2026-07-04 05:16:55,098] INFO [weekendr.sync] [sync_runner.py:289]: Running Ingestion. Area: 'Hinjewadi' -> Category: 'Lake'
[2026-07-04 05:16:55,099] INFO [weekendr.sync] [sync_runner.py:289]: Running Ingestion. Area: 'Hinjewadi' -> Category: 'Fort'
[2026-07-04 05:16:55,099] INFO [weekendr.sync] [sync_runner.py:289]: Running Ingestion. Area: 'Hinjewadi' -> Category: 'View Point'
[2026-07-04 05:16:55,100] INFO [weekendr.sync] [sync_runner.py:289]: Running Ingestion. Area: 'Hinjewadi' -> Category: 'Workshop'
[2026-07-04 05:16:55,100] INFO [weekendr.sync] [sync_runner.py:289]: Running Ingestion. Area: 'Hinjewadi' -> Category: 'Sports'
[2026-07-04 05:16:55,101] INFO [weekendr.sync] [sync_runner.py:289]: Running Ingestion. Area: 'Hinjewadi' -> Category: 'Adventure'
[2026-07-04 05:16:55,101] INFO [weekendr.sync] [sync_runner.py:289]: Running Ingestion. Area: 'Hinjewadi' -> Category: 'Nature'
[2026-07-04 05:16:55,102] INFO [weekendr.sync] [sync_runner.py:289]: Running Ingestion. Area: 'Hinjewadi' -> Category: 'Bookstore'
[2026-07-04 05:16:55,102] INFO [weekendr.sync] [sync_runner.py:289]: Running Ingestion. Area: 'Hinjewadi' -> Category: 'Coworking Cafe'
[2026-07-04 05:16:55,103] INFO [weekendr.sync] [sync_runner.py:289]: Running Ingestion. Area: 'Hinjewadi' -> Category: 'Pet Cafe'
[2026-07-04 05:16:55,103] INFO [weekendr.sync] [sync_runner.py:289]: Running Ingestion. Area: 'Hinjewadi' -> Category: 'Museum'
[2026-07-04 05:16:55,104] INFO [weekendr.sync] [sync_runner.py:289]: Running Ingestion. Area: 'Hinjewadi' -> Category: 'Temple'
[2026-07-04 05:16:55,104] INFO [weekendr.sync] [sync_runner.py:266]: Ingesting Area: Wakad [Priority: Medium, Radius: 1500m]
[2026-07-04 05:16:55,104] INFO [weekendr.sync] [sync_runner.py:282]: Split Area 'Wakad' into 9 search grid points.
[2026-07-04 05:16:55,104] INFO [weekendr.sync] [sync_runner.py:289]: Running Ingestion. Area: 'Wakad' -> Category: 'Cafe'
[2026-07-04 05:16:55,105] INFO [weekendr.sync] [sync_runner.py:289]: Running Ingestion. Area: 'Wakad' -> Category: 'Restaurant'
[2026-07-04 05:16:55,105] INFO [weekendr.sync] [sync_runner.py:289]: Running Ingestion. Area: 'Wakad' -> Category: 'Dessert'
[2026-07-04 05:16:55,106] INFO [weekendr.sync] [sync_runner.py:289]: Running Ingestion. Area: 'Wakad' -> Category: 'Street Food'
[2026-07-04 05:16:55,106] INFO [weekendr.sync] [sync_runner.py:289]: Running Ingestion. Area: 'Wakad' -> Category: 'Gaming'
[2026-07-04 05:16:55,107] INFO [weekendr.sync] [sync_runner.py:289]: Running Ingestion. Area: 'Wakad' -> Category: 'Go Karting'
[2026-07-04 05:16:55,107] INFO [weekendr.sync] [sync_runner.py:289]: Running Ingestion. Area: 'Wakad' -> Category: 'Bowling'
[2026-07-04 05:16:55,108] INFO [weekendr.sync] [sync_runner.py:289]: Running Ingestion. Area: 'Wakad' -> Category: 'Escape Room'
[2026-07-04 05:16:55,108] INFO [weekendr.sync] [sync_runner.py:289]: Running Ingestion. Area: 'Wakad' -> Category: 'Live Music'
[2026-07-04 05:16:55,109] INFO [weekendr.sync] [sync_runner.py:289]: Running Ingestion. Area: 'Wakad' -> Category: 'Comedy Club'
[2026-07-04 05:16:55,109] INFO [weekendr.sync] [sync_runner.py:289]: Running Ingestion. Area: 'Wakad' -> Category: 'Rooftop'
[2026-07-04 05:16:55,109] INFO [weekendr.sync] [sync_runner.py:289]: Running Ingestion. Area: 'Wakad' -> Category: 'Nightlife'
[2026-07-04 05:16:55,110] INFO [weekendr.sync] [sync_runner.py:289]: Running Ingestion. Area: 'Wakad' -> Category: 'Mall'
[2026-07-04 05:16:55,110] INFO [weekendr.sync] [sync_runner.py:289]: Running Ingestion. Area: 'Wakad' -> Category: 'Street Shopping'
[2026-07-04 05:16:55,111] INFO [weekendr.sync] [sync_runner.py:289]: Running Ingestion. Area: 'Wakad' -> Category: 'Movie Theatre'
[2026-07-04 05:16:55,111] INFO [weekendr.sync] [sync_runner.py:289]: Running Ingestion. Area: 'Wakad' -> Category: 'Park'
[2026-07-04 05:16:55,112] INFO [weekendr.sync] [sync_runner.py:289]: Running Ingestion. Area: 'Wakad' -> Category: 'Garden'
[2026-07-04 05:16:55,112] INFO [weekendr.sync] [sync_runner.py:289]: Running Ingestion. Area: 'Wakad' -> Category: 'Lake'
[2026-07-04 05:16:55,112] INFO [weekendr.sync] [sync_runner.py:289]: Running Ingestion. Area: 'Wakad' -> Category: 'Fort'
[2026-07-04 05:16:55,114] INFO [weekendr.sync] [sync_runner.py:289]: Running Ingestion. Area: 'Wakad' -> Category: 'View Point'
[2026-07-04 05:16:55,115] INFO [weekendr.sync] [sync_runner.py:289]: Running Ingestion. Area: 'Wakad' -> Category: 'Workshop'
[2026-07-04 05:16:55,116] INFO [weekendr.sync] [sync_runner.py:289]: Running Ingestion. Area: 'Wakad' -> Category: 'Sports'
[2026-07-04 05:16:55,116] INFO [weekendr.sync] [sync_runner.py:289]: Running Ingestion. Area: 'Wakad' -> Category: 'Adventure'
[2026-07-04 05:16:55,116] INFO [weekendr.sync] [sync_runner.py:289]: Running Ingestion. Area: 'Wakad' -> Category: 'Nature'
[2026-07-04 05:16:55,117] INFO [weekendr.sync] [sync_runner.py:289]: Running Ingestion. Area: 'Wakad' -> Category: 'Bookstore'
[2026-07-04 05:16:55,117] INFO [weekendr.sync] [sync_runner.py:289]: Running Ingestion. Area: 'Wakad' -> Category: 'Coworking Cafe'
[2026-07-04 05:16:55,118] INFO [weekendr.sync] [sync_runner.py:289]: Running Ingestion. Area: 'Wakad' -> Category: 'Pet Cafe'
[2026-07-04 05:16:55,118] INFO [weekendr.sync] [sync_runner.py:289]: Running Ingestion. Area: 'Wakad' -> Category: 'Museum'
[2026-07-04 05:16:55,119] INFO [weekendr.sync] [sync_runner.py:289]: Running Ingestion. Area: 'Wakad' -> Category: 'Temple'
[2026-07-04 05:16:55,119] INFO [weekendr.sync] [sync_runner.py:266]: Ingesting Area: Pimple Saudagar [Priority: Medium, Radius: 1200m]
[2026-07-04 05:16:55,119] INFO [weekendr.sync] [sync_runner.py:282]: Split Area 'Pimple Saudagar' into 9 search grid points.
[2026-07-04 05:16:55,119] INFO [weekendr.sync] [sync_runner.py:289]: Running Ingestion. Area: 'Pimple Saudagar' -> Category: 'Cafe'
[2026-07-04 05:16:55,120] INFO [weekendr.sync] [sync_runner.py:289]: Running Ingestion. Area: 'Pimple Saudagar' -> Category: 'Restaurant'
[2026-07-04 05:16:55,120] INFO [weekendr.sync] [sync_runner.py:289]: Running Ingestion. Area: 'Pimple Saudagar' -> Category: 'Dessert'
[2026-07-04 05:16:55,121] INFO [weekendr.sync] [sync_runner.py:289]: Running Ingestion. Area: 'Pimple Saudagar' -> Category: 'Street Food'
[2026-07-04 05:16:55,121] INFO [weekendr.sync] [sync_runner.py:289]: Running Ingestion. Area: 'Pimple Saudagar' -> Category: 'Gaming'
[2026-07-04 05:16:55,122] INFO [weekendr.sync] [sync_runner.py:289]: Running Ingestion. Area: 'Pimple Saudagar' -> Category: 'Go Karting'
[2026-07-04 05:16:55,122] INFO [weekendr.sync] [sync_runner.py:289]: Running Ingestion. Area: 'Pimple Saudagar' -> Category: 'Bowling'
[2026-07-04 05:16:55,123] INFO [weekendr.sync] [sync_runner.py:289]: Running Ingestion. Area: 'Pimple Saudagar' -> Category: 'Escape Room'
[2026-07-04 05:16:55,123] INFO [weekendr.sync] [sync_runner.py:289]: Running Ingestion. Area: 'Pimple Saudagar' -> Category: 'Live Music'
[2026-07-04 05:16:55,124] INFO [weekendr.sync] [sync_runner.py:289]: Running Ingestion. Area: 'Pimple Saudagar' -> Category: 'Comedy Club'
[2026-07-04 05:16:55,124] INFO [weekendr.sync] [sync_runner.py:289]: Running Ingestion. Area: 'Pimple Saudagar' -> Category: 'Rooftop'
[2026-07-04 05:16:55,125] INFO [weekendr.sync] [sync_runner.py:289]: Running Ingestion. Area: 'Pimple Saudagar' -> Category: 'Nightlife'
[2026-07-04 05:16:55,125] INFO [weekendr.sync] [sync_runner.py:289]: Running Ingestion. Area: 'Pimple Saudagar' -> Category: 'Mall'
[2026-07-04 05:16:55,126] INFO [weekendr.sync] [sync_runner.py:289]: Running Ingestion. Area: 'Pimple Saudagar' -> Category: 'Street Shopping'
[2026-07-04 05:16:55,127] INFO [weekendr.sync] [sync_runner.py:289]: Running Ingestion. Area: 'Pimple Saudagar' -> Category: 'Movie Theatre'
[2026-07-04 05:16:55,127] INFO [weekendr.sync] [sync_runner.py:289]: Running Ingestion. Area: 'Pimple Saudagar' -> Category: 'Park'
[2026-07-04 05:16:55,128] INFO [weekendr.sync] [sync_runner.py:289]: Running Ingestion. Area: 'Pimple Saudagar' -> Category: 'Garden'
[2026-07-04 05:16:55,129] INFO [weekendr.sync] [sync_runner.py:289]: Running Ingestion. Area: 'Pimple Saudagar' -> Category: 'Lake'
[2026-07-04 05:16:55,130] INFO [weekendr.sync] [sync_runner.py:289]: Running Ingestion. Area: 'Pimple Saudagar' -> Category: 'Fort'
[2026-07-04 05:16:55,131] INFO [weekendr.sync] [sync_runner.py:289]: Running Ingestion. Area: 'Pimple Saudagar' -> Category: 'View Point'
[2026-07-04 05:16:55,131] INFO [weekendr.sync] [sync_runner.py:289]: Running Ingestion. Area: 'Pimple Saudagar' -> Category: 'Workshop'
[2026-07-04 05:16:55,132] INFO [weekendr.sync] [sync_runner.py:289]: Running Ingestion. Area: 'Pimple Saudagar' -> Category: 'Sports'
[2026-07-04 05:16:55,132] INFO [weekendr.sync] [sync_runner.py:289]: Running Ingestion. Area: 'Pimple Saudagar' -> Category: 'Adventure'
[2026-07-04 05:16:55,133] INFO [weekendr.sync] [sync_runner.py:289]: Running Ingestion. Area: 'Pimple Saudagar' -> Category: 'Nature'
[2026-07-04 05:16:55,134] INFO [weekendr.sync] [sync_runner.py:289]: Running Ingestion. Area: 'Pimple Saudagar' -> Category: 'Bookstore'
[2026-07-04 05:16:55,135] INFO [weekendr.sync] [sync_runner.py:289]: Running Ingestion. Area: 'Pimple Saudagar' -> Category: 'Coworking Cafe'
[2026-07-04 05:16:55,135] INFO [weekendr.sync] [sync_runner.py:289]: Running Ingestion. Area: 'Pimple Saudagar' -> Category: 'Pet Cafe'
[2026-07-04 05:16:55,135] INFO [weekendr.sync] [sync_runner.py:289]: Running Ingestion. Area: 'Pimple Saudagar' -> Category: 'Museum'
[2026-07-04 05:16:55,136] INFO [weekendr.sync] [sync_runner.py:289]: Running Ingestion. Area: 'Pimple Saudagar' -> Category: 'Temple'
[2026-07-04 05:16:55,136] INFO [weekendr.sync] [sync_runner.py:266]: Ingesting Area: Magarpatta [Priority: Medium, Radius: 1000m]
[2026-07-04 05:16:55,136] INFO [weekendr.sync] [sync_runner.py:282]: Split Area 'Magarpatta' into 9 search grid points.
[2026-07-04 05:16:55,137] INFO [weekendr.sync] [sync_runner.py:289]: Running Ingestion. Area: 'Magarpatta' -> Category: 'Cafe'
[2026-07-04 05:16:55,137] INFO [weekendr.sync] [sync_runner.py:289]: Running Ingestion. Area: 'Magarpatta' -> Category: 'Restaurant'
[2026-07-04 05:16:55,138] INFO [weekendr.sync] [sync_runner.py:289]: Running Ingestion. Area: 'Magarpatta' -> Category: 'Dessert'
[2026-07-04 05:16:55,138] INFO [weekendr.sync] [sync_runner.py:289]: Running Ingestion. Area: 'Magarpatta' -> Category: 'Street Food'
[2026-07-04 05:16:55,139] INFO [weekendr.sync] [sync_runner.py:289]: Running Ingestion. Area: 'Magarpatta' -> Category: 'Gaming'
[2026-07-04 05:16:55,139] INFO [weekendr.sync] [sync_runner.py:289]: Running Ingestion. Area: 'Magarpatta' -> Category: 'Go Karting'
[2026-07-04 05:16:55,140] INFO [weekendr.sync] [sync_runner.py:289]: Running Ingestion. Area: 'Magarpatta' -> Category: 'Bowling'
[2026-07-04 05:16:55,140] INFO [weekendr.sync] [sync_runner.py:289]: Running Ingestion. Area: 'Magarpatta' -> Category: 'Escape Room'
[2026-07-04 05:16:55,140] INFO [weekendr.sync] [sync_runner.py:289]: Running Ingestion. Area: 'Magarpatta' -> Category: 'Live Music'
[2026-07-04 05:16:55,141] INFO [weekendr.sync] [sync_runner.py:289]: Running Ingestion. Area: 'Magarpatta' -> Category: 'Comedy Club'
[2026-07-04 05:16:55,141] INFO [weekendr.sync] [sync_runner.py:289]: Running Ingestion. Area: 'Magarpatta' -> Category: 'Rooftop'
[2026-07-04 05:16:55,142] INFO [weekendr.sync] [sync_runner.py:289]: Running Ingestion. Area: 'Magarpatta' -> Category: 'Nightlife'
[2026-07-04 05:16:55,142] INFO [weekendr.sync] [sync_runner.py:289]: Running Ingestion. Area: 'Magarpatta' -> Category: 'Mall'
[2026-07-04 05:16:55,142] INFO [weekendr.sync] [sync_runner.py:289]: Running Ingestion. Area: 'Magarpatta' -> Category: 'Street Shopping'
[2026-07-04 05:16:55,143] INFO [weekendr.sync] [sync_runner.py:289]: Running Ingestion. Area: 'Magarpatta' -> Category: 'Movie Theatre'
[2026-07-04 05:16:55,143] INFO [weekendr.sync] [sync_runner.py:289]: Running Ingestion. Area: 'Magarpatta' -> Category: 'Park'
[2026-07-04 05:16:55,144] INFO [weekendr.sync] [sync_runner.py:289]: Running Ingestion. Area: 'Magarpatta' -> Category: 'Garden'
[2026-07-04 05:16:55,144] INFO [weekendr.sync] [sync_runner.py:289]: Running Ingestion. Area: 'Magarpatta' -> Category: 'Lake'
[2026-07-04 05:16:55,144] INFO [weekendr.sync] [sync_runner.py:289]: Running Ingestion. Area: 'Magarpatta' -> Category: 'Fort'
[2026-07-04 05:16:55,145] INFO [weekendr.sync] [sync_runner.py:289]: Running Ingestion. Area: 'Magarpatta' -> Category: 'View Point'
[2026-07-04 05:16:55,146] INFO [weekendr.sync] [sync_runner.py:289]: Running Ingestion. Area: 'Magarpatta' -> Category: 'Workshop'
[2026-07-04 05:16:55,147] INFO [weekendr.sync] [sync_runner.py:289]: Running Ingestion. Area: 'Magarpatta' -> Category: 'Sports'
[2026-07-04 05:16:55,147] INFO [weekendr.sync] [sync_runner.py:289]: Running Ingestion. Area: 'Magarpatta' -> Category: 'Adventure'
[2026-07-04 05:16:55,148] INFO [weekendr.sync] [sync_runner.py:289]: Running Ingestion. Area: 'Magarpatta' -> Category: 'Nature'
[2026-07-04 05:16:55,148] INFO [weekendr.sync] [sync_runner.py:289]: Running Ingestion. Area: 'Magarpatta' -> Category: 'Bookstore'
[2026-07-04 05:16:55,149] INFO [weekendr.sync] [sync_runner.py:289]: Running Ingestion. Area: 'Magarpatta' -> Category: 'Coworking Cafe'
[2026-07-04 05:16:55,149] INFO [weekendr.sync] [sync_runner.py:289]: Running Ingestion. Area: 'Magarpatta' -> Category: 'Pet Cafe'
[2026-07-04 05:16:55,150] INFO [weekendr.sync] [sync_runner.py:289]: Running Ingestion. Area: 'Magarpatta' -> Category: 'Museum'
[2026-07-04 05:16:55,150] INFO [weekendr.sync] [sync_runner.py:289]: Running Ingestion. Area: 'Magarpatta' -> Category: 'Temple'
[2026-07-04 05:16:55,151] INFO [weekendr.sync] [sync_runner.py:266]: Ingesting Area: Erandwane [Priority: Medium, Radius: 1000m]
[2026-07-04 05:16:55,151] INFO [weekendr.sync] [sync_runner.py:282]: Split Area 'Erandwane' into 9 search grid points.
[2026-07-04 05:16:55,151] INFO [weekendr.sync] [sync_runner.py:289]: Running Ingestion. Area: 'Erandwane' -> Category: 'Cafe'
[2026-07-04 05:16:55,151] INFO [weekendr.sync] [sync_runner.py:289]: Running Ingestion. Area: 'Erandwane' -> Category: 'Restaurant'
[2026-07-04 05:16:55,152] INFO [weekendr.sync] [sync_runner.py:289]: Running Ingestion. Area: 'Erandwane' -> Category: 'Dessert'
[2026-07-04 05:16:55,152] INFO [weekendr.sync] [sync_runner.py:289]: Running Ingestion. Area: 'Erandwane' -> Category: 'Street Food'
[2026-07-04 05:16:55,153] INFO [weekendr.sync] [sync_runner.py:289]: Running Ingestion. Area: 'Erandwane' -> Category: 'Gaming'
[2026-07-04 05:16:55,153] INFO [weekendr.sync] [sync_runner.py:289]: Running Ingestion. Area: 'Erandwane' -> Category: 'Go Karting'
[2026-07-04 05:16:55,154] INFO [weekendr.sync] [sync_runner.py:289]: Running Ingestion. Area: 'Erandwane' -> Category: 'Bowling'
[2026-07-04 05:16:55,154] INFO [weekendr.sync] [sync_runner.py:289]: Running Ingestion. Area: 'Erandwane' -> Category: 'Escape Room'
[2026-07-04 05:16:55,155] INFO [weekendr.sync] [sync_runner.py:289]: Running Ingestion. Area: 'Erandwane' -> Category: 'Live Music'
[2026-07-04 05:16:55,155] INFO [weekendr.sync] [sync_runner.py:289]: Running Ingestion. Area: 'Erandwane' -> Category: 'Comedy Club'
[2026-07-04 05:16:55,155] INFO [weekendr.sync] [sync_runner.py:289]: Running Ingestion. Area: 'Erandwane' -> Category: 'Rooftop'
[2026-07-04 05:16:55,156] INFO [weekendr.sync] [sync_runner.py:289]: Running Ingestion. Area: 'Erandwane' -> Category: 'Nightlife'
[2026-07-04 05:16:55,156] INFO [weekendr.sync] [sync_runner.py:289]: Running Ingestion. Area: 'Erandwane' -> Category: 'Mall'
[2026-07-04 05:16:55,157] INFO [weekendr.sync] [sync_runner.py:289]: Running Ingestion. Area: 'Erandwane' -> Category: 'Street Shopping'
[2026-07-04 05:16:55,157] INFO [weekendr.sync] [sync_runner.py:289]: Running Ingestion. Area: 'Erandwane' -> Category: 'Movie Theatre'
[2026-07-04 05:16:55,158] INFO [weekendr.sync] [sync_runner.py:289]: Running Ingestion. Area: 'Erandwane' -> Category: 'Park'
[2026-07-04 05:16:55,158] INFO [weekendr.sync] [sync_runner.py:289]: Running Ingestion. Area: 'Erandwane' -> Category: 'Garden'
[2026-07-04 05:16:55,158] INFO [weekendr.sync] [sync_runner.py:289]: Running Ingestion. Area: 'Erandwane' -> Category: 'Lake'
[2026-07-04 05:16:55,159] INFO [weekendr.sync] [sync_runner.py:289]: Running Ingestion. Area: 'Erandwane' -> Category: 'Fort'
[2026-07-04 05:16:55,159] INFO [weekendr.sync] [sync_runner.py:289]: Running Ingestion. Area: 'Erandwane' -> Category: 'View Point'
[2026-07-04 05:16:55,160] INFO [weekendr.sync] [sync_runner.py:289]: Running Ingestion. Area: 'Erandwane' -> Category: 'Workshop'
[2026-07-04 05:16:55,160] INFO [weekendr.sync] [sync_runner.py:289]: Running Ingestion. Area: 'Erandwane' -> Category: 'Sports'
[2026-07-04 05:16:55,161] INFO [weekendr.sync] [sync_runner.py:289]: Running Ingestion. Area: 'Erandwane' -> Category: 'Adventure'
[2026-07-04 05:16:55,162] INFO [weekendr.sync] [sync_runner.py:289]: Running Ingestion. Area: 'Erandwane' -> Category: 'Nature'
[2026-07-04 05:16:55,163] INFO [weekendr.sync] [sync_runner.py:289]: Running Ingestion. Area: 'Erandwane' -> Category: 'Bookstore'
[2026-07-04 05:16:55,164] INFO [weekendr.sync] [sync_runner.py:289]: Running Ingestion. Area: 'Erandwane' -> Category: 'Coworking Cafe'
[2026-07-04 05:16:55,164] INFO [weekendr.sync] [sync_runner.py:289]: Running Ingestion. Area: 'Erandwane' -> Category: 'Pet Cafe'
[2026-07-04 05:16:55,165] INFO [weekendr.sync] [sync_runner.py:289]: Running Ingestion. Area: 'Erandwane' -> Category: 'Museum'
[2026-07-04 05:16:55,166] INFO [weekendr.sync] [sync_runner.py:289]: Running Ingestion. Area: 'Erandwane' -> Category: 'Temple'
[2026-07-04 05:16:55,166] INFO [weekendr.sync] [sync_runner.py:263]: Area 'Bavdhan' flagged for future expansion. Skipping.
[2026-07-04 05:16:55,167] INFO [weekendr.sync] [sync_runner.py:263]: Area 'Karve Nagar' flagged for future expansion. Skipping.
[2026-07-04 05:16:55,167] INFO [weekendr.sync] [sync_runner.py:263]: Area 'Sinhagad Road' flagged for future expansion. Skipping.
[2026-07-04 05:16:55,167] INFO [weekendr.sync] [sync_runner.py:102]: Cleared progress state. Crawl completed successfully.
[2026-07-04 05:16:55,167] INFO [weekendr.sync] [sync_runner.py:417]: =============================================
[2026-07-04 05:16:55,167] INFO [weekendr.sync] [sync_runner.py:418]: WEEKENDR City Collection Strategy Crawler Completed
[2026-07-04 05:16:55,167] INFO [weekendr.sync] [sync_runner.py:419]: ---------------------------------------------
[2026-07-04 05:16:55,167] INFO [weekendr.sync] [sync_runner.py:420]: Cities Synced:       1
[2026-07-04 05:16:55,167] INFO [weekendr.sync] [sync_runner.py:421]: Areas Completed:     17
[2026-07-04 05:16:55,167] INFO [weekendr.sync] [sync_runner.py:422]: Places Discovered:   1
[2026-07-04 05:16:55,167] INFO [weekendr.sync] [sync_runner.py:423]: Places Inserted:     1
[2026-07-04 05:16:55,167] INFO [weekendr.sync] [sync_runner.py:424]: Places Updated:      0
[2026-07-04 05:16:55,167] INFO [weekendr.sync] [sync_runner.py:425]: Places Rejected:     0
[2026-07-04 05:16:55,168] INFO [weekendr.sync] [sync_runner.py:426]: Duplicates Skipped:  0
[2026-07-04 05:16:55,168] INFO [weekendr.sync] [sync_runner.py:427]: Errors:              0
[2026-07-04 05:16:55,168] INFO [weekendr.sync] [sync_runner.py:428]: =============================================
[2026-07-04 05:17:20,620] INFO [weekendr.sync] [logging.py:95]: Separated logging configuration loaded successfully.
[2026-07-04 05:17:20,634] INFO [app] [__init__.py:41]: Registered blueprint auth at /api/auth
[2026-07-04 05:17:20,635] INFO [app] [__init__.py:41]: Registered blueprint users at /api/users
[2026-07-04 05:17:20,635] INFO [app] [__init__.py:41]: Registered blueprint places at /api/places
[2026-07-04 05:17:20,635] INFO [app] [__init__.py:41]: Registered blueprint planner at /api/planner
[2026-07-04 05:17:20,636] INFO [app] [__init__.py:41]: Registered blueprint memories at /api/memories
[2026-07-04 05:17:20,636] INFO [app] [__init__.py:41]: Registered blueprint maps at /api/maps
[2026-07-04 05:17:20,637] INFO [app] [__init__.py:41]: Registered blueprint assistant at /api/assistant
[2026-07-04 05:17:20,645] INFO [weekendr.sync] [place_cleaner.py:20]: Category mapping loaded from config. 27 types mapped.
[2026-07-04 05:17:20,646] INFO [weekendr.sync] [sync_runner.py:178]: =============================================
[2026-07-04 05:17:20,646] INFO [weekendr.sync] [sync_runner.py:179]: WEEKENDR City Collection Strategy Crawler Started
[2026-07-04 05:17:20,646] INFO [weekendr.sync] [sync_runner.py:180]: ---------------------------------------------
[2026-07-04 05:17:20,646] INFO [weekendr.sync] [sync_runner.py:215]: Processing City: Pune (Maharashtra, India)
[2026-07-04 05:17:20,680] INFO [weekendr.sync] [database_loader.py:25]: Database: Created new City: Pune
[2026-07-04 05:17:20,680] INFO [weekendr.sync] [sync_runner.py:266]: Ingesting Area: Koregaon Park [Priority: High, Radius: 1000m]
[2026-07-04 05:17:20,680] INFO [weekendr.sync] [sync_runner.py:282]: Split Area 'Koregaon Park' into 1 search grid points.
[2026-07-04 05:17:20,680] INFO [weekendr.sync] [sync_runner.py:289]: Running Ingestion. Area: 'Koregaon Park' -> Category: 'Cafe'
[2026-07-04 05:17:23,698] INFO [weekendr.sync] [database_loader.py:46]: Database: Created new Area: Koregaon Park for City ID 1
[2026-07-04 05:17:23,702] INFO [weekendr.sync] [database_loader.py:61]: Database: Created new Category: Cafe
[2026-07-04 05:17:23,704] INFO [weekendr.sync] [database_loader.py:78]: Database: Created new Tag: Late Night
[2026-07-04 05:17:23,706] INFO [weekendr.sync] [database_loader.py:78]: Database: Created new Tag: Family Friendly
[2026-07-04 05:17:23,707] INFO [weekendr.sync] [database_loader.py:78]: Database: Created new Tag: Instagrammable
[2026-07-04 05:17:23,719] INFO [weekendr.sync] [database_loader.py:211]: Database: INSERTED place: 'German Bakery' (ID: 1, Cat: Cafe)
[2026-07-04 05:17:23,720] INFO [weekendr.sync] [sync_runner.py:102]: Cleared progress state. Crawl completed successfully.
[2026-07-04 05:17:23,720] INFO [weekendr.sync] [sync_runner.py:417]: =============================================
[2026-07-04 05:17:23,720] INFO [weekendr.sync] [sync_runner.py:418]: WEEKENDR City Collection Strategy Crawler Completed
[2026-07-04 05:17:23,720] INFO [weekendr.sync] [sync_runner.py:419]: ---------------------------------------------
[2026-07-04 05:17:23,720] INFO [weekendr.sync] [sync_runner.py:420]: Cities Synced:       1
[2026-07-04 05:17:23,720] INFO [weekendr.sync] [sync_runner.py:421]: Areas Completed:     1
[2026-07-04 05:17:23,720] INFO [weekendr.sync] [sync_runner.py:422]: Places Discovered:   1
[2026-07-04 05:17:23,720] INFO [weekendr.sync] [sync_runner.py:423]: Places Inserted:     1
[2026-07-04 05:17:23,720] INFO [weekendr.sync] [sync_runner.py:424]: Places Updated:      0
[2026-07-04 05:17:23,720] INFO [weekendr.sync] [sync_runner.py:425]: Places Rejected:     0
[2026-07-04 05:17:23,720] INFO [weekendr.sync] [sync_runner.py:426]: Duplicates Skipped:  0
[2026-07-04 05:17:23,720] INFO [weekendr.sync] [sync_runner.py:427]: Errors:              0
[2026-07-04 05:17:23,720] INFO [weekendr.sync] [sync_runner.py:428]: =============================================
[2026-07-04 05:21:26,220] INFO [weekendr.sync] [logging.py:95]: Separated logging configuration loaded successfully.
[2026-07-04 05:21:26,233] INFO [app] [__init__.py:41]: Registered blueprint auth at /api/auth
[2026-07-04 05:21:26,234] INFO [app] [__init__.py:41]: Registered blueprint users at /api/users
[2026-07-04 05:21:26,234] INFO [app] [__init__.py:41]: Registered blueprint places at /api/places
[2026-07-04 05:21:26,235] INFO [app] [__init__.py:41]: Registered blueprint planner at /api/planner
[2026-07-04 05:21:26,236] INFO [app] [__init__.py:41]: Registered blueprint memories at /api/memories
[2026-07-04 05:21:26,236] INFO [app] [__init__.py:41]: Registered blueprint maps at /api/maps
[2026-07-04 05:21:26,237] INFO [app] [__init__.py:41]: Registered blueprint assistant at /api/assistant
[2026-07-04 05:21:26,281] INFO [weekendr.sync] [template_loader.py:17]: Recommendation templates loaded successfully. Count: 7
[2026-07-04 05:21:26,281] INFO [weekendr.sync] [recommendation_engine.py:25]: Recommendation request received: City: Pune, Area: Koregaon Park, Template: Coffee & Conversations, Budget: 2000
[2026-07-04 05:21:26,296] INFO [weekendr.sync] [recommendation_engine.py:189]: Recommendation generated successfully. Places count: 3, Estimated Budget: ₹1200.00
[2026-07-04 05:27:33,480] INFO [weekendr.sync] [logging.py:95]: Separated logging configuration loaded successfully.
[2026-07-04 05:27:33,493] INFO [app] [__init__.py:41]: Registered blueprint auth at /api/auth
[2026-07-04 05:27:33,494] INFO [app] [__init__.py:41]: Registered blueprint users at /api/users
[2026-07-04 05:27:33,494] INFO [app] [__init__.py:41]: Registered blueprint places at /api/places
[2026-07-04 05:27:33,494] INFO [app] [__init__.py:41]: Registered blueprint planner at /api/planner
[2026-07-04 05:27:33,495] INFO [app] [__init__.py:41]: Registered blueprint memories at /api/memories
[2026-07-04 05:27:33,496] INFO [app] [__init__.py:41]: Registered blueprint maps at /api/maps
[2026-07-04 05:27:33,496] INFO [app] [__init__.py:41]: Registered blueprint assistant at /api/assistant
[2026-07-04 05:27:33,497] INFO [weekendr.sync] [duration_allocator.py:17]: Category durations config loaded. Count: 30
[2026-07-04 05:27:33,497] INFO [weekendr.sync] [composer.py:33]: Composing experience for Template 'Coffee & Conversations' with 3 places.
[2026-07-04 05:27:33,497] INFO [weekendr.sync] [composer.py:74]: Experience composed successfully. End Time: 20:21, Total Duration: 141 mins
[2026-07-04 05:29:55,820] INFO [weekendr.sync] [logging.py:95]: Separated logging configuration loaded successfully.
[2026-07-04 05:29:55,832] INFO [app] [__init__.py:41]: Registered blueprint auth at /api/auth
[2026-07-04 05:29:55,833] INFO [app] [__init__.py:41]: Registered blueprint users at /api/users
[2026-07-04 05:29:55,833] INFO [app] [__init__.py:41]: Registered blueprint places at /api/places
[2026-07-04 05:29:55,835] INFO [app] [__init__.py:41]: Registered blueprint planner_api at /api
[2026-07-04 05:29:55,835] INFO [app] [__init__.py:41]: Registered blueprint memories at /api/memories
[2026-07-04 05:29:55,835] INFO [app] [__init__.py:41]: Registered blueprint maps at /api/maps
[2026-07-04 05:29:55,836] INFO [app] [__init__.py:41]: Registered blueprint assistant at /api/assistant
[2026-07-04 05:29:55,936] INFO [weekendr.sync] [logging.py:95]: Separated logging configuration loaded successfully.
[2026-07-04 05:29:55,937] INFO [app] [__init__.py:41]: Registered blueprint auth at /api/auth
[2026-07-04 05:29:55,938] INFO [app] [__init__.py:41]: Registered blueprint users at /api/users
[2026-07-04 05:29:55,938] INFO [app] [__init__.py:41]: Registered blueprint places at /api/places
[2026-07-04 05:29:55,940] INFO [app] [__init__.py:41]: Registered blueprint planner_api at /api
[2026-07-04 05:29:55,940] INFO [app] [__init__.py:41]: Registered blueprint memories at /api/memories
[2026-07-04 05:29:55,941] INFO [app] [__init__.py:41]: Registered blueprint maps at /api/maps
[2026-07-04 05:29:55,941] INFO [app] [__init__.py:41]: Registered blueprint assistant at /api/assistant
[2026-07-04 05:29:55,962] INFO [weekendr.sync] [logging.py:95]: Separated logging configuration loaded successfully.
[2026-07-04 05:29:55,964] INFO [app] [__init__.py:41]: Registered blueprint auth at /api/auth
[2026-07-04 05:29:55,965] INFO [app] [__init__.py:41]: Registered blueprint users at /api/users
[2026-07-04 05:29:55,966] INFO [app] [__init__.py:41]: Registered blueprint places at /api/places
[2026-07-04 05:29:55,968] INFO [app] [__init__.py:41]: Registered blueprint planner_api at /api
[2026-07-04 05:29:55,969] INFO [app] [__init__.py:41]: Registered blueprint memories at /api/memories
[2026-07-04 05:29:55,969] INFO [app] [__init__.py:41]: Registered blueprint maps at /api/maps
[2026-07-04 05:29:55,970] INFO [app] [__init__.py:41]: Registered blueprint assistant at /api/assistant
[2026-07-04 05:29:56,001] INFO [weekendr.sync] [logging.py:95]: Separated logging configuration loaded successfully.
[2026-07-04 05:29:56,002] INFO [app] [__init__.py:41]: Registered blueprint auth at /api/auth
[2026-07-04 05:29:56,003] INFO [app] [__init__.py:41]: Registered blueprint users at /api/users
[2026-07-04 05:29:56,003] INFO [app] [__init__.py:41]: Registered blueprint places at /api/places
[2026-07-04 05:29:56,006] INFO [app] [__init__.py:41]: Registered blueprint planner_api at /api
[2026-07-04 05:29:56,006] INFO [app] [__init__.py:41]: Registered blueprint memories at /api/memories
[2026-07-04 05:29:56,007] INFO [app] [__init__.py:41]: Registered blueprint maps at /api/maps
[2026-07-04 05:29:56,007] INFO [app] [__init__.py:41]: Registered blueprint assistant at /api/assistant
[2026-07-04 05:29:56,030] INFO [weekendr.sync] [logging.py:95]: Separated logging configuration loaded successfully.
[2026-07-04 05:29:56,031] INFO [app] [__init__.py:41]: Registered blueprint auth at /api/auth
[2026-07-04 05:29:56,032] INFO [app] [__init__.py:41]: Registered blueprint users at /api/users
[2026-07-04 05:29:56,032] INFO [app] [__init__.py:41]: Registered blueprint places at /api/places
[2026-07-04 05:29:56,034] INFO [app] [__init__.py:41]: Registered blueprint planner_api at /api
[2026-07-04 05:29:56,034] INFO [app] [__init__.py:41]: Registered blueprint memories at /api/memories
[2026-07-04 05:29:56,035] INFO [app] [__init__.py:41]: Registered blueprint maps at /api/maps
[2026-07-04 05:29:56,035] INFO [app] [__init__.py:41]: Registered blueprint assistant at /api/assistant
[2026-07-04 05:29:56,063] INFO [weekendr.sync] [composer.py:33]: Composing experience for Template 'Coffee & Conversations' with 2 places.
[2026-07-04 05:29:56,063] INFO [weekendr.sync] [composer.py:74]: Experience composed successfully. End Time: 18:33, Total Duration: 93 mins
[2026-07-04 05:29:56,069] INFO [weekendr.sync] [logging.py:95]: Separated logging configuration loaded successfully.
[2026-07-04 05:29:56,070] INFO [app] [__init__.py:41]: Registered blueprint auth at /api/auth
[2026-07-04 05:29:56,070] INFO [app] [__init__.py:41]: Registered blueprint users at /api/users
[2026-07-04 05:29:56,071] INFO [app] [__init__.py:41]: Registered blueprint places at /api/places
[2026-07-04 05:29:56,073] INFO [app] [__init__.py:41]: Registered blueprint planner_api at /api
[2026-07-04 05:29:56,074] INFO [app] [__init__.py:41]: Registered blueprint memories at /api/memories
[2026-07-04 05:29:56,074] INFO [app] [__init__.py:41]: Registered blueprint maps at /api/maps
[2026-07-04 05:29:56,075] INFO [app] [__init__.py:41]: Registered blueprint assistant at /api/assistant
[2026-07-04 05:29:56,092] INFO [weekendr.sync] [recommendation_engine.py:25]: Recommendation request received: City: Pune, Area: Koregaon Park, Template: Coffee & Conversations, Budget: 2000.0
[2026-07-04 05:29:56,106] INFO [weekendr.sync] [recommendation_engine.py:189]: Recommendation generated successfully. Places count: 3, Estimated Budget: ₹1200.00
[2026-07-04 05:29:56,106] INFO [weekendr.sync] [composer.py:33]: Composing experience for Template 'Coffee & Conversations' with 3 places.
[2026-07-04 05:29:56,107] INFO [weekendr.sync] [composer.py:74]: Experience composed successfully. End Time: 19:21, Total Duration: 141 mins
[2026-07-04 05:29:56,111] INFO [weekendr.sync] [logging.py:95]: Separated logging configuration loaded successfully.
[2026-07-04 05:29:56,112] INFO [app] [__init__.py:41]: Registered blueprint auth at /api/auth
[2026-07-04 05:29:56,113] INFO [app] [__init__.py:41]: Registered blueprint users at /api/users
[2026-07-04 05:29:56,113] INFO [app] [__init__.py:41]: Registered blueprint places at /api/places
[2026-07-04 05:29:56,117] INFO [app] [__init__.py:41]: Registered blueprint planner_api at /api
[2026-07-04 05:29:56,118] INFO [app] [__init__.py:41]: Registered blueprint memories at /api/memories
[2026-07-04 05:29:56,118] INFO [app] [__init__.py:41]: Registered blueprint maps at /api/maps
[2026-07-04 05:29:56,119] INFO [app] [__init__.py:41]: Registered blueprint assistant at /api/assistant
[2026-07-04 05:32:03,467] INFO [weekendr.sync] [logging.py:95]: Separated logging configuration loaded successfully.
[2026-07-04 05:32:03,478] INFO [app] [__init__.py:41]: Registered blueprint auth at /api/auth
[2026-07-04 05:32:03,479] INFO [app] [__init__.py:41]: Registered blueprint users at /api/users
[2026-07-04 05:32:03,479] INFO [app] [__init__.py:41]: Registered blueprint places at /api/places
[2026-07-04 05:32:03,480] INFO [app] [__init__.py:41]: Registered blueprint planner_api at /api
[2026-07-04 05:32:03,481] INFO [app] [__init__.py:41]: Registered blueprint memories at /api/memories
[2026-07-04 05:32:03,481] INFO [app] [__init__.py:41]: Registered blueprint maps at /api/maps
[2026-07-04 05:32:03,481] INFO [app] [__init__.py:41]: Registered blueprint assistant at /api/assistant
[2026-07-04 05:32:03,694] INFO [weekendr.sync] [preference_interpreter.py:23]: AI Interpreter: Input text received: 'I'm planning a first date in Bandra. Suggest something indoors because it might rain.'
[2026-07-04 05:32:04,324] INFO [weekendr.sync] [logging.py:95]: Separated logging configuration loaded successfully.
[2026-07-04 05:32:04,325] INFO [app] [__init__.py:41]: Registered blueprint auth at /api/auth
[2026-07-04 05:32:04,326] INFO [app] [__init__.py:41]: Registered blueprint users at /api/users
[2026-07-04 05:32:04,327] INFO [app] [__init__.py:41]: Registered blueprint places at /api/places
[2026-07-04 05:32:04,331] INFO [app] [__init__.py:41]: Registered blueprint planner_api at /api
[2026-07-04 05:32:04,332] INFO [app] [__init__.py:41]: Registered blueprint memories at /api/memories
[2026-07-04 05:32:04,332] INFO [app] [__init__.py:41]: Registered blueprint maps at /api/maps
[2026-07-04 05:32:04,333] INFO [app] [__init__.py:41]: Registered blueprint assistant at /api/assistant
[2026-07-04 05:32:04,533] INFO [weekendr.sync] [preference_interpreter.py:23]: AI Interpreter: Input text received: 'We're four college friends looking for something fun around Baner under ₹2500.'
[2026-07-04 05:32:16,829] INFO [weekendr.sync] [logging.py:95]: Separated logging configuration loaded successfully.
[2026-07-04 05:32:16,843] INFO [app] [__init__.py:41]: Registered blueprint auth at /api/auth
[2026-07-04 05:32:16,843] INFO [app] [__init__.py:41]: Registered blueprint users at /api/users
[2026-07-04 05:32:16,844] INFO [app] [__init__.py:41]: Registered blueprint places at /api/places
[2026-07-04 05:32:16,846] INFO [app] [__init__.py:41]: Registered blueprint planner_api at /api
[2026-07-04 05:32:16,846] INFO [app] [__init__.py:41]: Registered blueprint memories at /api/memories
[2026-07-04 05:32:16,847] INFO [app] [__init__.py:41]: Registered blueprint maps at /api/maps
[2026-07-04 05:32:16,847] INFO [app] [__init__.py:41]: Registered blueprint assistant at /api/assistant
[2026-07-04 05:32:16,847] INFO [weekendr.sync] [preference_interpreter.py:23]: AI Interpreter: Input text received: 'I'm planning a first date in Bandra. Suggest something indoors because it might rain.'
[2026-07-04 05:32:16,849] INFO [weekendr.sync] [preference_interpreter.py:35]: AI Interpreter: Parser validity: False. Reason: Invalid JSON format: Expecting value: line 9 column 29 (char 268)
[2026-07-04 05:32:16,849] INFO [weekendr.sync] [preference_interpreter.py:45]: AI Interpreter: Final structured preferences: {'city': 'Pune', 'preferred_activities': [], 'food_preferences': [], 'accessibility_requirements': [], 'weather_preferences': [], 'preferences': []}
[2026-07-04 05:32:16,854] INFO [weekendr.sync] [logging.py:95]: Separated logging configuration loaded successfully.
[2026-07-04 05:32:16,854] INFO [app] [__init__.py:41]: Registered blueprint auth at /api/auth
[2026-07-04 05:32:16,855] INFO [app] [__init__.py:41]: Registered blueprint users at /api/users
[2026-07-04 05:32:16,856] INFO [app] [__init__.py:41]: Registered blueprint places at /api/places
[2026-07-04 05:32:16,857] INFO [app] [__init__.py:41]: Registered blueprint planner_api at /api
[2026-07-04 05:32:16,857] INFO [app] [__init__.py:41]: Registered blueprint memories at /api/memories
[2026-07-04 05:32:16,858] INFO [app] [__init__.py:41]: Registered blueprint maps at /api/maps
[2026-07-04 05:32:16,858] INFO [app] [__init__.py:41]: Registered blueprint assistant at /api/assistant
[2026-07-04 05:32:16,859] INFO [weekendr.sync] [preference_interpreter.py:23]: AI Interpreter: Input text received: 'We're four college friends looking for something fun around Baner under ₹2500.'
[2026-07-04 05:32:16,859] INFO [weekendr.sync] [preference_interpreter.py:35]: AI Interpreter: Parser validity: True. Reason: Valid
[2026-07-04 05:32:16,859] INFO [weekendr.sync] [preference_interpreter.py:45]: AI Interpreter: Final structured preferences: {'time_of_day': None, 'experience_template': 'Game On', 'accessibility_requirements': [], 'group_type': 'Friends', 'city': 'Pune', 'food_preferences': [], 'group_size': 4, 'preferences': [], 'preferred_activities': [], 'weather_preferences': [], 'duration_mins': None, 'budget': 2500.0, 'transportation_preference': None, 'area': 'Baner'}
[2026-07-04 05:32:29,236] INFO [weekendr.sync] [logging.py:95]: Separated logging configuration loaded successfully.
[2026-07-04 05:32:29,255] INFO [app] [__init__.py:41]: Registered blueprint auth at /api/auth
[2026-07-04 05:32:29,255] INFO [app] [__init__.py:41]: Registered blueprint users at /api/users
[2026-07-04 05:32:29,256] INFO [app] [__init__.py:41]: Registered blueprint places at /api/places
[2026-07-04 05:32:29,259] INFO [app] [__init__.py:41]: Registered blueprint planner_api at /api
[2026-07-04 05:32:29,260] INFO [app] [__init__.py:41]: Registered blueprint memories at /api/memories
[2026-07-04 05:32:29,261] INFO [app] [__init__.py:41]: Registered blueprint maps at /api/maps
[2026-07-04 05:32:29,261] INFO [app] [__init__.py:41]: Registered blueprint assistant at /api/assistant
[2026-07-04 05:32:29,262] INFO [weekendr.sync] [preference_interpreter.py:23]: AI Interpreter: Input text received: 'I'm planning a first date in Bandra. Suggest something indoors because it might rain.'
[2026-07-04 05:32:29,262] INFO [weekendr.sync] [preference_interpreter.py:35]: AI Interpreter: Parser validity: True. Reason: Valid
[2026-07-04 05:32:29,262] INFO [weekendr.sync] [preference_interpreter.py:45]: AI Interpreter: Final structured preferences: {'area': 'Bandra', 'group_type': 'Couple', 'accessibility_requirements': [], 'preferences': ['Indoor'], 'time_of_day': None, 'weather_preferences': [], 'budget': None, 'city': 'Pune', 'food_preferences': [], 'preferred_activities': [], 'duration_mins': None, 'experience_template': 'Date Night', 'group_size': None, 'transportation_preference': None}
[2026-07-04 05:32:29,267] INFO [weekendr.sync] [logging.py:95]: Separated logging configuration loaded successfully.
[2026-07-04 05:32:29,269] INFO [app] [__init__.py:41]: Registered blueprint auth at /api/auth
[2026-07-04 05:32:29,269] INFO [app] [__init__.py:41]: Registered blueprint users at /api/users
[2026-07-04 05:32:29,270] INFO [app] [__init__.py:41]: Registered blueprint places at /api/places
[2026-07-04 05:32:29,272] INFO [app] [__init__.py:41]: Registered blueprint planner_api at /api
[2026-07-04 05:32:29,273] INFO [app] [__init__.py:41]: Registered blueprint memories at /api/memories
[2026-07-04 05:32:29,274] INFO [app] [__init__.py:41]: Registered blueprint maps at /api/maps
[2026-07-04 05:32:29,274] INFO [app] [__init__.py:41]: Registered blueprint assistant at /api/assistant
[2026-07-04 05:32:29,275] INFO [weekendr.sync] [preference_interpreter.py:23]: AI Interpreter: Input text received: 'We're four college friends looking for something fun around Baner under ₹2500.'
[2026-07-04 05:32:29,276] INFO [weekendr.sync] [preference_interpreter.py:35]: AI Interpreter: Parser validity: True. Reason: Valid
[2026-07-04 05:32:29,276] INFO [weekendr.sync] [preference_interpreter.py:45]: AI Interpreter: Final structured preferences: {'area': 'Baner', 'group_type': 'Friends', 'accessibility_requirements': [], 'preferences': [], 'time_of_day': None, 'weather_preferences': [], 'budget': 2500.0, 'city': 'Pune', 'food_preferences': [], 'preferred_activities': [], 'duration_mins': None, 'experience_template': 'Game On', 'group_size': 4, 'transportation_preference': None}
[2026-07-04 05:32:40,890] INFO [weekendr.sync] [logging.py:95]: Separated logging configuration loaded successfully.
[2026-07-04 05:32:40,906] INFO [app] [__init__.py:41]: Registered blueprint auth at /api/auth
[2026-07-04 05:32:40,906] INFO [app] [__init__.py:41]: Registered blueprint users at /api/users
[2026-07-04 05:32:40,906] INFO [app] [__init__.py:41]: Registered blueprint places at /api/places
[2026-07-04 05:32:40,909] INFO [app] [__init__.py:41]: Registered blueprint planner_api at /api
[2026-07-04 05:32:40,910] INFO [app] [__init__.py:41]: Registered blueprint memories at /api/memories
[2026-07-04 05:32:40,910] INFO [app] [__init__.py:41]: Registered blueprint maps at /api/maps
[2026-07-04 05:32:40,910] INFO [app] [__init__.py:41]: Registered blueprint assistant at /api/assistant
[2026-07-04 05:32:40,911] INFO [weekendr.sync] [preference_interpreter.py:23]: AI Interpreter: Input text received: 'I'm planning a first date in Bandra. Suggest something indoors because it might rain.'
[2026-07-04 05:32:40,911] INFO [weekendr.sync] [preference_interpreter.py:35]: AI Interpreter: Parser validity: True. Reason: Valid
[2026-07-04 05:32:40,911] INFO [weekendr.sync] [preference_interpreter.py:45]: AI Interpreter: Final structured preferences: {'city': 'Mumbai', 'group_type': 'Couple', 'preferences': ['Indoor'], 'area': 'Bandra', 'transportation_preference': None, 'budget': None, 'group_size': None, 'food_preferences': [], 'experience_template': 'Date Night', 'preferred_activities': [], 'accessibility_requirements': [], 'time_of_day': None, 'weather_preferences': [], 'duration_mins': None}
[2026-07-04 05:32:40,914] INFO [weekendr.sync] [logging.py:95]: Separated logging configuration loaded successfully.
[2026-07-04 05:32:40,915] INFO [app] [__init__.py:41]: Registered blueprint auth at /api/auth
[2026-07-04 05:32:40,915] INFO [app] [__init__.py:41]: Registered blueprint users at /api/users
[2026-07-04 05:32:40,915] INFO [app] [__init__.py:41]: Registered blueprint places at /api/places
[2026-07-04 05:32:40,917] INFO [app] [__init__.py:41]: Registered blueprint planner_api at /api
[2026-07-04 05:32:40,918] INFO [app] [__init__.py:41]: Registered blueprint memories at /api/memories
[2026-07-04 05:32:40,918] INFO [app] [__init__.py:41]: Registered blueprint maps at /api/maps
[2026-07-04 05:32:40,918] INFO [app] [__init__.py:41]: Registered blueprint assistant at /api/assistant
[2026-07-04 05:32:40,919] INFO [weekendr.sync] [preference_interpreter.py:23]: AI Interpreter: Input text received: 'We're four college friends looking for something fun around Baner under ₹2500.'
[2026-07-04 05:32:40,919] INFO [weekendr.sync] [preference_interpreter.py:35]: AI Interpreter: Parser validity: True. Reason: Valid
[2026-07-04 05:32:40,919] INFO [weekendr.sync] [preference_interpreter.py:45]: AI Interpreter: Final structured preferences: {'city': 'Pune', 'group_type': 'Friends', 'preferences': [], 'area': 'Baner', 'transportation_preference': None, 'budget': 2500.0, 'group_size': 4, 'food_preferences': [], 'experience_template': 'Game On', 'preferred_activities': [], 'accessibility_requirements': [], 'time_of_day': None, 'weather_preferences': [], 'duration_mins': None}
[2026-07-04 05:38:04,542] INFO [weekendr.sync] [logging.py:95]: Separated logging configuration loaded successfully.
[2026-07-04 05:38:04,554] INFO [app] [__init__.py:41]: Registered blueprint auth at /api/auth
[2026-07-04 05:38:04,554] INFO [app] [__init__.py:41]: Registered blueprint users at /api/users
[2026-07-04 05:38:04,555] INFO [app] [__init__.py:41]: Registered blueprint places at /api/places
[2026-07-04 05:38:04,556] INFO [app] [__init__.py:41]: Registered blueprint planner_api at /api
[2026-07-04 05:38:04,557] INFO [app] [__init__.py:41]: Registered blueprint memories at /api/memories
[2026-07-04 05:38:04,557] INFO [app] [__init__.py:41]: Registered blueprint maps at /api/maps
[2026-07-04 05:38:04,557] INFO [app] [__init__.py:41]: Registered blueprint assistant at /api/assistant
[2026-07-04 05:38:04,600] INFO [weekendr.sync] [duration_allocator.py:17]: Category durations config loaded. Count: 30
[2026-07-04 05:38:04,601] INFO [weekendr.sync] [editor.py:43]: Applying edit: Action: swap on Itinerary: test_itinerary_123
[2026-07-04 05:38:04,601] INFO [weekendr.sync] [editor.py:107]: Swapped stop index 0 with 1
[2026-07-04 05:38:23,370] INFO [weekendr.sync] [logging.py:95]: Separated logging configuration loaded successfully.
[2026-07-04 05:38:23,381] INFO [app] [__init__.py:41]: Registered blueprint auth at /api/auth
[2026-07-04 05:38:23,382] INFO [app] [__init__.py:41]: Registered blueprint users at /api/users
[2026-07-04 05:38:23,382] INFO [app] [__init__.py:41]: Registered blueprint places at /api/places
[2026-07-04 05:38:23,384] INFO [app] [__init__.py:41]: Registered blueprint planner_api at /api
[2026-07-04 05:38:23,385] INFO [app] [__init__.py:41]: Registered blueprint memories at /api/memories
[2026-07-04 05:38:23,385] INFO [app] [__init__.py:41]: Registered blueprint maps at /api/maps
[2026-07-04 05:38:23,385] INFO [app] [__init__.py:41]: Registered blueprint assistant at /api/assistant
[2026-07-04 05:38:23,427] INFO [weekendr.sync] [duration_allocator.py:17]: Category durations config loaded. Count: 30
[2026-07-04 05:38:23,427] INFO [weekendr.sync] [editor.py:43]: Applying edit: Action: swap on Itinerary: test_itinerary_123
[2026-07-04 05:38:23,427] INFO [weekendr.sync] [editor.py:107]: Swapped stop index 0 with 1
[2026-07-04 05:38:23,427] INFO [weekendr.sync] [editor.py:43]: Applying edit: Action: undo on Itinerary: test_itinerary_123
[2026-07-04 05:38:23,427] INFO [weekendr.sync] [history_manager.py:61]: History: Undo executed. Undo size: 0, Redo size: 1
[2026-07-04 05:38:23,427] INFO [weekendr.sync] [editor.py:43]: Applying edit: Action: replace on Itinerary: test_itinerary_123
[2026-07-04 05:38:23,441] INFO [weekendr.sync] [editor.py:82]: Smart replaced stop at index 0 with alternative: 'Blue Tokai'
[2026-07-04 05:38:30,729] INFO [weekendr.sync] [logging.py:95]: Separated logging configuration loaded successfully.
[2026-07-04 05:38:30,739] INFO [app] [__init__.py:41]: Registered blueprint auth at /api/auth
[2026-07-04 05:38:30,740] INFO [app] [__init__.py:41]: Registered blueprint users at /api/users
[2026-07-04 05:38:30,740] INFO [app] [__init__.py:41]: Registered blueprint places at /api/places
[2026-07-04 05:38:30,741] INFO [app] [__init__.py:41]: Registered blueprint planner_api at /api
[2026-07-04 05:38:30,742] INFO [app] [__init__.py:41]: Registered blueprint memories at /api/memories
[2026-07-04 05:38:30,742] INFO [app] [__init__.py:41]: Registered blueprint maps at /api/maps
[2026-07-04 05:38:30,742] INFO [app] [__init__.py:41]: Registered blueprint assistant at /api/assistant
[2026-07-04 05:38:30,801] INFO [weekendr.sync] [logging.py:95]: Separated logging configuration loaded successfully.
[2026-07-04 05:38:30,802] INFO [app] [__init__.py:41]: Registered blueprint auth at /api/auth
[2026-07-04 05:38:30,803] INFO [app] [__init__.py:41]: Registered blueprint users at /api/users
[2026-07-04 05:38:30,803] INFO [app] [__init__.py:41]: Registered blueprint places at /api/places
[2026-07-04 05:38:30,805] INFO [app] [__init__.py:41]: Registered blueprint planner_api at /api
[2026-07-04 05:38:30,805] INFO [app] [__init__.py:41]: Registered blueprint memories at /api/memories
[2026-07-04 05:38:30,805] INFO [app] [__init__.py:41]: Registered blueprint maps at /api/maps
[2026-07-04 05:38:30,806] INFO [app] [__init__.py:41]: Registered blueprint assistant at /api/assistant
[2026-07-04 05:38:30,825] INFO [weekendr.sync] [logging.py:95]: Separated logging configuration loaded successfully.
[2026-07-04 05:38:30,825] INFO [app] [__init__.py:41]: Registered blueprint auth at /api/auth
[2026-07-04 05:38:30,826] INFO [app] [__init__.py:41]: Registered blueprint users at /api/users
[2026-07-04 05:38:30,826] INFO [app] [__init__.py:41]: Registered blueprint places at /api/places
[2026-07-04 05:38:30,829] INFO [app] [__init__.py:41]: Registered blueprint planner_api at /api
[2026-07-04 05:38:30,829] INFO [app] [__init__.py:41]: Registered blueprint memories at /api/memories
[2026-07-04 05:38:30,829] INFO [app] [__init__.py:41]: Registered blueprint maps at /api/maps
[2026-07-04 05:38:30,830] INFO [app] [__init__.py:41]: Registered blueprint assistant at /api/assistant
[2026-07-04 05:38:30,857] INFO [weekendr.sync] [logging.py:95]: Separated logging configuration loaded successfully.
[2026-07-04 05:38:30,858] INFO [app] [__init__.py:41]: Registered blueprint auth at /api/auth
[2026-07-04 05:38:30,858] INFO [app] [__init__.py:41]: Registered blueprint users at /api/users
[2026-07-04 05:38:30,859] INFO [app] [__init__.py:41]: Registered blueprint places at /api/places
[2026-07-04 05:38:30,860] INFO [app] [__init__.py:41]: Registered blueprint planner_api at /api
[2026-07-04 05:38:30,862] INFO [app] [__init__.py:41]: Registered blueprint memories at /api/memories
[2026-07-04 05:38:30,862] INFO [app] [__init__.py:41]: Registered blueprint maps at /api/maps
[2026-07-04 05:38:30,863] INFO [app] [__init__.py:41]: Registered blueprint assistant at /api/assistant
[2026-07-04 05:38:30,881] INFO [weekendr.sync] [logging.py:95]: Separated logging configuration loaded successfully.
[2026-07-04 05:38:30,883] INFO [app] [__init__.py:41]: Registered blueprint auth at /api/auth
[2026-07-04 05:38:30,883] INFO [app] [__init__.py:41]: Registered blueprint users at /api/users
[2026-07-04 05:38:30,884] INFO [app] [__init__.py:41]: Registered blueprint places at /api/places
[2026-07-04 05:38:30,885] INFO [app] [__init__.py:41]: Registered blueprint planner_api at /api
[2026-07-04 05:38:30,886] INFO [app] [__init__.py:41]: Registered blueprint memories at /api/memories
[2026-07-04 05:38:30,886] INFO [app] [__init__.py:41]: Registered blueprint maps at /api/maps
[2026-07-04 05:38:30,887] INFO [app] [__init__.py:41]: Registered blueprint assistant at /api/assistant
[2026-07-04 05:38:30,909] INFO [weekendr.sync] [editor.py:43]: Applying edit: Action: replace on Itinerary: None
[2026-07-04 05:38:30,917] INFO [weekendr.sync] [logging.py:95]: Separated logging configuration loaded successfully.
[2026-07-04 05:38:30,918] INFO [app] [__init__.py:41]: Registered blueprint auth at /api/auth
[2026-07-04 05:38:30,918] INFO [app] [__init__.py:41]: Registered blueprint users at /api/users
[2026-07-04 05:38:30,919] INFO [app] [__init__.py:41]: Registered blueprint places at /api/places
[2026-07-04 05:38:30,921] INFO [app] [__init__.py:41]: Registered blueprint planner_api at /api
[2026-07-04 05:38:30,921] INFO [app] [__init__.py:41]: Registered blueprint memories at /api/memories
[2026-07-04 05:38:30,921] INFO [app] [__init__.py:41]: Registered blueprint maps at /api/maps
[2026-07-04 05:38:30,922] INFO [app] [__init__.py:41]: Registered blueprint assistant at /api/assistant
[2026-07-04 05:38:30,938] INFO [weekendr.sync] [recommendation_engine.py:25]: Recommendation request received: City: Pune, Area: Koregaon Park, Template: Coffee & Conversations, Budget: 2000.0
[2026-07-04 05:38:30,952] INFO [weekendr.sync] [recommendation_engine.py:189]: Recommendation generated successfully. Places count: 3, Estimated Budget: ₹1200.00
[2026-07-04 05:38:30,953] INFO [weekendr.sync] [composer.py:33]: Composing experience for Template 'Coffee & Conversations' with 3 places.
[2026-07-04 05:38:30,953] INFO [weekendr.sync] [composer.py:74]: Experience composed successfully. End Time: 19:21, Total Duration: 141 mins
[2026-07-04 05:38:30,957] INFO [weekendr.sync] [logging.py:95]: Separated logging configuration loaded successfully.
[2026-07-04 05:38:30,958] INFO [app] [__init__.py:41]: Registered blueprint auth at /api/auth
[2026-07-04 05:38:30,959] INFO [app] [__init__.py:41]: Registered blueprint users at /api/users
[2026-07-04 05:38:30,959] INFO [app] [__init__.py:41]: Registered blueprint places at /api/places
[2026-07-04 05:38:30,963] INFO [app] [__init__.py:41]: Registered blueprint planner_api at /api
[2026-07-04 05:38:30,963] INFO [app] [__init__.py:41]: Registered blueprint memories at /api/memories
[2026-07-04 05:38:30,968] INFO [app] [__init__.py:41]: Registered blueprint maps at /api/maps
[2026-07-04 05:38:30,968] INFO [app] [__init__.py:41]: Registered blueprint assistant at /api/assistant
[2026-07-09 00:03:55,396] INFO [weekendr.sync] [logging.py:95]: Separated logging configuration loaded successfully.
[2026-07-09 00:03:55,506] INFO [app] [__init__.py:41]: Registered blueprint auth at /api/auth
[2026-07-09 00:03:55,507] INFO [app] [__init__.py:41]: Registered blueprint users at /api/users
[2026-07-09 00:03:55,508] INFO [app] [__init__.py:41]: Registered blueprint places at /api/places
[2026-07-09 00:03:55,511] INFO [app] [__init__.py:41]: Registered blueprint planner_api at /api
[2026-07-09 00:03:55,512] INFO [app] [__init__.py:41]: Registered blueprint memories at /api/memories
[2026-07-09 00:03:55,513] INFO [app] [__init__.py:41]: Registered blueprint maps at /api/maps
[2026-07-09 00:03:55,513] INFO [app] [__init__.py:41]: Registered blueprint assistant at /api/assistant
[2026-07-09 00:03:55,895] INFO [weekendr.sync] [logging.py:95]: Separated logging configuration loaded successfully.
[2026-07-09 00:03:55,899] INFO [app] [__init__.py:41]: Registered blueprint auth at /api/auth
[2026-07-09 00:03:55,900] INFO [app] [__init__.py:41]: Registered blueprint users at /api/users
[2026-07-09 00:03:55,900] INFO [app] [__init__.py:41]: Registered blueprint places at /api/places
[2026-07-09 00:03:55,903] INFO [app] [__init__.py:41]: Registered blueprint planner_api at /api
[2026-07-09 00:03:55,903] INFO [app] [__init__.py:41]: Registered blueprint memories at /api/memories
[2026-07-09 00:03:55,904] INFO [app] [__init__.py:41]: Registered blueprint maps at /api/maps
[2026-07-09 00:03:55,904] INFO [app] [__init__.py:41]: Registered blueprint assistant at /api/assistant
[2026-07-09 00:03:56,108] INFO [weekendr.sync] [logging.py:95]: Separated logging configuration loaded successfully.
[2026-07-09 00:03:56,109] INFO [app] [__init__.py:41]: Registered blueprint auth at /api/auth
[2026-07-09 00:03:56,109] INFO [app] [__init__.py:41]: Registered blueprint users at /api/users
[2026-07-09 00:03:56,110] INFO [app] [__init__.py:41]: Registered blueprint places at /api/places
[2026-07-09 00:03:56,111] INFO [app] [__init__.py:41]: Registered blueprint planner_api at /api
[2026-07-09 00:03:56,111] INFO [app] [__init__.py:41]: Registered blueprint memories at /api/memories
[2026-07-09 00:03:56,112] INFO [app] [__init__.py:41]: Registered blueprint maps at /api/maps
[2026-07-09 00:03:56,112] INFO [app] [__init__.py:41]: Registered blueprint assistant at /api/assistant
[2026-07-09 00:04:20,211] INFO [weekendr.sync] [logging.py:95]: Separated logging configuration loaded successfully.
[2026-07-09 00:04:20,229] INFO [app] [__init__.py:41]: Registered blueprint auth at /api/auth
[2026-07-09 00:04:20,230] INFO [app] [__init__.py:41]: Registered blueprint users at /api/users
[2026-07-09 00:04:20,231] INFO [app] [__init__.py:41]: Registered blueprint places at /api/places
[2026-07-09 00:04:20,234] INFO [app] [__init__.py:41]: Registered blueprint planner_api at /api
[2026-07-09 00:04:20,234] INFO [app] [__init__.py:41]: Registered blueprint memories at /api/memories
[2026-07-09 00:04:20,235] INFO [app] [__init__.py:41]: Registered blueprint maps at /api/maps
[2026-07-09 00:04:20,235] INFO [app] [__init__.py:41]: Registered blueprint assistant at /api/assistant
[2026-07-09 00:04:20,660] INFO [weekendr.sync] [logging.py:95]: Separated logging configuration loaded successfully.
[2026-07-09 00:04:20,662] INFO [app] [__init__.py:41]: Registered blueprint auth at /api/auth
[2026-07-09 00:04:20,663] INFO [app] [__init__.py:41]: Registered blueprint users at /api/users
[2026-07-09 00:04:20,664] INFO [app] [__init__.py:41]: Registered blueprint places at /api/places
[2026-07-09 00:04:20,669] INFO [app] [__init__.py:41]: Registered blueprint planner_api at /api
[2026-07-09 00:04:20,669] INFO [app] [__init__.py:41]: Registered blueprint memories at /api/memories
[2026-07-09 00:04:20,670] INFO [app] [__init__.py:41]: Registered blueprint maps at /api/maps
[2026-07-09 00:04:20,670] INFO [app] [__init__.py:41]: Registered blueprint assistant at /api/assistant
[2026-07-09 00:04:20,942] INFO [weekendr.sync] [logging.py:95]: Separated logging configuration loaded successfully.
[2026-07-09 00:04:20,944] INFO [app] [__init__.py:41]: Registered blueprint auth at /api/auth
[2026-07-09 00:04:20,945] INFO [app] [__init__.py:41]: Registered blueprint users at /api/users
[2026-07-09 00:04:20,945] INFO [app] [__init__.py:41]: Registered blueprint places at /api/places
[2026-07-09 00:04:20,949] INFO [app] [__init__.py:41]: Registered blueprint planner_api at /api
[2026-07-09 00:04:20,950] INFO [app] [__init__.py:41]: Registered blueprint memories at /api/memories
[2026-07-09 00:04:20,951] INFO [app] [__init__.py:41]: Registered blueprint maps at /api/maps
[2026-07-09 00:04:20,952] INFO [app] [__init__.py:41]: Registered blueprint assistant at /api/assistant
[2026-07-09 00:41:07,759] INFO [weekendr.sync] [logging.py:95]: Separated logging configuration loaded successfully.
[2026-07-09 00:41:07,775] INFO [app] [__init__.py:41]: Registered blueprint auth at /api/auth
[2026-07-09 00:41:07,775] INFO [app] [__init__.py:41]: Registered blueprint users at /api/users
[2026-07-09 00:41:07,775] INFO [app] [__init__.py:41]: Registered blueprint places at /api/places
[2026-07-09 00:41:07,777] INFO [app] [__init__.py:41]: Registered blueprint planner_api at /api
[2026-07-09 00:41:07,779] INFO [app] [__init__.py:41]: Registered blueprint memories at /api/memories
[2026-07-09 00:41:07,780] INFO [app] [__init__.py:41]: Registered blueprint maps at /api/maps
[2026-07-09 00:41:07,780] INFO [app] [__init__.py:41]: Registered blueprint assistant at /api/assistant
[2026-07-09 00:48:48,619] INFO [weekendr.sync] [logging.py:95]: Separated logging configuration loaded successfully.
[2026-07-09 00:48:48,641] INFO [app] [__init__.py:41]: Registered blueprint auth at /api/auth
[2026-07-09 00:48:48,642] INFO [app] [__init__.py:41]: Registered blueprint users at /api/users
[2026-07-09 00:48:48,642] INFO [app] [__init__.py:41]: Registered blueprint places at /api/places
[2026-07-09 00:48:48,644] INFO [app] [__init__.py:41]: Registered blueprint planner_api at /api
[2026-07-09 00:48:48,645] INFO [app] [__init__.py:41]: Registered blueprint memories at /api/memories
[2026-07-09 00:48:48,645] INFO [app] [__init__.py:41]: Registered blueprint maps at /api/maps
[2026-07-09 00:48:48,646] INFO [app] [__init__.py:41]: Registered blueprint assistant at /api/assistant
[2026-07-09 00:48:48,647] INFO [app] [__init__.py:41]: Registered blueprint live_day at /api/live-day
[2026-07-09 07:21:19,349] INFO [weekendr.sync] [logging.py:95]: Separated logging configuration loaded successfully.
[2026-07-09 07:21:19,368] INFO [app] [__init__.py:41]: Registered blueprint auth at /api/auth
[2026-07-09 07:21:19,369] INFO [app] [__init__.py:41]: Registered blueprint users at /api/users
[2026-07-09 07:21:19,369] INFO [app] [__init__.py:41]: Registered blueprint places at /api/places
[2026-07-09 07:21:19,373] INFO [app] [__init__.py:41]: Registered blueprint planner_api at /api
[2026-07-09 07:21:19,375] INFO [app] [__init__.py:41]: Registered blueprint memories at /api/memories
[2026-07-09 07:21:19,375] INFO [app] [__init__.py:41]: Registered blueprint maps at /api/maps
[2026-07-09 07:21:19,376] INFO [app] [__init__.py:41]: Registered blueprint assistant at /api/assistant
[2026-07-09 07:21:19,377] INFO [app] [__init__.py:41]: Registered blueprint live_day at /api/live-day
[2026-07-09 07:21:19,381] INFO [app] [__init__.py:41]: Registered blueprint explore at /api/explore
[2026-07-09 07:21:36,495] INFO [weekendr.sync] [logging.py:95]: Separated logging configuration loaded successfully.
[2026-07-09 07:21:36,516] INFO [app] [__init__.py:41]: Registered blueprint auth at /api/auth
[2026-07-09 07:21:36,517] INFO [app] [__init__.py:41]: Registered blueprint users at /api/users
[2026-07-09 07:21:36,518] INFO [app] [__init__.py:41]: Registered blueprint places at /api/places
[2026-07-09 07:21:36,522] INFO [app] [__init__.py:41]: Registered blueprint planner_api at /api
[2026-07-09 07:21:36,526] INFO [app] [__init__.py:41]: Registered blueprint memories at /api/memories
[2026-07-09 07:21:36,527] INFO [app] [__init__.py:41]: Registered blueprint maps at /api/maps
[2026-07-09 07:21:36,527] INFO [app] [__init__.py:41]: Registered blueprint assistant at /api/assistant
[2026-07-09 07:21:36,530] INFO [app] [__init__.py:41]: Registered blueprint live_day at /api/live-day
[2026-07-09 07:21:36,533] INFO [app] [__init__.py:41]: Registered blueprint explore at /api/explore
[2026-07-09 07:21:59,866] INFO [weekendr.sync] [logging.py:95]: Separated logging configuration loaded successfully.
[2026-07-09 07:21:59,889] INFO [app] [__init__.py:41]: Registered blueprint auth at /api/auth
[2026-07-09 07:21:59,890] INFO [app] [__init__.py:41]: Registered blueprint users at /api/users
[2026-07-09 07:21:59,891] INFO [app] [__init__.py:41]: Registered blueprint places at /api/places
[2026-07-09 07:21:59,895] INFO [app] [__init__.py:41]: Registered blueprint planner_api at /api
[2026-07-09 07:21:59,898] INFO [app] [__init__.py:41]: Registered blueprint memories at /api/memories
[2026-07-09 07:21:59,898] INFO [app] [__init__.py:41]: Registered blueprint maps at /api/maps
[2026-07-09 07:21:59,899] INFO [app] [__init__.py:41]: Registered blueprint assistant at /api/assistant
[2026-07-09 07:21:59,902] INFO [app] [__init__.py:41]: Registered blueprint live_day at /api/live-day
[2026-07-09 07:21:59,905] INFO [app] [__init__.py:41]: Registered blueprint explore at /api/explore
[2026-07-09 07:22:17,873] INFO [weekendr.sync] [logging.py:95]: Separated logging configuration loaded successfully.
[2026-07-09 07:22:17,891] INFO [app] [__init__.py:41]: Registered blueprint auth at /api/auth
[2026-07-09 07:22:17,892] INFO [app] [__init__.py:41]: Registered blueprint users at /api/users
[2026-07-09 07:22:17,893] INFO [app] [__init__.py:41]: Registered blueprint places at /api/places
[2026-07-09 07:22:17,895] INFO [app] [__init__.py:41]: Registered blueprint planner_api at /api
[2026-07-09 07:22:17,898] INFO [app] [__init__.py:41]: Registered blueprint memories at /api/memories
[2026-07-09 07:22:17,899] INFO [app] [__init__.py:41]: Registered blueprint maps at /api/maps
[2026-07-09 07:22:17,900] INFO [app] [__init__.py:41]: Registered blueprint assistant at /api/assistant
[2026-07-09 07:22:17,903] INFO [app] [__init__.py:41]: Registered blueprint live_day at /api/live-day
[2026-07-09 07:22:17,906] INFO [app] [__init__.py:41]: Registered blueprint explore at /api/explore
[2026-07-09 12:54:33,363] INFO [weekendr.sync] [logging.py:95]: Separated logging configuration loaded successfully.
[2026-07-09 12:54:33,398] INFO [app] [__init__.py:41]: Registered blueprint auth at /api/auth
[2026-07-09 12:54:33,399] INFO [app] [__init__.py:41]: Registered blueprint users at /api/users
[2026-07-09 12:54:33,399] INFO [app] [__init__.py:41]: Registered blueprint places at /api/places
[2026-07-09 12:54:33,402] INFO [app] [__init__.py:41]: Registered blueprint planner_api at /api
[2026-07-09 12:54:33,405] INFO [app] [__init__.py:41]: Registered blueprint memories at /api/memories
[2026-07-09 12:54:33,405] INFO [app] [__init__.py:41]: Registered blueprint maps at /api/maps
[2026-07-09 12:54:33,406] INFO [app] [__init__.py:41]: Registered blueprint assistant at /api/assistant
[2026-07-09 12:54:33,410] INFO [app] [__init__.py:41]: Registered blueprint live_day at /api/live-day
[2026-07-09 12:54:33,412] INFO [app] [__init__.py:41]: Registered blueprint explore at /api/explore
[2026-07-09 12:54:33,414] INFO [app] [__init__.py:41]: Registered blueprint notifications at /api/notifications
[2026-07-09 20:23:42,783] INFO [weekendr.sync] [logging.py:95]: Separated logging configuration loaded successfully.
[2026-07-09 20:23:43,150] INFO [app] [__init__.py:41]: Registered blueprint auth at /api/auth
[2026-07-09 20:23:43,152] INFO [app] [__init__.py:41]: Registered blueprint users at /api/users
[2026-07-09 20:23:43,152] INFO [app] [__init__.py:41]: Registered blueprint places at /api/places
[2026-07-09 20:23:43,156] INFO [app] [__init__.py:41]: Registered blueprint planner_api at /api
[2026-07-09 20:23:43,158] INFO [app] [__init__.py:41]: Registered blueprint memories at /api/memories
[2026-07-09 20:23:43,159] INFO [app] [__init__.py:41]: Registered blueprint maps at /api/maps
[2026-07-09 20:23:43,160] INFO [app] [__init__.py:41]: Registered blueprint assistant at /api/assistant
[2026-07-09 20:23:43,163] INFO [app] [__init__.py:41]: Registered blueprint live_day at /api/live-day
[2026-07-09 20:23:43,166] INFO [app] [__init__.py:41]: Registered blueprint explore at /api/explore
[2026-07-09 20:23:43,170] INFO [app] [__init__.py:41]: Registered blueprint notifications at /api/notifications
[2026-07-09 20:23:43,171] INFO [app] [run.py:13]: Starting WEEKENDR Flask backend on port 5000
[2026-07-09 20:23:44,202] INFO [weekendr.sync] [logging.py:95]: Separated logging configuration loaded successfully.
[2026-07-09 20:23:44,215] INFO [app] [__init__.py:41]: Registered blueprint auth at /api/auth
[2026-07-09 20:23:44,215] INFO [app] [__init__.py:41]: Registered blueprint users at /api/users
[2026-07-09 20:23:44,216] INFO [app] [__init__.py:41]: Registered blueprint places at /api/places
[2026-07-09 20:23:44,217] INFO [app] [__init__.py:41]: Registered blueprint planner_api at /api
[2026-07-09 20:23:44,219] INFO [app] [__init__.py:41]: Registered blueprint memories at /api/memories
[2026-07-09 20:23:44,220] INFO [app] [__init__.py:41]: Registered blueprint maps at /api/maps
[2026-07-09 20:23:44,221] INFO [app] [__init__.py:41]: Registered blueprint assistant at /api/assistant
[2026-07-09 20:23:44,222] INFO [app] [__init__.py:41]: Registered blueprint live_day at /api/live-day
[2026-07-09 20:23:44,224] INFO [app] [__init__.py:41]: Registered blueprint explore at /api/explore
[2026-07-09 20:23:44,225] INFO [app] [__init__.py:41]: Registered blueprint notifications at /api/notifications
[2026-07-09 20:23:44,225] INFO [app] [run.py:13]: Starting WEEKENDR Flask backend on port 5000
